{"units": [{"weight": 1, "show_contents_on_one_page": false, "labels": "", "unit_header": "", "href": null, "post_assessment": null, "workflow_yaml": "grader: auto\n", "availability": "public", "description": "In this unit, you will begin your journey with a walk through the simple skills every journalist needs for reporting in the digital age. You will learn a broad range of practical tools that you can use immediately. ", "title": "Google Research Fundamentals", "unit_id": 1, "type": "U", "custom_unit_type": null, "manual_progress": false, "pre_assessment": null, "properties": {}, "unit_footer": "Rewiring Journalists for the Digital Age\u003Cbr\u003E", "html_check_answers": false, "html_content": null, "release_date": "", "html_review_form": null, "shown_when_unavailable": false}, {"weight": 1.0, "show_contents_on_one_page": false, "labels": "", "unit_header": null, "href": null, "post_assessment": null, "workflow_yaml": "{grader: auto, matcher: peer, review_due_date: null, review_min_count: 0, review_window_mins: 0,\n  show_feedback: false, single_submission: true, submission_due_date: null}\n", "availability": "public", "description": "", "title": "End Unit Quiz", "unit_id": 8, "type": "A", "custom_unit_type": null, "manual_progress": false, "pre_assessment": null, "properties": {}, "unit_footer": null, "html_check_answers": false, "html_content": "\u003Cquestion quid=\"5642554087309312\" qu_type=\"null\" weight=\"\" instanceid=\"vpXFixFjo6TL\"\u003E\u003C/question\u003E\u003Cbr\u003E\u003Cbr\u003E\u003Cimg class=\"quiz-card__media__content ng-scope\" src=\"https://newslab.withgoogle.com/assets/img/quiz/6537916658483200/1.jpg\" style=\"width: 1017px; height: 1017px;\"\u003E\u003Cbr\u003E\u003Cbr\u003E\u003Cquestion quid=\"5714163003293696\" qu_type=\"null\" weight=\"\" instanceid=\"GCZPKApHSwQC\"\u003E\u003C/question\u003E\u003Cbr\u003E\u003Cbr\u003E\u003Cimg class=\"quiz-card__media__content ng-scope\" src=\"https://newslab.withgoogle.com/assets/img/quiz/6537916658483200/2.jpg\"\u003E\u003Cbr\u003E\u003Cbr\u003E\u003Cquestion quid=\"5668600916475904\" qu_type=\"null\" weight=\"\" instanceid=\"trtwl5PmeHsE\"\u003E\u003C/question\u003E\u003Cbr\u003E\u003Cbr\u003E\u003Cimg class=\"quiz-card__media__content ng-scope\" src=\"https://newslab.withgoogle.com/assets/img/quiz/6537916658483200/3.jpg\"\u003E\u003Cbr\u003E\u003Cbr\u003E\u003Cquestion quid=\"5730082031140864\" qu_type=\"null\" weight=\"\" instanceid=\"QIcC8E37IU8b\"\u003E\u003C/question\u003E\u003Cbr\u003E\u003Cbr\u003E\u003Cimg class=\"quiz-card__media__content ng-scope\" src=\"https://newslab.withgoogle.com/assets/img/quiz/6537916658483200/4.jpg\"\u003E\u003Cbr\u003E\u003Cbr\u003E\u003Cquestion quid=\"5206065687822336\" qu_type=\"null\" weight=\"\" instanceid=\"h1MX4Hxi6HGO\"\u003E\u003C/question\u003E\u003Cbr\u003E\u003Cbr\u003E\u003Cimg class=\"quiz-card__media__content ng-scope\" src=\"https://newslab.withgoogle.com/assets/img/quiz/4781275034419200/1.jpg\"\u003E\u003Cbr\u003E\u003Cbr\u003E\u003Cquestion quid=\"5675267779461120\" qu_type=\"null\" weight=\"\" instanceid=\"StQId5zfImJ6\"\u003E\u003C/question\u003E\u003Cbr\u003E\u003Cbr\u003E\u003Cimg class=\"quiz-card__media__content ng-scope\" src=\"https://newslab.withgoogle.com/assets/img/quiz/4781275034419200/2.jpg\"\u003E\u003Cbr\u003E\u003Cbr\u003E\u003Cquestion quid=\"5715999101812736\" qu_type=\"null\" weight=\"\" instanceid=\"xLTdUrZQWSbF\"\u003E\u003C/question\u003E\u003Cbr\u003E\u003Cbr\u003E\u003Cimg class=\"quiz-card__media__content ng-scope\" src=\"https://newslab.withgoogle.com/assets/img/quiz/4781275034419200/3.jpg\"\u003E\u003Cbr\u003E\u003Cbr\u003E\u003Cquestion quid=\"5741031244955648\" qu_type=\"null\" weight=\"\" instanceid=\"WCAMMtGo6daK\"\u003E\u003C/question\u003E\u003Cbr\u003E\u003Cbr\u003E\u003Cimg class=\"quiz-card__media__content ng-scope\" src=\"https://newslab.withgoogle.com/assets/img/quiz/4781275034419200/4.jpg\"\u003E\u003Cbr\u003E\u003Cbr\u003E\u003Cquestion quid=\"5167132077719552\" qu_type=\"null\" weight=\"\" instanceid=\"11TX4byfXlYO\"\u003E\u003C/question\u003E\u003Cbr\u003E\u003Cbr\u003E\u003Cimg class=\"quiz-card__media__content ng-scope\" src=\"https://newslab.withgoogle.com/assets/img/quiz/4781275034419200/5.jpg\"\u003E\u003Cbr\u003E\u003Cbr\u003E\u003Cquestion quid=\"5750790484393984\" qu_type=\"null\" weight=\"\" instanceid=\"ypIUHbNsothf\"\u003E\u003C/question\u003E\u003Cbr\u003E\u003Cbr\u003E\u003Cimg class=\"quiz-card__media__content ng-scope\" src=\"https://newslab.withgoogle.com/assets/img/quiz/6507480104304640/1.jpg\"\u003E\u003Cbr\u003E\u003Cbr\u003E\u003Cquestion quid=\"5659118702428160\" qu_type=\"null\" weight=\"\" instanceid=\"PWbmKI2Uusg9\"\u003E\u003C/question\u003E\u003Cbr\u003E\u003Cbr\u003E\u003Cimg class=\"quiz-card__media__content ng-scope\" src=\"https://newslab.withgoogle.com/assets/img/quiz/6507480104304640/2.jpg\"\u003E\u003Cbr\u003E\u003Cbr\u003E\u003Cquestion quid=\"5176457257025536\" qu_type=\"null\" weight=\"\" instanceid=\"LN8tXZWPcdFZ\"\u003E\u003C/question\u003E\u003Cbr\u003E\u003Cbr\u003E\u003Cimg class=\"quiz-card__media__content ng-scope\" src=\"https://newslab.withgoogle.com/assets/img/quiz/6507480104304640/3.jpg\"\u003E\u003Cbr\u003E\u003Cbr\u003E\u003Cquestion quid=\"5676073085829120\" qu_type=\"null\" weight=\"\" instanceid=\"07QylcODpeyZ\"\u003E\u003C/question\u003E\u003Cbr\u003E\u003Cbr\u003E\u003Cimg class=\"quiz-card__media__content ng-scope\" src=\"https://newslab.withgoogle.com/assets/img/quiz/6507480104304640/4.jpg\"\u003E\u003Cbr\u003E\u003Cbr\u003E\u003Cquestion quid=\"5697423099822080\" qu_type=\"mc\" weight=\"\" instanceid=\"pGtiYVWsWyJa\"\u003E\u003C/question\u003E\u003Cbr\u003E\u003Cbr\u003E\u003Cimg class=\"quiz-card__media__content ng-scope\" src=\"https://newslab.withgoogle.com/assets/img/quiz/6507480104304640/5.jpg\"\u003E\u003Cbr\u003E\u003Cbr\u003E\u003Cquestion quid=\"5705241014042624\" qu_type=\"null\" weight=\"\" instanceid=\"cq2sd9lU7yZo\"\u003E\u003C/question\u003E\u003Cbr\u003E\u003Cbr\u003E\u003Cimg class=\"quiz-card__media__content ng-scope\" src=\"https://newslab.withgoogle.com/assets/img/quiz/6443925862612992/1.jpg\"\u003E\u003Cbr\u003E\u003Cbr\u003E\u003Cquestion quid=\"5187840530972672\" qu_type=\"null\" weight=\"\" instanceid=\"ZSzJN0oRXvcv\"\u003E\u003C/question\u003E\u003Cbr\u003E\u003Cbr\u003E\u003Cimg class=\"quiz-card__media__content ng-scope\" src=\"https://newslab.withgoogle.com/assets/img/quiz/6443925862612992/2.jpg\"\u003E\u003Cbr\u003E\u003Cquestion quid=\"5652786310021120\" qu_type=\"null\" weight=\"\" instanceid=\"p2Ld07GeQSZd\"\u003E\u003C/question\u003E\u003Cbr\u003E\u003Cbr\u003E\u003Cimg class=\"quiz-card__media__content ng-scope\" src=\"https://newslab.withgoogle.com/assets/img/quiz/6443925862612992/3.jpg\"\u003E\u003Cbr\u003E\u003Cbr\u003E\u003Cquestion quid=\"5105650963054592\" qu_type=\"null\" weight=\"\" instanceid=\"7oZP5zIC4Hli\"\u003E\u003C/question\u003E\u003Cbr\u003E\u003Cbr\u003E\u003Cimg class=\"quiz-card__media__content ng-scope\" src=\"https://newslab.withgoogle.com/assets/img/quiz/6443925862612992/4.jpg\"\u003E\u003Cbr\u003E\u003Cbr\u003E\u003Cquestion quid=\"5129512190738432\" qu_type=\"null\" weight=\"\" instanceid=\"byDksiSXfibq\"\u003E\u003C/question\u003E\u003Cbr\u003E\u003Cbr\u003E\u003Cimg class=\"quiz-card__media__content ng-scope\" src=\"https://newslab.withgoogle.com/assets/img/quiz/6443925862612992/5.jpg\"\u003E\u003Cbr\u003E\u003Cbr\u003E\u003Cquestion quid=\"5730827476402176\" qu_type=\"null\" weight=\"\" instanceid=\"BhBpptnamxfX\"\u003E\u003C/question\u003E\u003Cbr\u003E\u003Cbr\u003E\u003Cimg class=\"quiz-card__media__content ng-scope\" src=\"https://newslab.withgoogle.com/assets/img/quiz/5807382718316544/1.jpg\"\u003E\u003Cbr\u003E\u003Cbr\u003E\u003Cquestion quid=\"6255412097581056\" qu_type=\"null\" weight=\"\" instanceid=\"U1CrMcuYOhQr\"\u003E\u003C/question\u003E\u003Cbr\u003E\u003Cbr\u003E\u003Cimg class=\"quiz-card__media__content ng-scope\" src=\"https://newslab.withgoogle.com/assets/img/quiz/5807382718316544/2.jpg\"\u003E\u003Cbr\u003E\u003Cbr\u003E\u003Cquestion quid=\"5749328048029696\" qu_type=\"mc\" weight=\"\" instanceid=\"wTtgP6uxhPKo\"\u003E\u003C/question\u003E\u003Cbr\u003E\u003Cbr\u003E\u003Cimg class=\"quiz-card__media__content ng-scope\" src=\"https://newslab.withgoogle.com/assets/img/quiz/5807382718316544/3.jpg\"\u003E\u003Cbr\u003E\u003Cbr\u003E\u003Cquestion quid=\"5162157834502144\" qu_type=\"mc\" weight=\"\" instanceid=\"peiWhJyRH1iU\"\u003E\u003C/question\u003E\u003Cbr\u003E\u003Cbr\u003E\u003Cimg class=\"quiz-card__media__content ng-scope\" src=\"https://newslab.withgoogle.com/assets/img/quiz/5807382718316544/4.jpg\"\u003E\u003Cbr\u003E\u003Cbr\u003E\u003Cbr\u003E\u003Cspan class=\"quiz-card__choice__text ng-binding\"\u003E\u003C/span\u003E\n                    ", "release_date": "", "html_review_form": null, "shown_when_unavailable": false}], "lessons": [{"scored": false, "title": "Optimizing Google Search Results", "has_activity": false, "objectives": "\u003Cdiv class=\"lesson-card__text__title ng-binding ng-scope\"\u003E\u003Ch1\u003E\u003Ch1\u003E\u003Ch6\u003E\u003Ch1\u003E\u003Cspan class=\"yui-tag-span yui-tag\" tag=\"span\" style=\"font-size: 13px;\"\u003E\u003Cspan class=\"yui-tag-span yui-tag\" tag=\"span\" style=\"font-size: 12px;\"\u003EFind exactly what you\u2019re looking for.\u003C/span\u003E\u003C/span\u003E\u003Cspan class=\"yui-tag-span yui-tag\" tag=\"span\" style=\"font-size: 13px;\"\u003E\u003Cspan class=\"yui-tag-span yui-tag\" tag=\"span\" style=\"font-size: 12px;\"\u003E\u003C/span\u003E\u003C/span\u003E\u003Cspan class=\"yui-tag-span yui-tag\" tag=\"span\" style=\"font-size: 13px;\"\u003E\u003Cspan class=\"yui-tag-span yui-tag\" tag=\"span\" style=\"font-size: 12px;\"\u003E\u003C/span\u003E\u003C/span\u003E\u003C/h1\u003E\u003Ch1\u003E\u003Cspan class=\"yui-tag-span yui-tag\" tag=\"span\" style=\"font-size: 13px;\"\u003E\u003Cspan class=\"yui-tag-span yui-tag\" tag=\"span\" style=\"font-size: 12px;\"\u003EJournalists for publications all over the world use Google Search every day but many aren\u2019t getting the most out of it.\u003C/span\u003E\u003C/span\u003E\u003Cspan class=\"yui-tag-span yui-tag\" tag=\"span\" style=\"font-size: 13px;\"\u003E\u003Cspan class=\"yui-tag-span yui-tag\" tag=\"span\" style=\"font-size: 12px;\"\u003E\u003C/span\u003E\u003C/span\u003E\u003Cspan class=\"yui-tag-span yui-tag\" tag=\"span\" style=\"font-size: 13px;\"\u003E\u003Cspan class=\"yui-tag-span yui-tag\" tag=\"span\" style=\"font-size: 12px;\"\u003E\n\n\u003C/span\u003E\u003C/span\u003E\u003C/h1\u003E\u003C/h6\u003E\u003C/h1\u003E\u003C/h1\u003E\u003C/div\u003E\u003Cp\u003E\u003Cspan class=\"yui-tag-span yui-tag\" tag=\"span\" style=\"font-size: 13px;\"\u003E\u003Cspan class=\"yui-tag-span yui-tag\" tag=\"span\" style=\"font-size: 12px;\"\u003EBy taking advantage of helpful features built right within Search, \nyou\u2019ll get better results, faster. Instead of typing paragraph-long \nsearch queries that generate irrelevant results, you can narrow or \nrefine your searches to find more of what you\u2019re actually looking for.\u003C/span\u003E\u003C/span\u003E\u003C/p\u003E\u003Cdiv style=\"left: 117.36px; top: 239.165px; font-size: 18.3333px; transform: scaleX(1.00778);\"\u003E\u003Cspan class=\"yui-tag-span yui-tag\" tag=\"span\" style=\"font-size: 12px;\"\u003E\u003Cbr\u003E\u003C/span\u003E\u003C/div\u003E\u003Cdiv style=\"left: 117.36px; top: 239.165px; font-size: 18.3333px; transform: scaleX(1.00778);\"\u003E\u003Cspan class=\"yui-tag-span yui-tag\" tag=\"span\" style=\"font-size: 12px;\"\u003E\u003Cimg class=\"lesson-card__media__content ng-scope\" src=\"https://storage.googleapis.com/gweb-newslab.appspot.com/upload/NL_AdvancedSearch_01_F.jpg\" style=\"width: 821px; height: 821px;\"\u003E\u003C/span\u003E\u003C/div\u003E\u003Cdiv style=\"left: 117.36px; top: 239.165px; font-size: 18.3333px; transform: scaleX(1.00778);\"\u003E\u003Ch2\u003E\u003Cspan class=\"yui-tag-span yui-tag\" tag=\"span\" style=\"font-size: 12px;\"\u003E\u003Cbr\u003E\u003C/span\u003E\u003C/h2\u003E\u003C/div\u003E\u003Cdiv style=\"left: 117.36px; top: 239.165px; font-size: 18.3333px; transform: scaleX(1.00778);\"\u003E\u003Cdiv class=\"lesson-card__text__title ng-binding ng-scope\"\u003E\u003Ch2\u003E\u003Cspan class=\"yui-tag-span yui-tag\" tag=\"span\" style=\"font-size: 12px;\"\u003E\u003Cspan class=\"yui-tag-span yui-tag\" tag=\"span\" style=\"font-size: 16px;\"\u003E\u003Cspan class=\"yui-tag-span yui-tag\" tag=\"span\" style=\"font-size: 13px;\"\u003E\u003Cspan class=\"yui-tag-span yui-tag\" tag=\"span\" style=\"font-size: 12px;\"\u003E\u003Cspan class=\"yui-tag-span yui-tag\" tag=\"span\" style=\"font-size: 13px;\"\u003E\u003Cspan class=\"yui-tag-span yui-tag\" tag=\"span\" style=\"font-size: 14px;\"\u003E\u003Cspan class=\"yui-tag-span yui-tag\" tag=\"span\" style=\"font-size: 15px;\"\u003E\u003Cspan class=\"yui-tag-span yui-tag\" tag=\"span\" style=\"font-size: 16px;\"\u003E\u003Cspan class=\"yui-tag-span yui-tag\" tag=\"span\" style=\"font-size: 17px;\"\u003E\u003Cspan class=\"yui-tag-span yui-tag\" tag=\"span\" style=\"font-size: 18px;\"\u003E\u003Cspan class=\"yui-tag-span yui-tag\" tag=\"span\" style=\"font-size: 18px;\"\u003E\u003Cspan class=\"yui-tag-span yui-tag\" tag=\"span\" style=\"font-size: 17px;\"\u003ESearch for this. Not that.\u003C/span\u003E\u003C/span\u003E\u003C/span\u003E\u003C/span\u003E\u003C/span\u003E\u003C/span\u003E\u003C/span\u003E\u003C/span\u003E\u003C/span\u003E\u003C/span\u003E\u003C/span\u003E\u003C/span\u003E\u003C/h2\u003E\u003C/div\u003E\u003Cspan class=\"yui-tag-span yui-tag\" tag=\"span\" style=\"font-size: 12px;\"\u003E\u003Cspan class=\"yui-tag-span yui-tag\" tag=\"span\" style=\"font-size: 16px;\"\u003E\u003Cspan class=\"yui-tag-span yui-tag\" tag=\"span\" style=\"font-size: 18px;\"\u003E\u003Cspan class=\"yui-tag-span yui-tag\" tag=\"span\" style=\"font-size: 17px;\"\u003E\n            \u003C/span\u003E\u003C/span\u003E\u003C/span\u003E\u003C/span\u003E\u003Cdiv class=\"lesson-card__text__body ng-binding ng-scope\"\u003E\u003Cdiv\u003E\u003Cdiv\u003E\u003Cspan class=\"yui-tag-span yui-tag\" tag=\"span\" style=\"font-size: 12px;\"\u003E\u003Cspan class=\"yui-tag-span yui-tag\" tag=\"span\" style=\"font-size: 18px;\"\u003E\u003Cspan class=\"yui-tag-span yui-tag\" tag=\"span\" style=\"font-size: 16px;\"\u003E\u003Cspan class=\"yui-tag-span yui-tag\" tag=\"span\" style=\"font-size: 18px;\"\u003E\u003Cspan class=\"yui-tag-span yui-tag\" tag=\"span\" style=\"font-size: 17px;\"\u003ESometimes\n finding the specific information you need means filtering out what \nisn\u2019t useful. Adding modifiers to your search is a powerful way to focus\n on just what you\u2019re looking for.\u003C/span\u003E\u003C/span\u003E\u003C/span\u003E\u003C/span\u003E\u003C/span\u003E\u003C/div\u003E\u003C/div\u003E\u003C/div\u003E\u003Cspan class=\"yui-tag-span yui-tag\" tag=\"span\" style=\"font-size: 12px;\"\u003E\u003Cspan class=\"yui-tag-span yui-tag\" tag=\"span\" style=\"font-size: 18px;\"\u003E\u003Cspan class=\"yui-tag-span yui-tag\" tag=\"span\" style=\"font-size: 16px;\"\u003E\u003Cspan class=\"yui-tag-span yui-tag\" tag=\"span\" style=\"font-size: 18px;\"\u003E\u003Cspan class=\"yui-tag-span yui-tag\" tag=\"span\" style=\"font-size: 17px;\"\u003E\n            \n            \n            \n                \u003C/span\u003E\u003C/span\u003E\u003C/span\u003E\u003C/span\u003E\u003C/span\u003E\u003Cul class=\"lesson-card__toggle__list\"\u003E\u003Cli class=\"lesson-card__toggle__list__item ng-scope video\"\u003E\n                        \u003Cdiv class=\"lesson-card__toggle__list__item__link ng-binding active\" role=\"button\" tabindex=\"0\"\u003E\u003Cdiv\u003E\u003Cdiv\u003E\u003Cspan class=\"yui-tag-span yui-tag\" tag=\"span\" style=\"font-size: 12px;\"\u003E\u003Cspan class=\"yui-tag-span yui-tag\" tag=\"span\" style=\"font-size: 18px;\"\u003E\u003Cspan class=\"yui-tag-span yui-tag\" tag=\"span\" style=\"font-size: 16px;\"\u003E\u003Cspan class=\"yui-tag-span yui-tag\" tag=\"span\" style=\"font-size: 18px;\"\u003E\u003Cspan class=\"yui-tag-span yui-tag\" tag=\"span\" style=\"font-size: 17px;\"\u003E\u003Ca href=\"https://example.com\" target=\"_blank\"\u003E\u003Cstrong\u003EUse site\u003C/strong\u003E\u003C/a\u003E: to just search for keywords on the specific site you're interested in.\u003C/span\u003E\u003C/span\u003E\u003C/span\u003E\u003C/span\u003E\u003C/span\u003E\u003C/div\u003E\u003C/div\u003E\u003C/div\u003E\n                    \u003C/li\u003E\u003Cli class=\"lesson-card__toggle__list__item ng-scope video\"\u003E\n                        \u003Cdiv class=\"lesson-card__toggle__list__item__link ng-binding\" role=\"button\" tabindex=\"0\"\u003E\u003Cdiv\u003E\u003Cdiv\u003E\u003Cspan class=\"yui-tag-span yui-tag\" tag=\"span\" style=\"font-size: 12px;\"\u003E\u003Cspan class=\"yui-tag-span yui-tag\" tag=\"span\" style=\"font-size: 18px;\"\u003E\u003Cspan class=\"yui-tag-span yui-tag\" tag=\"span\" style=\"font-size: 16px;\"\u003E\u003Cspan class=\"yui-tag-span yui-tag\" tag=\"span\" style=\"font-size: 18px;\"\u003E\u003Cspan class=\"yui-tag-span yui-tag\" tag=\"span\" style=\"font-size: 17px;\"\u003EUse filetype: to just look for specific types of files like a .pdf or .xls file.\u003C/span\u003E\u003C/span\u003E\u003C/span\u003E\u003C/span\u003E\u003C/span\u003E\u003C/div\u003E\u003C/div\u003E\u003C/div\u003E\n                    \u003C/li\u003E\u003Cli class=\"lesson-card__toggle__list__item ng-scope video\"\u003E\n                        \u003Cdiv class=\"lesson-card__toggle__list__item__link ng-binding\" role=\"button\" tabindex=\"0\"\u003E\u003Cdiv\u003E\u003Cdiv\u003E\u003Cspan class=\"yui-tag-span yui-tag\" tag=\"span\" style=\"font-size: 12px;\"\u003E\u003Cspan class=\"yui-tag-span yui-tag\" tag=\"span\" style=\"font-size: 18px;\"\u003E\u003Cspan class=\"yui-tag-span yui-tag\" tag=\"span\" style=\"font-size: 16px;\"\u003E\u003Cspan class=\"yui-tag-span yui-tag\" tag=\"span\" style=\"font-size: 18px;\"\u003E\u003Cspan class=\"yui-tag-span yui-tag\" tag=\"span\" style=\"font-size: 17px;\"\u003EUse the - symbol to eliminate results of related words you may not be interested in.\u003C/span\u003E\u003C/span\u003E\u003C/span\u003E\u003C/span\u003E\u003C/span\u003E\u003C/div\u003E\u003C/div\u003E\u003C/div\u003E\n                    \u003C/li\u003E\u003Cli class=\"lesson-card__toggle__list__item ng-scope video\"\u003E\u003Cspan class=\"yui-tag-span yui-tag\" tag=\"span\" style=\"font-size: 12px;\"\u003E\u003Cspan class=\"yui-tag-span yui-tag\" tag=\"span\" style=\"font-size: 18px;\"\u003E\u003Cspan class=\"yui-tag-span yui-tag\" tag=\"span\" style=\"font-size: 16px;\"\u003E\u003Cspan class=\"yui-tag-span yui-tag\" tag=\"span\" style=\"font-size: 18px;\"\u003E\u003Cspan class=\"yui-tag-span yui-tag\" tag=\"span\" style=\"font-size: 17px;\"\u003E\n                        \u003C/span\u003E\u003C/span\u003E\u003C/span\u003E\u003C/span\u003E\u003C/span\u003E\u003Cdiv class=\"lesson-card__toggle__list__item__link ng-binding\" role=\"button\" tabindex=\"0\"\u003E\u003Cdiv\u003E\u003Cdiv\u003E\u003Cspan class=\"yui-tag-span yui-tag\" tag=\"span\" style=\"font-size: 12px;\"\u003E\u003Cspan class=\"yui-tag-span yui-tag\" tag=\"span\" style=\"font-size: 18px;\"\u003E\u003Cspan class=\"yui-tag-span yui-tag\" tag=\"span\" style=\"font-size: 16px;\"\u003E\u003Cspan class=\"yui-tag-span yui-tag\" tag=\"span\" style=\"font-size: 18px;\"\u003E\u003Cspan class=\"yui-tag-span yui-tag\" tag=\"span\" style=\"font-size: 17px;\"\u003ETo search for related sites, put&nbsp;\u003Cstrong\u003Erelated:\u003C/strong\u003E&nbsp;in front of a web address.\u003C/span\u003E\u003C/span\u003E\u003C/span\u003E\u003C/span\u003E\u003C/span\u003E\u003C/div\u003E\u003C/div\u003E\u003C/div\u003E\u003C/li\u003E\u003C/ul\u003E\u003Cp\u003E\u003Cspan class=\"yui-tag-span yui-tag\" tag=\"span\" style=\"font-size: 12px;\"\u003E\u003Cgcb-youtube videoid=\"https://youtu.be/yVGM9wwFKSA\" instanceid=\"Styuis7L8FjW\"\u003E\u003C/gcb-youtube\u003E\u003C/span\u003E\u003C/p\u003E\u003Cp\u003E\u003Cspan class=\"yui-tag-span yui-tag\" tag=\"span\" style=\"font-size: 12px;\"\u003E\u003Cgcb-youtube videoid=\"https://youtu.be/s-Ip_zIizyA\" instanceid=\"AROXSUfWZyRf\"\u003E\u003C/gcb-youtube\u003E\u003C/span\u003E\u003C/p\u003E\u003Cp\u003E\u003Cspan class=\"yui-tag-span yui-tag\" tag=\"span\" style=\"font-size: 12px;\"\u003E\u003Cgcb-youtube videoid=\"https://youtu.be/dql_HmAoCs4\" instanceid=\"ou46ytLEMsKD\"\u003E\u003C/gcb-youtube\u003E\u003C/span\u003E\u003C/p\u003E\u003Cp\u003E\u003Cspan class=\"yui-tag-span yui-tag\" tag=\"span\" style=\"font-size: 12px;\"\u003E\u003Cgcb-youtube videoid=\"https://youtu.be/yMxU6rATy-s\" instanceid=\"47EkICJblsgr\"\u003E\u003C/gcb-youtube\u003E\u003C/span\u003E\u003C/p\u003E\u003Cp\u003E\u003Cspan class=\"yui-tag-span yui-tag\" tag=\"span\" style=\"font-size: 12px;\"\u003E\u003Cbr\u003E\u003C/span\u003E\u003C/p\u003E\u003Cdiv class=\"lesson-card__text__title ng-binding ng-scope\"\u003E\u003Ch2\u003E\u003Cspan class=\"yui-tag-span yui-tag\" tag=\"span\" style=\"font-size: 12px;\"\u003E\u003Cspan class=\"yui-tag-span yui-tag\" tag=\"span\" style=\"font-size: 26px;\"\u003EFor better results, double up on modifiers.\u003C/span\u003E\u003C/span\u003E\u003C/h2\u003E\u003C/div\u003E\u003Cspan class=\"yui-tag-span yui-tag\" tag=\"span\" style=\"font-size: 12px;\"\u003E\u003Cspan class=\"yui-tag-span yui-tag\" tag=\"span\" style=\"font-size: 26px;\"\u003E\n            \u003C/span\u003E\u003C/span\u003E\u003Cdiv class=\"lesson-card__text__body ng-binding ng-scope\"\u003E\u003Cdiv\u003E\u003Cp\u003E\u003Cspan class=\"yui-tag-span yui-tag\" tag=\"span\" style=\"font-size: 12px;\"\u003E\u003Cspan class=\"yui-tag-span yui-tag\" tag=\"span\" style=\"font-size: 26px;\"\u003ETo make your searches even more relevant, try combining search modifiers.\u003C/span\u003E\u003C/span\u003E\u003C/p\u003E\u003Cspan class=\"yui-tag-span yui-tag\" tag=\"span\" style=\"font-size: 12px;\"\u003E\u003Cspan class=\"yui-tag-span yui-tag\" tag=\"span\" style=\"font-size: 26px;\"\u003E\n\n\u003C/span\u003E\u003C/span\u003E\u003Cp\u003E\u003Cspan class=\"yui-tag-span yui-tag\" tag=\"span\" style=\"font-size: 12px;\"\u003E\u003Cspan class=\"yui-tag-span yui-tag\" tag=\"span\" style=\"font-size: 26px;\"\u003EYou can use any combination of site:, filetype: and \u201c-\u201d modifiers at the same time.\u003C/span\u003E\u003C/span\u003E\u003C/p\u003E\u003Cspan class=\"yui-tag-span yui-tag\" tag=\"span\" style=\"font-size: 12px;\"\u003E\u003Cspan class=\"yui-tag-span yui-tag\" tag=\"span\" style=\"font-size: 26px;\"\u003E\n\n\u003C/span\u003E\u003C/span\u003E\u003Cp\u003E\u003Cspan class=\"yui-tag-span yui-tag\" tag=\"span\" style=\"font-size: 13px;\"\u003E\u003Cspan class=\"yui-tag-span yui-tag\" tag=\"span\" style=\"font-size: 12px;\"\u003E\u003Cspan class=\"yui-tag-span yui-tag\" tag=\"span\" style=\"font-size: 12px;\"\u003E\u003Cspan class=\"yui-tag-span yui-tag\" tag=\"span\" style=\"font-size: 25px;\"\u003ESearch for filetypes such as Excel spreadsheets by typing in \nfiletype:xls. To eliminate certain terms from your search, use the \u201c-\u201d \nsign. \u003Cbr\u003E\u003C/span\u003E\u003C/span\u003E\u003C/span\u003E\u003C/span\u003E\u003C/p\u003E\u003Cp\u003E\u003Cspan class=\"yui-tag-span yui-tag\" tag=\"span\" style=\"font-size: 13px;\"\u003E\u003Cspan class=\"yui-tag-span yui-tag\" tag=\"span\" style=\"font-size: 12px;\"\u003E\u003Cspan class=\"yui-tag-span yui-tag\" tag=\"span\" style=\"font-size: 12px;\"\u003E\u003Cspan class=\"yui-tag-span yui-tag\" tag=\"span\" style=\"font-size: 25px;\"\u003E\u003Cbr\u003E\u003C/span\u003E\u003C/span\u003E\u003C/span\u003E\u003C/span\u003E\u003C/p\u003E\u003Cp\u003E\u003Cspan class=\"yui-tag-span yui-tag\" tag=\"span\" style=\"font-size: 13px;\"\u003E\u003Cspan class=\"yui-tag-span yui-tag\" tag=\"span\" style=\"font-size: 12px;\"\u003E\u003Cspan class=\"yui-tag-span yui-tag\" tag=\"span\" style=\"font-size: 12px;\"\u003E\u003Cspan class=\"yui-tag-span yui-tag\" tag=\"span\" style=\"font-size: 25px;\"\u003E\u003Cgcb-youtube videoid=\"https://youtu.be/CYlxTgWV7fQ\" instanceid=\"reUwZKUmtRnJ\"\u003E\u003C/gcb-youtube\u003E\u003Cbr\u003E\u003C/span\u003E\u003C/span\u003E\u003C/span\u003E\u003C/span\u003E\u003C/p\u003E\u003Cp style=\"font-size: 13px;\"\u003E\u003Cbr\u003E\u003C/p\u003E\u003Cdiv class=\"lesson-card__text__title ng-binding ng-scope\"\u003E\u003Ch2\u003EMake it even easier with the Advanced Search tool.\u003C/h2\u003E\u003C/div\u003E\n            \u003Cdiv class=\"lesson-card__text__body ng-binding ng-scope\"\u003E\u003Cdiv\u003E\u003Cdiv\u003EToo\n hard to remember all these refinements? No problem. Check out the \nAdvanced Search tool by going to the settings option at google.com and \nselecting Advanced Search. Its cheat sheet of search refinements is a \ngood refresher and saves time.\u003Cbr\u003E\u003Cbr\u003E\u003C/div\u003E\u003Cdiv\u003EFor more tips, go to&nbsp;\u003Ca href=\"https://www.google.com/insidesearch/howsearchworks/\" target=\"_blank\"\u003Egoogle.com/insidesearch\u003C/a\u003E&nbsp;Or, try out the self-paced courses in advanced techniques at&nbsp;\u003Ca href=\"http://www.powersearchingwithgoogle.com\" target=\"_blank\"\u003Epowersearchingwithgoogle.com\u003C/a\u003E\u003C/div\u003E\u003C/div\u003E\u003C/div\u003E\u003Cp\u003E\u003Cgcb-youtube videoid=\"https://youtu.be/Pb9pRivs3vg\" instanceid=\"WiQqBoQZEgQc\"\u003E\u003C/gcb-youtube\u003E\u003C/p\u003E\u003Cp\u003E\u003Cbr\u003E\u003Cspan class=\"yui-tag-span yui-tag\" tag=\"span\" style=\"font-size: 19px;\"\u003E\u003Cspan class=\"yui-tag-span yui-tag\" tag=\"span\" style=\"font-size: 12px;\"\u003E\u003Cspan class=\"yui-tag-span yui-tag\" tag=\"span\" style=\"font-size: 12px;\"\u003E\u003Cspan class=\"yui-tag-span yui-tag\" tag=\"span\" style=\"font-size: 25px;\"\u003E\u003C/span\u003E\u003C/span\u003E\u003C/span\u003E\u003C/span\u003E\u003C/p\u003E\n\u003C/div\u003E\u003C/div\u003E\u003C/div\u003E", "manual_progress": false, "unit_id": "1", "activity_title": "", "availability": "public", "video": "", "lesson_id": 2, "auto_index": true, "duration": "", "shown_when_unavailable": false, "notes": "", "properties": {"modules.skill_map.skill_list": [5682617542246400]}, "activity_listed": true}, {"scored": false, "title": "Finding the next big story", "has_activity": false, "objectives": "\u003Ch1\u003EHow Trends works.\u003C/h1\u003E\n            \u003Cdiv class=\"lesson-card__text__body ng-binding ng-scope\"\u003E\u003Cdiv\u003E\u003Cdiv\u003EGoogle\n Trends allows you to see the topics people are\u2014or aren\u2019t\u2014following, \npractically in real time. Journalists can use this information to \nexplore potential story ideas, and can also feature Trends data within \nnews stories to illustrate a general level of interest in, say, a \npolitical candidate, social issue or event.\u003Cbr\u003E\u003Cbr\u003E\u003C/div\u003E\u003Cdiv\u003EThe Google Trends homepage (\u003Ca href=\"https://trends.google.com/trends\" target=\"_blank\"\u003Egoogle.com/trends\u003C/a\u003E)\n features clustered topics that Google detects are related and trending \ntogether on either Search, Google News, or YouTube. Trending Stories are\n collected based on Google\u2019s Knowledge Graph technology, which gathers \nsearch information from those three Google platforms to detect when \nstories are trending based on the relative spike in volume and the \nabsolute volume of searches.\u003Cbr\u003E\u003Cbr\u003E\u003C/div\u003E\u003Cdiv\u003EThe Featured insights at \nthe top of the new Google Trends homepage are curated by News Lab to \nhighlight additional data patterns or interesting trends.\u003C/div\u003E\u003Cdiv\u003E\u003Cbr\u003E\u003C/div\u003E\u003Cdiv\u003E\u003Cgcb-youtube videoid=\"https://youtu.be/MIGLcbKT08w\" instanceid=\"hOHzvz6okG4O\"\u003E\u003C/gcb-youtube\u003E\u003C/div\u003E\u003Cdiv\u003E\u003Ch2\u003E\u003Cbr\u003E\u003C/h2\u003E\u003C/div\u003E\u003Cdiv\u003E\u003Cdiv class=\"lesson-card__text__title ng-binding ng-scope\"\u003E\u003Ch2\u003EOn the homepage.\u003C/h2\u003E\u003C/div\u003E\n            The\n Trends homepage indicates what topics are trending right now, which can\n be helpful when choosing a story to write about. And by simply clicking\n on a topic under \u201cStories trending now,\u201d you can access additional data\n including the most relevant articles, interest over time, interest by \nregion, trending queries, and related topics. \u003Cbr\u003E\u003C/div\u003E\u003Cdiv\u003E\u003Cbr\u003E\u003C/div\u003E\u003Cdiv\u003E\u003Cgcb-youtube videoid=\"https://youtu.be/Q8TqDImx4Nc\" instanceid=\"mEJzU47ZulaY\"\u003E\u003C/gcb-youtube\u003E\u003C/div\u003E\u003Cdiv\u003E\u003Cbr\u003E\u003C/div\u003E\u003Cdiv\u003E\u003Cdiv class=\"lesson-card__text__title ng-binding ng-scope\"\u003E\u003Ch2\u003EExploring your topics.\u003C/h2\u003E\u003C/div\u003E\n            \u003Cdiv class=\"lesson-card__text__body ng-binding ng-scope\"\u003E\u003Cdiv\u003E\u003Cdiv\u003EIn\n addition to what you see on the homepage, you can explore and gauge \ninterest in virtually any topic, which can be useful for developing \nstory ideas.\u003C/div\u003E\u003Cdiv\u003E\u003Cbr\u003E\u003C/div\u003E\u003Cdiv\u003ELet\u2019s say you\u2019re doing a story on \nthe US presidential election, and want to compare the election process \nwith that of India\u2019s General elections happening in the same year. Just \nuse the Trends search bar:\u003C/div\u003E\u003C/div\u003E\u003C/div\u003E\n            \n            \n            \n                \u003Cul class=\"lesson-card__toggle__list\"\u003E\u003Cli class=\"lesson-card__toggle__list__item ng-scope video\"\u003E\n                        \u003Cdiv class=\"lesson-card__toggle__list__item__link ng-binding active\" role=\"button\" tabindex=\"0\"\u003E\u003Cdiv\u003E\u003Cdiv\u003EEnter the India General Election in the Google Trends search bar at the top of the homepage. Press Return to see your results.\u003C/div\u003E\u003C/div\u003E\u003C/div\u003E\n                    \u003C/li\u003E\u003Cli class=\"lesson-card__toggle__list__item ng-scope video\"\u003E\n                        \u003Cdiv class=\"lesson-card__toggle__list__item__link ng-binding\" role=\"button\" tabindex=\"0\"\u003E\u003Cdiv\u003E\u003Cdiv\u003EYour results page will feature three data visualizations (charts): Interest over time, Regional interest and Related searches.\u003C/div\u003E\u003C/div\u003E\u003C/div\u003E\n                    \u003C/li\u003E\u003Cli class=\"lesson-card__toggle__list__item ng-scope video\"\u003E\n                        \u003Cdiv class=\"lesson-card__toggle__list__item__link ng-binding\" role=\"button\" tabindex=\"0\"\u003E\u003Cdiv\u003E\u003Cdiv\u003EOn\n the results page, you can add topics to compare them simultaneously in \nthe charts by clicking the + Compare button, or remove a topic by \nclicking the \u201cx\u201d that appears in its box when you hover your cursor over\n it.\u003C/div\u003E\u003C/div\u003E\u003C/div\u003E\n                    \u003C/li\u003E\u003Cli class=\"lesson-card__toggle__list__item ng-scope video\"\u003E\n                        \u003Cdiv class=\"lesson-card__toggle__list__item__link ng-binding\" role=\"button\" tabindex=\"0\"\u003E\u003Cdiv\u003E\u003Cdiv\u003EYou can also search for multiple terms simultaneously just by writing them into the \u201cAdd a search term\u201d box.\u003C/div\u003E\u003C/div\u003E\u003C/div\u003E\u003C/li\u003E\u003C/ul\u003E\u003Cp\u003E\u003Cbr\u003E\u003C/p\u003E\u003Cp\u003E\u003Cgcb-youtube videoid=\"https://youtu.be/tobYKiG6XuE\" instanceid=\"FjYP3yOAZDbA\"\u003E\u003C/gcb-youtube\u003E\u003C/p\u003E\u003Cp\u003E\u003Cgcb-youtube videoid=\"https://youtu.be/2uWnY0JdJ5E\" instanceid=\"Z38kTw4Ngy8T\"\u003E\u003C/gcb-youtube\u003E\u003C/p\u003E\u003Cp\u003E\u003Cgcb-youtube videoid=\"https://youtu.be/lH1BuxcQLWM\" instanceid=\"vGtwIwjsQdsE\"\u003E\u003C/gcb-youtube\u003E\u003C/p\u003E\u003Cp\u003E\u003Cgcb-youtube videoid=\"https://youtu.be/lB23B6GhErg\" instanceid=\"vP0TjceM1xpl\"\u003E\u003C/gcb-youtube\u003E\u003C/p\u003E\u003Cp\u003E\u003Cbr\u003E\u003C/p\u003E\u003Cdiv class=\"lesson-card__text__title ng-binding ng-scope\"\u003E\u003Ch2\u003EComparing groups of terms.\u003C/h2\u003E\u003C/div\u003E\n            \u003Cdiv\u003EYou\n can compare up to five groups of terms at one time and up to 25 terms \nin each group.&nbsp; Group terms together by using a \u201c+\u201d symbol.\u003Cbr\u003E\u003Cbr\u003E\u003C/div\u003EThis could be useful to compare election candidates, or to look at nominees in an awards show.\u003C/div\u003E\u003Cdiv\u003E\u003Cbr\u003E\u003C/div\u003E\u003Cdiv\u003E\u003Cgcb-youtube videoid=\"https://youtu.be/Rcs3NM4Q5ps\" instanceid=\"fiwSqQ4kDnfY\"\u003E\u003C/gcb-youtube\u003E\u003C/div\u003E\u003Cdiv\u003E\u003Cbr\u003E\u003C/div\u003E\u003Cdiv\u003E\u003Cdiv class=\"lesson-card__text__title ng-binding ng-scope\"\u003E\u003Ch2\u003EExplore by language.\u003C/h2\u003E\u003C/div\u003E\n            \u003Cdiv class=\"lesson-card__text__body ng-binding ng-scope\"\u003E\u003Cdiv\u003E\u003Cdiv\u003EIf\n you enter a search term using non-Latin characters, you\u2019ll see data \nfrom all countries or regions that use those characters. For example, if\n you enter \u201d\u9078\u6319\u201d, the Japanese characters for election, your results will\n not include much data from the United States.\u003Cbr\u003E\u003Cbr\u003E\u003C/div\u003E\u003Cdiv\u003EYou can\n easily compare searches of the same term in different languages. Using \nthe election example, just enter search term \u9078\u6319&nbsp; in the first search \nbox, then enter \u201celection\u201d in the + Compare search box.\u003C/div\u003E\u003Cdiv\u003E\u003Cbr\u003E\u003C/div\u003E\u003Cdiv\u003E\u003Cgcb-youtube videoid=\"https://youtu.be/RuMBh8WKDmU\" instanceid=\"muHDhiLABy0y\"\u003E\u003C/gcb-youtube\u003E\u003C/div\u003E\u003Cdiv\u003E\u003Cbr\u003E\u003C/div\u003E\u003Cdiv\u003E\u003Cdiv class=\"lesson-card__text__title ng-binding ng-scope\"\u003E\u003Ch2\u003ENarrowing or expanding your search by geography and time.\u003C/h2\u003E\u003C/div\u003E\n            On\n the results page under the search bar, use the \u201cWorldwide\u201d and \n\u201c2004-present\u201d dropdowns to refine your exploration further by region \nand/or time period.\u003C/div\u003E\u003Cdiv\u003E\u003Cbr\u003E\u003C/div\u003E\u003Cdiv\u003E\u003Cgcb-youtube videoid=\"https://youtu.be/LuwDSskvdk0\" instanceid=\"tpSfMvre5Swd\"\u003E\u003C/gcb-youtube\u003E\u003C/div\u003E\u003Cdiv\u003E\u003Cbr\u003E\u003C/div\u003E\u003Cdiv\u003E\u003Cdiv class=\"lesson-card__text__title ng-binding ng-scope\"\u003E\u003Ch2\u003EMore about trends.\u003C/h2\u003E\u003C/div\u003E\n            Information\n on how to better understand Google Trends data and read its charts can \nbe found in our Google Trends: Interpreting the Data tutorial, and also \nin the Trends Help center accessible from the menu in the upper left of \nthe homepage.\u003C/div\u003E\u003Cdiv\u003E\u003Cbr\u003E\u003C/div\u003E\u003Cdiv\u003E\u003Cgcb-youtube videoid=\"https://youtu.be/BMtBX_b_67w\" instanceid=\"AEkk97T8PDXb\"\u003E\u003C/gcb-youtube\u003E\u003C/div\u003E\u003Cdiv\u003E\u003Cbr\u003E\u003C/div\u003E\u003Cdiv\u003E\u003Cdiv class=\"lesson-card__text__title ng-binding ng-scope\"\u003E\u003Ch2\u003E\u003Ch1\u003ESourcing Google Trends data.\u003C/h1\u003E\u003C/h2\u003E\u003C/div\u003E\n            \u003Cdiv class=\"lesson-card__text__body ng-binding ng-scope\"\u003E\u003Cdiv\u003E\u003Cdiv\u003EGoogle\n Trends analyzes a percentage of Google web searches to determine how \nmany searches were done over a certain period of time.\u003Cbr\u003E\u003Cbr\u003EFor \nexample, if you\u2019re doing a story about the zika virus and you want to \nsee if there was a recent uptick in searches on the topic, select \u201cPast \n90 days\u201d. Trends analyzes a percentage of all searches for \u201czika virus\u201d \nwithin those parameters.\u003C/div\u003E\u003Cdiv\u003E\u003Cbr\u003E\u003C/div\u003E\u003Cdiv\u003E\u003Cimg class=\"lesson-card__media__content ng-scope\" src=\"https://storage.googleapis.com/gweb-newslab.appspot.com/upload/GONL_Trends_Understanding_1.jpg\"\u003E\u003C/div\u003E\u003Cdiv\u003E\u003Cbr\u003E\u003C/div\u003E\u003Cdiv\u003E\u003Cdiv class=\"lesson-card__text__title ng-binding ng-scope\"\u003E\u003Ch2\u003EReading the Interest Over Time graph.\u003C/h2\u003E\u003C/div\u003E\n            \u003Cdiv\u003EWhen\n you search for a term on Trends, you\u2019ll see a graph showing the term\u2019s \npopularity over time in (nearly) real time. Hovering your mouse over the\n graph reveals a number, which reflects how many searches have been done\n for the particular term relative to the total number of searches done \non Google.\u003Cbr\u003E\u003Cbr\u003E\u003C/div\u003E\u003Cdiv\u003ENumbers on the graph don't represent \nabsolute search volume numbers, because the data is normalized and \npresented on a scale from 0-100, where each point on the graph is \ndivided by the highest point, or 100. The numbers next to the search \nterms at the top of the graph are summaries, or totals.\u003Cbr\u003E\u003Cbr\u003E\u003C/div\u003EA\n line trending downward means that a search term's relative popularity \nis decreasing\u2014not necessarily that the total number of searches for that\n term is decreasing, but that its popularity compared to other searches \nis shrinking.\u003C/div\u003E\u003Cdiv\u003E\u003Cbr\u003E\u003C/div\u003E\u003Cdiv\u003E\u003Cgcb-youtube videoid=\"https://youtu.be/teURUJ6mQIA\" instanceid=\"RwJLleQlZUrR\"\u003E\u003C/gcb-youtube\u003E\u003C/div\u003E\u003Cdiv\u003E\u003Cbr\u003E\u003C/div\u003E\u003Cdiv\u003E\u003Cdiv class=\"lesson-card__text__title ng-binding ng-scope\"\u003E\u003Ch2\u003EFinding the most searched topic in every region or country.\u003C/h2\u003E\u003C/div\u003E\n            \u003Cdiv class=\"lesson-card__text__body ng-binding ng-scope\"\u003E\u003Cdiv\u003E\u003Cdiv\u003EWhen\n you search for multiple terms on Trends, you\u2019ll see a comparative map \nshowing which term or topic is most searched in each region.\u003C/div\u003E\u003C/div\u003E\u003C/div\u003E\n            \n            \n            \n                \u003Cul class=\"lesson-card__toggle__list\"\u003E\u003Cli class=\"lesson-card__toggle__list__item ng-scope video\"\u003E\n                        \u003Cdiv class=\"lesson-card__toggle__list__item__link ng-binding active\" role=\"button\" tabindex=\"0\"\u003E\u003Cdiv\u003E\u003Cdiv\u003EInterest\n over time comparison. Let\u2019s compare the search terms \u201czika virus\u201d and \n\u201cmalaria.\u201d You\u2019ll find that over time, malaria experiences a steady \nquery rate&nbsp; while zika was barely searched for until a&nbsp; huge spike in \nJanuary 2016.\u003C/div\u003E\u003C/div\u003E\u003C/div\u003E\n                    \u003C/li\u003E\u003Cli class=\"lesson-card__toggle__list__item ng-scope video\"\u003E\n                        \u003Cdiv class=\"lesson-card__toggle__list__item__link ng-binding\" role=\"button\" tabindex=\"0\"\u003E\u003Cdiv\u003E\u003Cdiv\u003EInterest\n by region comparison. Looking at search interest by region shows that \nZika virus was more searched in the U.S. and Brazil but malaria was a \nmore popular search topic in India and Southeast Asia.\u003C/div\u003E\u003C/div\u003E\u003C/div\u003E\u003C/li\u003E\u003C/ul\u003E\u003Cp\u003E\u003Cgcb-youtube videoid=\"https://youtu.be/ITe4YZ6NM8U\" instanceid=\"j1yTW72TrvH7\"\u003E\u003C/gcb-youtube\u003E\u003C/p\u003E\u003Cp\u003E\u003Cbr\u003E\u003C/p\u003E\u003Cp\u003E\u003Cgcb-youtube videoid=\"https://youtu.be/OUFZqHLCCKk\" instanceid=\"kRZ8kDDBI0Lt\"\u003E\u003C/gcb-youtube\u003E\u003C/p\u003E\u003Cp\u003E\u003Cbr\u003E\u003C/p\u003E\u003Cdiv class=\"lesson-card__text__title ng-binding ng-scope\"\u003E\u003Ch2\u003ERising data.\u003C/h2\u003E\u003C/div\u003E\n            \u003Cdiv\u003EAt\n the bottom of your results page is the Related Searches chart, which \ncan be used to determine the top and rising terms associated to any \ntopic or trending story. &nbsp; On the chart, the Rising tab represents terms\n that were searched for with the term you entered (or overall, if no \nsearch term was entered) which had the most significant growth in volume\n in the requested time period. For each rising search term, you\u2019ll see a\n percentage of the term\u2019s growth compared to the previous time period. \nIf you see \u201cBreakout\u201d instead of a percentage, it means that the search \nterm grew by more than 5000%.\u003C/div\u003E\u003Cdiv\u003E\u003Cbr\u003E\u003C/div\u003E\u003Cdiv\u003EThe percentages \nare based on the percent increase in search interest for the selected \ntime frame. If we're looking at the last 7 days, the benchmark for the \nrise in searches for the term \u201czika virus\u201d would be 7 days prior; if it \nwas the last 30 days, the benchmark would be for the 30 days prior. The \nonly exception is when viewing the full history (2004-Present), when the\n percentages are benchmarked at 2004.\u003C/div\u003E\u003Cdiv\u003E\u003Cbr\u003E\u003C/div\u003E\u003Cdiv\u003E\u003Cgcb-youtube videoid=\"https://youtu.be/dSeOrM7vCmg\" instanceid=\"gShGoovmLGrZ\"\u003E\u003C/gcb-youtube\u003E\u003C/div\u003E\u003Cdiv\u003E\u003Cbr\u003E\u003C/div\u003E\u003Cdiv\u003E\u003Cdiv class=\"lesson-card__text__title ng-binding ng-scope\"\u003E\u003Ch2\u003EReading the Related searches chart.\u003C/h2\u003E\u003C/div\u003E\n            \u003Cdiv class=\"lesson-card__text__body ng-binding ng-scope\"\u003E\u003Cdiv\u003E\u003Cdiv\u003EClick\n the dropdown to see Top terms. This table shows terms that are most \nfrequently searched with the term you entered, in the same search \nsession, with the same chosen category, country or region. If you didn\u2019t\n choose a search term (and just chose a category or region), overall \nsearches are displayed.\u003C/div\u003E\u003Cdiv\u003E\u003Cbr\u003E\u003C/div\u003E\u003Cdiv\u003E\u003Cgcb-youtube videoid=\"https://youtu.be/kHGMb_o2lWs\" instanceid=\"lmsarLWqaBbs\"\u003E\u003C/gcb-youtube\u003E\u003C/div\u003E\u003Cdiv\u003E\u003Cbr\u003E\u003C/div\u003E\u003Cdiv\u003E\u003Cdiv class=\"lesson-card__text__title ng-binding ng-scope\"\u003E\u003Ch2\u003EData that is excluded.\u003C/h2\u003E\u003C/div\u003E\n            \u003Cdiv class=\"lesson-card__text__body ng-binding ng-scope\"\u003E\u003Cdiv\u003E\u003Cdiv\u003ETrends excludes certain data from your searches:\u003C/div\u003E\u003Cdiv\u003E&nbsp;\u003C/div\u003E\u003Cdiv\u003E&nbsp;-\n Searches made by very few people: Trends only analyzes data for popular\n terms, so search terms with low volume appear as 0 for a given time \nperiod.\u003C/div\u003E\u003Cdiv\u003E&nbsp;\u003C/div\u003E\u003Cdiv\u003E&nbsp;- Duplicate Searches: Trends eliminates \nrepeated searches from the same user over a short period of time for \nbetter overall accuracy.\u003Cbr\u003E\u003Cbr\u003E\u003C/div\u003E\u003Cdiv\u003E&nbsp;- Special characters: Trends filters out queries with apostrophes and other special characters.\u003C/div\u003E\u003Cdiv\u003E\u003Cbr\u003E\u003C/div\u003E\u003Cdiv\u003E\u003C/div\u003E\u003Cdiv\u003E\u003Cbr\u003E\u003C/div\u003E\u003Cdiv\u003E\u003Cimg class=\"lesson-card__media__content ng-scope\" src=\"https://storage.googleapis.com/gweb-newslab.appspot.com/upload/NewsLab_Data_4_1_HTcC5bW.jpg\"\u003E\u003C/div\u003E\u003Cdiv\u003E\u003Cbr\u003E\u003C/div\u003E\u003Cdiv\u003E\u003Cbr\u003E\u003C/div\u003E\u003C/div\u003E\u003C/div\u003E\u003C/div\u003E\u003Cdiv\u003E\u003Cbr\u003E\u003C/div\u003E\u003C/div\u003E\u003C/div\u003E\u003C/div\u003E\u003C/div\u003E\u003C/div\u003E\u003C/div\u003E\u003C/div\u003E\u003C/div\u003E\u003C/div\u003E\u003C/div\u003E\u003C/div\u003E\u003C/div\u003E", "manual_progress": false, "unit_id": "1", "activity_title": "", "availability": "public", "video": "", "lesson_id": 4, "auto_index": true, "duration": "", "shown_when_unavailable": false, "notes": "", "properties": {"modules.skill_map.skill_list": [5760820306771968]}, "activity_listed": true}, {"scored": false, "title": "Staying in the know", "has_activity": false, "objectives": "\u003Cdiv class=\"lesson-card__text__title ng-binding ng-scope\"\u003E\u003Ch1\u003EFollow developing stories, from your inbox.\u003C/h1\u003E\u003C/div\u003E\n            \u003Cp\u003EGoogle\n Alerts is a powerful tool that helps you stay on top of all the things \nthat are important to you. Once you set it up, you\u2019ll get email \nnotifications any time Google finds new results on topics you care \nabout.\u003C/p\u003E\n\n\u003Cp\u003EFor example, if you\u2019re a reporter covering a specific beat, creating \nalerts on relevant keywords will help you stay up-to-date with emails \nthat support your research.\u003C/p\u003E\u003Cp\u003E\u003Cimg class=\"lesson-card__media__content ng-scope\" src=\"https://storage.googleapis.com/gweb-newslab.appspot.com/upload/NL_GoogleAlerts_01_F.jpg\"\u003E\u003C/p\u003E\u003Cp\u003E\u003Cbr\u003E\u003C/p\u003E\u003Cdiv class=\"lesson-card__text__title ng-binding ng-scope\"\u003E\u003Ch2\u003ECreate an alert.\u003C/h2\u003E\u003C/div\u003E\n            \u003Cdiv class=\"lesson-card__text__body ng-binding ng-scope\"\u003E\u003Cdiv\u003E\u003Cp\u003EStart getting alerts by visiting \u003Ca href=\"https://www.google.com/alerts\" target=\"_blank\"\u003E\u003Cu\u003Egoogle.com/alerts\u003C/u\u003E\u003C/a\u003E\n and entering the search terms you want to get email notifications \nabout. Say, for example, you\u2019re researching the midterm elections.\u003C/p\u003E\n\n\u003Cp\u003EYou can also create an alert by clicking the + next to any of the suggested topics that you see on the Google Alerts page.\u003C/p\u003E\u003Cp\u003E\u003Cbr\u003E\u003C/p\u003E\u003Cp\u003E\u003Cgcb-youtube videoid=\"https://youtu.be/43xCtYZPmRA\" instanceid=\"wLDd2zM6FgVJ\"\u003E\u003C/gcb-youtube\u003E\u003C/p\u003E\u003Cp\u003E\u003Cbr\u003E\u003C/p\u003E\u003Cdiv class=\"lesson-card__text__title ng-binding ng-scope\"\u003E\u003Ch2\u003EChoose how often you get Alerts.\u003C/h2\u003E\u003C/div\u003E\n            \u003Cdiv class=\"lesson-card__text__body ng-binding ng-scope\"\u003E\u003Cdiv\u003E\u003Cp\u003ESometimes\n your inbox gets too full. It\u2019s easy to customize how often you get \nalerts in your inbox. Just click \u201cShow Options\u201d to select things like \nhow often you get alerts and the types of websites and content you want \nsearched.\u003C/p\u003E\u003Cp\u003E\u003Cbr\u003E\u003C/p\u003E\u003Cp\u003E\u003Cgcb-youtube videoid=\"https://youtu.be/m07IDrl3Lv0\" instanceid=\"XQ2f5n4xp9YK\"\u003E\u003C/gcb-youtube\u003E\u003C/p\u003E\u003Cp\u003E\u003Cbr\u003E\u003C/p\u003E\u003Cdiv class=\"lesson-card__text__title ng-binding ng-scope\"\u003E\u003Ch2\u003ESelect your sources.\u003C/h2\u003E\u003C/div\u003E\n            \u003Cdiv class=\"lesson-card__text__body ng-binding ng-scope\"\u003E\u003Cdiv\u003E\u003Cp\u003EIf\n you only want to see results from a specific source, you can choose \nfrom a range of options. However, we recommend the Automatic option, \nwhich provides you with the best results from multiple sources. Click \n\u201ccreate alert\u201d when you\u2019re happy with your choices.\u003C/p\u003E\u003Cp\u003E\u003Cgcb-youtube videoid=\"https://youtu.be/y1InLj4jbSQ\" instanceid=\"8GZbrVyANcAt\"\u003E\u003C/gcb-youtube\u003E\u003C/p\u003E\u003Cp\u003E\u003Cbr\u003E\u003C/p\u003E\u003Cdiv class=\"lesson-card__text__title ng-binding ng-scope\"\u003E\u003Ch2\u003ECustomize your alerts.\u003C/h2\u003E\u003C/div\u003E\n            \u003Cdiv class=\"lesson-card__text__body ng-binding ng-scope\"\u003E\u003Cdiv\u003E\u003Cp\u003EIn\n the settings menu you can select the precise time you get your alerts \nand the form they will take. First select when you want to get your \nalerts. Then, if you have multiple alerts, you can click on \u2018Digest\u2019 to \nreceive them in one email. No matter which option you pick, you won\u2019t \nget an email unless we find new results.\u003C/p\u003E\u003Cp\u003E\u003Cbr\u003E\u003C/p\u003E\u003Cp\u003E\u003Cgcb-youtube videoid=\"https://youtu.be/6g7EcsuTtfE\" instanceid=\"rkIC1i2erOuW\"\u003E\u003C/gcb-youtube\u003E\u003C/p\u003E\u003Cp\u003E\u003Cbr\u003E\u003C/p\u003E\u003Cdiv class=\"lesson-card__text__title ng-binding ng-scope\"\u003E\u003Ch2\u003EKeep tabs on your impact.\u003C/h2\u003E\u003C/div\u003E\n            \u003Cdiv class=\"lesson-card__text__body ng-binding ng-scope\"\u003E\u003Cdiv\u003E\u003Cp\u003EBesides\n covering a story, you can also use Google Alerts to monitor your own \nwork\u2019s impact. Set up alerts with your byline, name, or website and \nyou\u2019ll get email notifications whenever someone shares or posts your \nwork.\u003C/p\u003E\u003Cp\u003E\u003Cbr\u003E\u003C/p\u003E\u003Cp\u003E\u003Cgcb-youtube videoid=\"https://youtu.be/QItuf8cNn1M\" instanceid=\"KZEw7VOS2X5m\"\u003E\u003C/gcb-youtube\u003E\u003C/p\u003E\u003Cp\u003E\u003Cbr\u003E\u003C/p\u003E\u003Cdiv class=\"lesson-card__text__title ng-binding ng-scope\"\u003E\u003Ch1\u003EAccess tools for breaking news around the globe.\u003C/h1\u003E\u003C/div\u003E\n            When\n major events happen around the world, the News Lab team creates and \ndistributes free assets for journalists to use in their reporting. When \nyou sign up for Google News Lab Alerts, you\u2019ll receive these assets \nwhich include specialized content from Google Maps and Google Earth Pro.\u003C/div\u003E\u003Cdiv\u003E\u003Cbr\u003E\u003C/div\u003E\u003Cdiv\u003E\u003Cimg class=\"lesson-card__media__content ng-scope\" src=\"https://storage.googleapis.com/gweb-newslab.appspot.com/upload/NL_MediaAlerts_01_F_LR1.jpg\"\u003E\u003C/div\u003E\u003Cdiv\u003E\u003Cbr\u003E\u003C/div\u003E\u003Cdiv\u003E\u003Cdiv class=\"lesson-card__text__title ng-binding ng-scope\"\u003E\u003Ch2\u003ESatellite images, crisis maps and more.\u003C/h2\u003E\u003C/div\u003E\n            \u003Cdiv class=\"lesson-card__text__body ng-binding ng-scope\"\u003E\u003Cdiv\u003E\u003Cdiv\u003EHere\u2019s a sample of the types of tools you\u2019ll receive when you sign up for Google News Lab Alerts:\u003C/div\u003E\u003C/div\u003E\u003C/div\u003E\n            \n            \n            \n                \u003Cul class=\"lesson-card__toggle__list\"\u003E\u003Cli class=\"lesson-card__toggle__list__item ng-scope video\"\u003E\n                        \u003Cdiv class=\"lesson-card__toggle__list__item__link ng-binding active\" role=\"button\" tabindex=\"0\"\u003E\u003Cdiv\u003E\u003Cdiv\u003EFresh\n satellite imagery related to breaking news. New Crisis Maps launched by\n the Google Crisis Response team, which you can share and embed in your \ncoverage of natural disasters.&nbsp;\u003C/div\u003E\u003C/div\u003E\u003C/div\u003E\n                    \u003C/li\u003E\u003Cli class=\"lesson-card__toggle__list__item ng-scope video\"\u003E\n                        \u003Cdiv class=\"lesson-card__toggle__list__item__link ng-binding\" role=\"button\" tabindex=\"0\"\u003E\u003Cdiv\u003E\u003Cdiv\u003EGoogle Earth b-roll and assets for major world events, like the World Cup and Olympics.\u003C/div\u003E\u003C/div\u003E\u003C/div\u003E\u003C/li\u003E\u003C/ul\u003E\u003Cp\u003E\u003Cgcb-youtube videoid=\"https://youtu.be/_RC81_e3ds4\" instanceid=\"LFY8zazr9kI2\"\u003E\u003C/gcb-youtube\u003E\u003C/p\u003E\u003Cp\u003E\u003Cgcb-youtube videoid=\"https://youtu.be/7_eoJQsJd70\" instanceid=\"38Jlun36tyNC\"\u003E\u003C/gcb-youtube\u003E\u003C/p\u003E\u003Cp\u003E\u003Cbr\u003E\u003C/p\u003E\u003Cdiv class=\"lesson-card__text__title ng-binding ng-scope\"\u003E\u003Ch2\u003EGet alerts right in your inbox.\u003C/h2\u003E\u003C/div\u003E\n            \u003Cdiv\u003ETo sign up for the list, go to&nbsp;\u003Ca href=\"https://groups.google.com/forum/#%21forum/google-newslab-updates\" target=\"_blank\"\u003Eg.co/GoogleMediaAlerts\u003C/a\u003E&nbsp;and\n log in to your Google account. At the top of the Google Groups page, \nhit the \u201cApply to join group\u201d button. Make sure to edit your membership \nsettings to receive every e-mail as it\u2019s sent.\u003Cbr\u003E\u003Cbr\u003E\u003C/div\u003EThe \nmaterials sent through this mailing list are free to use in your news \ncoverage, just brush up on our permissions and attribution guidelines \nat&nbsp;\u003Ca href=\"https://www.google.com/permissions/\" target=\"_blank\"\u003Egoogle.com/permissions\u003C/a\u003E.\u003C/div\u003E\u003Cdiv\u003E\u003Cbr\u003E\u003C/div\u003E\u003Cdiv\u003E\u003Cgcb-youtube videoid=\"https://youtu.be/lJ0pamPhu5s\" instanceid=\"neO7poK1Xh6S\"\u003E\u003C/gcb-youtube\u003E\u003C/div\u003E\u003Cdiv\u003E\u003Cbr\u003E\u003C/div\u003E\u003Cdiv\u003E\u003Cbr\u003E\u003C/div\u003E\u003Cdiv\u003E\n\u003C/div\u003E\u003C/div\u003E\n\u003C/div\u003E\u003C/div\u003E\u003Cp\u003E\u003C/p\u003E\n\u003C/div\u003E\u003C/div\u003E\n\u003C/div\u003E\u003C/div\u003E\n\u003C/div\u003E\u003C/div\u003E", "manual_progress": false, "unit_id": "1", "activity_title": "", "availability": "public", "video": "", "lesson_id": 5, "auto_index": true, "duration": "", "shown_when_unavailable": false, "notes": "", "properties": {"modules.skill_map.skill_list": [5739407210446848]}, "activity_listed": true}, {"scored": false, "title": "Access Others Research", "has_activity": false, "objectives": "\u003Cdiv class=\"lesson-card__text__title ng-binding ng-scope\"\u003E\u003Ch1\u003EA source for sources.\u003C/h1\u003E\u003C/div\u003E\n            Google\n Scholar is a search tool that allows you to find and explore a wide \narray of scholarly literature. Accessible material includes articles, \ntheses, books, abstracts and court opinions from academic publishers, \nprofessional societies, online repositories, universities and websites.\u003Cbr\u003E\u003Cbr\u003E\u003Cimg class=\"lesson-card__media__content ng-scope\" src=\"https://storage.googleapis.com/gweb-newslab.appspot.com/upload/NL_googleScholar_c1.jpg\" style=\"width: 729px; height: 729px;\"\u003E\u003Cbr\u003E\u003Cbr\u003E\u003Cdiv class=\"lesson-card__text__title ng-binding ng-scope\"\u003E\u003Ch2\u003EFinding literature to help tell your story.\u003C/h2\u003E\u003C/div\u003E\n            \u003Cdiv class=\"lesson-card__text__body ng-binding ng-scope\"\u003E\u003Cdiv\u003E\u003Cp\u003ELet\u2019s\n say you\u2019re doing a story about voter redistricting. Visit \nscholar.google.com and search for \u201cvoter redistricting\u201d &nbsp;or simply \n\u201credistricting.\u201d Your results will include relevant papers, opinions and\n studies from educators, lawyers and authors from all over the world.\u003C/p\u003E\u003Cp\u003E\u003Cbr\u003E\u003C/p\u003E\u003Cp\u003E\u003Cgcb-youtube videoid=\"https://youtu.be/aQcrSEM2VCM\" instanceid=\"Ro5LWp25mgqS\"\u003E\u003C/gcb-youtube\u003E\u003C/p\u003E\u003Cp\u003E\u003Cbr\u003E\u003C/p\u003E\u003Cdiv class=\"lesson-card__text__title ng-binding ng-scope\"\u003E\u003Ch2\u003ERefining your results on the homepage.\u003C/h2\u003E\u003C/div\u003E\n            \u003Cdiv class=\"lesson-card__text__body ng-binding ng-scope\"\u003E\u003Cdiv\u003E\u003Cdiv\u003EThere are several ways to narrow your results and find helpful information.\u003C/div\u003E\u003C/div\u003E\u003C/div\u003E\n            \n            \n            \n                \u003Cul class=\"lesson-card__toggle__list\"\u003E\u003Cli class=\"lesson-card__toggle__list__item ng-scope video\"\u003E\n                        \u003Cdiv class=\"lesson-card__toggle__list__item__link ng-binding active\" role=\"button\" tabindex=\"0\"\u003E\u003Cdiv\u003E\u003Cdiv\u003EIn\n the left column, a menu allows you to choose between Articles and Case \nlaw (for the US). Just like on the homepage you can choose from Federal \nor local courts, or click Select courts to access a list of courts \naround the United States.\u003C/div\u003E\u003C/div\u003E\u003C/div\u003E\n                    \u003C/li\u003E\u003Cli class=\"lesson-card__toggle__list__item ng-scope video\"\u003E\n                        \u003Cdiv class=\"lesson-card__toggle__list__item__link ng-binding\" role=\"button\" tabindex=\"0\"\u003E\u003Cdiv\u003E\u003Cdiv\u003EAlso,\n if you click the little triangle in the search box, a window will \nappear that allows you to narrow your results using specific words, \nauthors or dates.\u003C/div\u003E\u003C/div\u003E\u003C/div\u003E\u003C/li\u003E\u003C/ul\u003E\u003Cp\u003E\u003Cgcb-youtube videoid=\"https://youtu.be/sZwsNLCov2U\" instanceid=\"WfoBwGSv8Fje\"\u003E\u003C/gcb-youtube\u003E\u003C/p\u003E\u003Cp\u003E\u003Cgcb-youtube videoid=\"https://youtu.be/XoOiO84pD0w\" instanceid=\"pi573puTkEfV\"\u003E\u003C/gcb-youtube\u003E\u003C/p\u003E\u003Cp\u003E\u003Ch2\u003E\u003Cbr\u003E\u003C/h2\u003E\u003C/p\u003E\u003Cdiv class=\"lesson-card__text__title ng-binding ng-scope\"\u003E\u003Ch2\u003ERefining your results on the results page.\u003C/h2\u003E\u003C/div\u003E\n            \u003Cdiv class=\"lesson-card__text__body ng-binding ng-scope\"\u003E\u003Cdiv\u003E\u003Cdiv\u003EThe results page also features various ways to narrow your results.\u003C/div\u003E\u003C/div\u003E\u003C/div\u003E\n            \n            \n            \n                \u003Cul class=\"lesson-card__toggle__list\"\u003E\u003Cli class=\"lesson-card__toggle__list__item ng-scope video\"\u003E\n                        \u003Cdiv class=\"lesson-card__toggle__list__item__link ng-binding active\" role=\"button\" tabindex=\"0\"\u003E\u003Cdiv\u003E\u003Cdiv\u003EIn the left column, a menu allows you to choose between Articles and Case law.\u003C/div\u003E\u003C/div\u003E\u003C/div\u003E\n                    \u003C/li\u003E\u003Cli class=\"lesson-card__toggle__list__item ng-scope video\"\u003E\n                        \u003Cdiv class=\"lesson-card__toggle__list__item__link ng-binding\" role=\"button\" tabindex=\"0\"\u003E\u003Cdiv\u003E\u003Cdiv\u003EThis menu also allows you to sort your results by date.\u003C/div\u003E\u003C/div\u003E\u003C/div\u003E\n                    \u003C/li\u003E\u003Cli class=\"lesson-card__toggle__list__item ng-scope video\"\u003E\n                        \u003Cdiv class=\"lesson-card__toggle__list__item__link ng-binding\" role=\"button\" tabindex=\"0\"\u003E\u003Cdiv\u003E\u003Cdiv\u003ETo\n refine your results by location, try searching your term with the area \nyou\u2019re interested in, (Redistricting, UK, for example).\u003C/div\u003E\u003C/div\u003E\u003C/div\u003E\u003C/li\u003E\u003C/ul\u003E\u003Cp\u003E\u003Cgcb-youtube videoid=\"https://youtu.be/yvjtQxFw-uM\" instanceid=\"CxoR4WVpza7m\"\u003E\u003C/gcb-youtube\u003E\u003C/p\u003E\u003Cp\u003E\u003Cgcb-youtube videoid=\"https://youtu.be/sygvJFBXTUI\" instanceid=\"8IJwzU4WRuER\"\u003E\u003C/gcb-youtube\u003E\u003C/p\u003E\u003Cp\u003E\u003Cgcb-youtube videoid=\"https://youtu.be/Y2KpB5r3vsA\" instanceid=\"BP2j1TWt3NN4\"\u003E\u003C/gcb-youtube\u003E\u003C/p\u003E\u003Cp\u003E\u003Cbr\u003E\u003C/p\u003E\u003Cdiv class=\"lesson-card__text__title ng-binding ng-scope\"\u003E\u003Ch2\u003EFinding more information.\u003C/h2\u003E\u003C/div\u003E\n            \u003Cdiv class=\"lesson-card__text__body ng-binding ng-scope\"\u003E\u003Cdiv\u003E\u003Cdiv\u003EMost articles are available as abstracts, or summaries. Reading the entire article sometimes requires a subscription.\u003C/div\u003E\u003C/div\u003E\u003C/div\u003E\n            \n            \n            \n                \u003Cul class=\"lesson-card__toggle__list\"\u003E\u003Cli class=\"lesson-card__toggle__list__item ng-scope video\"\u003E\n                        \u003Cdiv class=\"lesson-card__toggle__list__item__link ng-binding active\" role=\"button\" tabindex=\"0\"\u003E\u003Cdiv\u003E\u003Cdiv\u003EFirst,\n though, click the library link to the right of the subscription and the\n Versions link under the result to see what is available.\u003C/div\u003E\u003C/div\u003E\u003C/div\u003E\n                    \u003C/li\u003E\u003Cli class=\"lesson-card__toggle__list__item ng-scope video\"\u003E\n                        \u003Cdiv class=\"lesson-card__toggle__list__item__link ng-binding\" role=\"button\" tabindex=\"0\"\u003E\u003Cdiv\u003E\u003Cdiv\u003EClicking Related articles under the search result will bring you additional results to explore.\u003C/div\u003E\u003C/div\u003E\u003C/div\u003E\n                    \u003C/li\u003E\u003Cli class=\"lesson-card__toggle__list__item ng-scope video\"\u003E\n                        \u003Cdiv class=\"lesson-card__toggle__list__item__link ng-binding\" role=\"button\" tabindex=\"0\"\u003E\u003Cdiv\u003E\u003Cdiv\u003EClicking Cited by under the search result will also bring you additional results to explore.\u003C/div\u003E\u003C/div\u003E\u003C/div\u003E\u003C/li\u003E\u003C/ul\u003E\u003Cp\u003E\u003Cbr\u003E\u003C/p\u003E\u003Cp\u003E\u003Cgcb-youtube videoid=\"https://youtu.be/N_gIpAYwN9E\" instanceid=\"O8S6eWtJXW5x\"\u003E\u003C/gcb-youtube\u003E\u003C/p\u003E\u003Cp\u003E\u003Cgcb-youtube videoid=\"https://youtu.be/RvR8TvpAOZ8\" instanceid=\"8pBrB362x9SU\"\u003E\u003C/gcb-youtube\u003E\u003C/p\u003E\u003Cp\u003E\u003Cgcb-youtube videoid=\"https://youtu.be/TIfXNVuc7bc\" instanceid=\"rD7RcWhcZY3Z\"\u003E\u003C/gcb-youtube\u003E\u003C/p\u003E\u003Cp\u003E\u003Cbr\u003E\u003C/p\u003E\u003Cdiv class=\"lesson-card__text__title ng-binding ng-scope\"\u003E\u003Ch2\u003EFinding people to help tell your story.\u003C/h2\u003E\u003C/div\u003E\n            \u003Cdiv class=\"lesson-card__text__body ng-binding ng-scope\"\u003E\u003Cdiv\u003E\u003Cdiv\u003EYou\n can use Google Scholar to find expert sources. For your article on \nvoter redistricting, for example, you may want to quote or gain insight \nfrom someone who has researched the topic in depth.\u003C/div\u003E\u003C/div\u003E\u003C/div\u003E\n            \n            \n            \n                \u003Cul class=\"lesson-card__toggle__list\"\u003E\u003Cli class=\"lesson-card__toggle__list__item ng-scope video\"\u003E\n                        \u003Cdiv class=\"lesson-card__toggle__list__item__link ng-binding active\" role=\"button\" tabindex=\"0\"\u003E\u003Cdiv\u003E\u003Cdiv\u003EIf\n you find a useful result and the author\u2019s name is underlined, click on \nit to see his or her user profile. This will include additional articles\n written by the author and a list of topics he or she writes about.\u003C/div\u003E\u003C/div\u003E\u003C/div\u003E\n                    \u003C/li\u003E\u003Cli class=\"lesson-card__toggle__list__item ng-scope video\"\u003E\n                        \u003Cdiv class=\"lesson-card__toggle__list__item__link ng-binding\" role=\"button\" tabindex=\"0\"\u003E\u003Cdiv\u003E\u003Cdiv\u003EBy clicking on a topic on an author\u2019s profile page, you can find other authors who cover it.\u003C/div\u003E\u003C/div\u003E\u003C/div\u003E\n                    \u003C/li\u003E\u003Cli class=\"lesson-card__toggle__list__item ng-scope video\"\u003E\n                        \u003Cdiv class=\"lesson-card__toggle__list__item__link ng-binding\" role=\"button\" tabindex=\"0\"\u003E\u003Cdiv\u003E\u003Cdiv\u003EIf\n a source seems particularly knowledgeable, and has provided a link to \ntheir personal site, you may be able to contact them for a quote or \ncomment on your story.\u003C/div\u003E\u003C/div\u003E\u003C/div\u003E\n                    \u003C/li\u003E\u003Cli class=\"lesson-card__toggle__list__item ng-scope video\"\u003E\n                        \u003Cdiv class=\"lesson-card__toggle__list__item__link ng-binding\" role=\"button\" tabindex=\"0\"\u003E\u003Cdiv\u003E\u003Cdiv\u003EYou can also use the search bar in User Profiles to try to find additional relevant authors.\u003C/div\u003E\u003C/div\u003E\u003C/div\u003E\u003C/li\u003E\u003C/ul\u003E\u003Cp\u003E\u003Cgcb-youtube videoid=\"https://youtu.be/F-Kqlr3DQfc\" instanceid=\"e3Ukleo2J7fb\"\u003E\u003C/gcb-youtube\u003E\u003C/p\u003E\u003Cp\u003E\u003Cgcb-youtube videoid=\"https://youtu.be/7QnmUMVXeAk\" instanceid=\"l5vUu30axZuj\"\u003E\u003C/gcb-youtube\u003E\u003C/p\u003E\u003Cp\u003E\u003Cgcb-youtube videoid=\"https://youtu.be/vZ7-XVJ00Cc\" instanceid=\"54f2aPxvUz0a\"\u003E\u003C/gcb-youtube\u003E\u003C/p\u003E\u003Cp\u003E\u003Cgcb-youtube videoid=\"https://youtu.be/kIqQ5ACNuc4\" instanceid=\"LU6v4n45TS9b\"\u003E\u003C/gcb-youtube\u003E\u003C/p\u003E\u003Cp\u003E\u003Cbr\u003E\u003C/p\u003E\u003Cdiv class=\"lesson-card__text__title ng-binding ng-scope\"\u003E\u003Ch2\u003EGoogle Scholar citations\u003C/h2\u003E\u003C/div\u003E\n            \u003Cdiv class=\"lesson-card__text__body ng-binding ng-scope\"\u003E\u003Cdiv\u003E\u003Cp\u003EThe My Citations button allows authors to track when and where their articles, opinions, research publications, etc. are cited.\u003C/p\u003E\n\n\u003Cp\u003EIf you have published scholarly articles or books, you can create a \nprofile and monitor your own publications into Google Scholar, for \nexample, your article on voter redistricting that appeared in an \nacademic political science journal.\u003C/p\u003E\u003Cp\u003E\u003Cbr\u003E\u003C/p\u003E\u003Cp\u003E\u003Cgcb-youtube videoid=\"https://youtu.be/3VpTLQ83rHQ\" instanceid=\"h6VWQQh4oXcd\"\u003E\u003C/gcb-youtube\u003E\u003C/p\u003E\u003Cp\u003E\u003Cbr\u003E\u003C/p\u003E\u003Cdiv class=\"lesson-card__text__title ng-binding ng-scope\"\u003E\u003Ch2\u003EGoogle Scholar plugins.\u003C/h2\u003E\u003C/div\u003E\n            \u003Cdiv class=\"lesson-card__text__body ng-binding ng-scope\"\u003E\u003Cdiv\u003E\u003Cp\u003EGoogle\n offers some useful Scholar plugins for Chrome, Firefox and Safari that \nallow you to lookup scholarly articles as you browse the web.\u003C/p\u003E\n\n\u003Cp\u003EThis extension adds a browser button to your window for easy access to Google Scholar from any web page.\u003C/p\u003E\n\n\u003Cp\u003EJust highlight the title of the paper you\u2019re reading and clicking the\n Scholar button, you can see results for viewing the full text without \nleaving the window you\u2019re viewing.\u003C/p\u003E\u003Cp\u003E\u003Cbr\u003E\u003C/p\u003E\u003Cp\u003E\u003Cgcb-youtube videoid=\"https://youtu.be/MeSI_WBU3l0\" instanceid=\"43L97qBzmDN0\"\u003E\u003C/gcb-youtube\u003E\u003C/p\u003E\u003Cp\u003E\u003Cbr\u003E\u003C/p\u003E\u003Cp\u003E\u003Cbr\u003E\u003C/p\u003E\n\u003C/div\u003E\u003C/div\u003E\n\u003C/div\u003E\u003C/div\u003E\u003Cp\u003E\u003C/p\u003E\n\u003C/div\u003E\u003C/div\u003E", "manual_progress": false, "unit_id": "1", "activity_title": "", "availability": "public", "video": "", "lesson_id": 6, "auto_index": true, "duration": "", "shown_when_unavailable": false, "notes": "", "properties": {"modules.skill_map.skill_list": [5692462144159744]}, "activity_listed": true}, {"scored": false, "title": "Other Helpful Google Tools", "has_activity": false, "objectives": "\u003Cdiv class=\"lesson-card__text__title ng-binding ng-scope\"\u003E\u003Ch1\u003ESearching historical articles.\u003C/h1\u003E\u003C/div\u003E\n            \u003Cdiv class=\"lesson-card__text__body ng-binding ng-scope\"\u003E\u003Cdiv\u003E\u003Cdiv\u003EWhen\n you search for news in Google, you\u2019ll get the most recent articles \nrelevant to your query. But sometimes, you may need to see a topic\u2019s \ncoverage over time or find the most significant article rather than the \nmost recent.&nbsp;\u003Cbr\u003E\u003Cbr\u003ELet\u2019s say you\u2019re doing a retrospective on NASA's \nambitions for putting a man on Mars. You can trace how the story is \nunfolding using the news archives.\u003C/div\u003E\u003Cdiv\u003E\u003Cbr\u003E\u003C/div\u003E\u003Cdiv\u003E\u003Cimg class=\"lesson-card__media__content ng-scope\" src=\"https://storage.googleapis.com/gweb-newslab.appspot.com/upload/NL_NewsArchive_1_AB01_LR1.jpg\" style=\"width: 760px; height: 760px;\"\u003E\u003C/div\u003E\u003Cdiv\u003E\u003Cbr\u003E\u003C/div\u003E\u003Cdiv\u003E\u003Cdiv class=\"lesson-card__text__title ng-binding ng-scope\"\u003E\u003Ch2\u003EArticles from 2003 to the present.\u003C/h2\u003E\u003C/div\u003E\n            Go to&nbsp;\u003Ca href=\"http://news.google.com\" target=\"_blank\"\u003Enews.google.com\u003C/a\u003E&nbsp;and enter your query in the search box.\u003Cbr\u003E\u003Cbr\u003EFrom the results page that appears, go to Search tools just below the search box.\u003Cbr\u003E\u003Cbr\u003EFrom the menu that appears, click Recent.\u003Cbr\u003E\u003Cbr\u003EOn the dropdown list, click Archive. Or, if you\u2019d like to specify a date range, click Custom range.\u003Cbr\u003E\u003Cbr\u003EYour results will be ranked by significance and may include stories as far back as 2003. \u003Cbr\u003E\u003C/div\u003E\u003Cdiv\u003E\u003Cbr\u003E\u003C/div\u003E\u003Cdiv\u003E\u003Cgcb-youtube videoid=\"https://youtu.be/ZwQTzcw9u-w\" instanceid=\"D5AMzaYEzfR5\"\u003E\u003C/gcb-youtube\u003E\u003C/div\u003E\u003Cdiv\u003E\u003Cbr\u003E\u003C/div\u003E\u003Cdiv\u003E\u003Cdiv class=\"lesson-card__text__title ng-binding ng-scope\"\u003E\u003Ch2\u003EFind stories before 2003.\u003C/h2\u003E\u003C/div\u003E\n            \u003Cdiv class=\"lesson-card__text__body ng-binding ng-scope\"\u003E\u003Cdiv\u003E\u003Cdiv\u003EYou\u2019ve\n surveyed stories as far back as 2003, but how do you get to 1995? There\n are two ways to perform your research. The first is your regular Google\n Web Search. Just note that it doesn\u2019t support custom date ranges \nearlier than 1970 or link to content behind a paywall.\u003C/div\u003E\u003Cdiv\u003E\u003Cbr\u003E\u003C/div\u003E\u003Cdiv\u003ETo find stories from 1995 or before, you can search for scanned newspaper articles.\u003C/div\u003E\u003Cdiv\u003E\u003Cbr\u003E\u003C/div\u003E\u003Cdiv\u003EGo to&nbsp;\u003Ca href=\"http://google.com/\" target=\"_blank\"\u003Egoogle.com\u003C/a\u003E&nbsp;and type in&nbsp;\u003Cstrong\u003Esite:google.com/newspapers\u003C/strong\u003E, followed by the search terms you\u2019d like to use. For example,&nbsp;\u003Cstrong\u003Esite:google.com/newspapers \u201cNASA putting man on Mars\u201d\u003C/strong\u003E. This should yield any scanned articles on your topic.\u003C/div\u003E\u003Cdiv\u003E\u003Cbr\u003E\u003C/div\u003E\u003Cdiv\u003E\u003Cgcb-youtube videoid=\"https://youtu.be/4qzSd4UzYkQ\" instanceid=\"5LI58FO6GjRn\"\u003E\u003C/gcb-youtube\u003E\u003C/div\u003E\u003Cdiv\u003E\u003Cbr\u003E\u003C/div\u003E\u003Cdiv\u003E\u003Cdiv class=\"lesson-card__text__title ng-binding ng-scope\"\u003E\u003Ch1\u003EWherever you go, speak the language.\u003C/h1\u003E\u003C/div\u003E\n            \u003Cdiv\u003EWhether\n you\u2019re on assignment across the world, or in an immigrant community \nacross town, you may find yourself in a situation where you need help \nbridging a language gap.\u003Cbr\u003E\u003Cbr\u003E\u003C/div\u003EThe Google Translate app, on \niOS or Android, is the most powerful way to translate between over 100 \nlanguages. Sure, you can type in a phrase and get a translation on your \ndesktop computer, but there\u2019s even more you can do on your mobile.\u003C/div\u003E\u003Cdiv\u003E\u003Cbr\u003E\u003C/div\u003E\u003Cdiv\u003E\u003Cimg class=\"lesson-card__media__content ng-scope\" src=\"https://storage.googleapis.com/gweb-newslab.appspot.com/upload/NL_Translate_01_F.jpg\" style=\"width: 678px; height: 678px;\"\u003E\u003C/div\u003E\u003Cdiv\u003E\u003Cbr\u003E\u003C/div\u003E\u003Cdiv\u003E\u003Cdiv class=\"lesson-card__text__title ng-binding ng-scope\"\u003E\u003Ch2\u003EA two-way interpreter that fits in your pocket.\u003C/h2\u003E\u003C/div\u003E\n            \u003Cdiv class=\"lesson-card__text__body ng-binding ng-scope\"\u003E\u003Cdiv\u003E\u003Cp\u003EPerhaps\n the most useful tool for a reporter is Conversation Mode. When you \ntouch the microphone button, Translate listens to a conversation, \nrecognizes which of the two languages are being spoken, and translates \nit aloud and on screen into the other language.\u003C/p\u003E\n\n\u003Cp\u003ENeed that in Portuguese? Conversation Mode has voice recognition support for 30 languages.\u003C/p\u003E\u003Cp\u003E\u003Cgcb-youtube videoid=\"https://youtu.be/8e_-DlrnVFc\" instanceid=\"LbUnQ0DhPC4s\"\u003E\u003C/gcb-youtube\u003E\u003C/p\u003E\u003Cp\u003E\u003Ch2\u003E\u003Cbr\u003E\u003C/h2\u003E\u003C/p\u003E\u003Cdiv class=\"lesson-card__text__title ng-binding ng-scope\"\u003E\u003Ch2\u003EUse your phone\u2019s camera to translate signs.\u003C/h2\u003E\u003C/div\u003E\n            \u003Cdiv class=\"lesson-card__text__body ng-binding ng-scope\"\u003E\u003Cdiv\u003E\u003Cdiv\u003EWhat if you need to figure out what a sign or document means? Use Word Lens for instant translations.\u003C/div\u003E\u003C/div\u003E\u003C/div\u003E\n            \n            \n            \n                \u003Cul class=\"lesson-card__toggle__list\"\u003E\u003Cli class=\"lesson-card__toggle__list__item ng-scope video\"\u003E\n                        \u003Cdiv class=\"lesson-card__toggle__list__item__link ng-binding active\" role=\"button\" tabindex=\"0\"\u003E\u003Cdiv\u003E\u003Cdiv\u003ESet\n the language pair, tap the camera icon, and in a split second Word Lens\n will translate whatever words are in front of the camera.\u003C/div\u003E\u003C/div\u003E\u003C/div\u003E\n                    \u003C/li\u003E\u003Cli class=\"lesson-card__toggle__list__item ng-scope video\"\u003E\n                        \u003Cdiv class=\"lesson-card__toggle__list__item__link ng-binding\" role=\"button\" tabindex=\"0\"\u003E\u003Cdiv\u003E\u003Cdiv\u003EIf\n the text isn\u2019t recognizable by Word Lens, you can use the scan \nfunction. Just highlight each word or phrase for a translation.\u003C/div\u003E\u003C/div\u003E\u003C/div\u003E\u003C/li\u003E\u003C/ul\u003E\u003Cp\u003E\u003Cgcb-youtube videoid=\"https://youtu.be/1kXrkIA1KW0\" instanceid=\"94OWFumnZ3EB\"\u003E\u003C/gcb-youtube\u003E\u003C/p\u003E\u003Cp\u003E\u003Cbr\u003E\u003C/p\u003E\u003Cp\u003E\u003Cgcb-youtube videoid=\"https://youtu.be/4N5uoTjKRFY\" instanceid=\"x9aoYgOc12oi\"\u003E\u003C/gcb-youtube\u003E\u003C/p\u003E\u003Cp\u003E\u003Cbr\u003E\u003C/p\u003E\u003Cdiv class=\"lesson-card__text__title ng-binding ng-scope\"\u003E\u003Ch2\u003ETranslating without an Internet connection.\u003C/h2\u003E\u003C/div\u003E\n            \u003Cdiv class=\"lesson-card__text__body ng-binding ng-scope\"\u003E\u003Cdiv\u003E\u003Cdiv\u003EIf\n you\u2019re out of mobile range or just looking to save on data charges, no \nworries. For most phones, you can download a language pack for instant \ntranslations offline. And Word Lens works on all phones without a data \nconnection.\u003Cbr\u003E\u003Cbr\u003E\u003C/div\u003E\u003Cdiv\u003EHave conversations, read signs, and \ntranslate offline -- all with the Translate app. To download it for \nfree, just go to the App Store on your iPhone or the Play Store on \nAndroid.\u003C/div\u003E\u003Cdiv\u003E\u003Cbr\u003E\u003C/div\u003E\u003Cdiv\u003E\u003Cgcb-youtube videoid=\"https://youtu.be/hu0sdKFs0v4\" instanceid=\"msxZcRdAuOLt\"\u003E\u003C/gcb-youtube\u003E\u003C/div\u003E\u003Cdiv\u003E\u003Cbr\u003E\u003C/div\u003E\u003Cdiv\u003E\u003Cdiv class=\"lesson-card__text__title ng-binding ng-scope\"\u003E\u003Ch1\u003EHow to use the Google brand in your content.\u003C/h1\u003E\u003C/div\u003E\n            The\n Google Permissions website is your one-stop-shop to learn how to \nproperly use and cite our products in your stories. It highlights common\n use cases, basic trademark guidelines and gives instructions on using \nour logos, images, maps and graphics across all media.\u003C/div\u003E\u003Cdiv\u003E\u003Cbr\u003E\u003C/div\u003E\u003Cdiv\u003E\u003Cimg class=\"lesson-card__media__content ng-scope\" src=\"https://storage.googleapis.com/gweb-newslab.appspot.com/upload/NL_DATA1_AB03_LR1.jpg\" style=\"width: 546px; height: 546px;\"\u003E\u003C/div\u003E\u003Cdiv\u003E\u003Cbr\u003E\u003C/div\u003E\u003Cdiv\u003E\u003Cdiv class=\"lesson-card__text__title ng-binding ng-scope\"\u003E\u003Ch2\u003ECiting maps sources.\u003C/h2\u003E\u003C/div\u003E\n            \u003Cdiv\u003EFrom\n satellite images to maps, journalists around the world use our tools to\n help tell their stories. And we\u2019re glad. We simply ask that you follow \nsome usage rules to ensure they\u2019re used fairly and properly.\u003Cbr\u003E\u003Cbr\u003E\u003C/div\u003ELet\u2019s say you\u2019re publishing a web infographic using an image from Google Earth. Go to the Permissions website and click&nbsp;\u003Cstrong\u003EUsing our maps\u003C/strong\u003E&nbsp;along the left. Read the&nbsp;\u003Cstrong\u003EBasics&nbsp;\u003C/strong\u003Esection, which should answer most FAQs for any Google map usage.\u003C/div\u003E\u003Cdiv\u003E\u003Cbr\u003E\u003C/div\u003E\u003Cdiv\u003E\u003Cgcb-youtube videoid=\"https://youtu.be/SQPoDhW2hmk\" instanceid=\"1A1gMJ1qyDMM\"\u003E\u003C/gcb-youtube\u003E\u003C/div\u003E\u003Cdiv\u003E\u003Cbr\u003E\u003C/div\u003E\u003Cdiv\u003E\u003Cdiv class=\"lesson-card__text__title ng-binding ng-scope\"\u003E\u003Ch2\u003EGiving credit where it\u2019s due.\u003C/h2\u003E\u003C/div\u003E\n            \u003Cdiv class=\"lesson-card__text__body ng-binding ng-scope\"\u003E\u003Cdiv\u003E\u003Cp\u003EWhen\n you\u2019re ready to publish, make sure you properly cite your Google \nsource. Many of our products, such as Google Maps and Google Earth, will\n automatically incorporate an attribution for Google and the data \nprovider. We\u2019ve also set up an attributions site to answer your more \ndetailed questions.\u003C/p\u003E\u003Cp\u003E\u003Cbr\u003E\u003C/p\u003E\u003Cp\u003E\u003Cgcb-youtube videoid=\"https://youtu.be/Rr9h2dsvJMU\" instanceid=\"cNqjRy0DD1OR\"\u003E\u003C/gcb-youtube\u003E\u003C/p\u003E\u003Cp\u003E\u003Cbr\u003E\u003C/p\u003E\u003Cp\u003E\u003Cbr\u003E\u003C/p\u003E\n\u003C/div\u003E\u003C/div\u003E\u003C/div\u003E\u003C/div\u003E\u003C/div\u003E\n\u003C/div\u003E\u003C/div\u003E\u003C/div\u003E\u003C/div\u003E\u003C/div\u003E\u003C/div\u003E\u003C/div\u003E\u003C/div\u003E", "manual_progress": false, "unit_id": "1", "activity_title": "", "availability": "public", "video": "", "lesson_id": 7, "auto_index": true, "duration": "", "shown_when_unavailable": false, "notes": "", "properties": {"modules.skill_map.skill_list": [5769015641243648, 5725107787923456, 5707702298738688]}, "activity_listed": true}], "next_id": 9, "version": "1.3"}