{"rows": [
    {"key.name": "None", "data": "{\"prerequisites\": [], \"last_modified\": 1501248041.27175, \"name\": \"Password Alert\", \"description\": \"\"}", "key.id": 5105650963054592, "key": "ag9lfmNmYWZyaWNhLW1vb2NyGQsSDF9Ta2lsbEVudGl0eRiAgICAgPKICQyiARJuc19kaWdpdGFsX2h5Z2llbmU"},
    {"key.name": "None", "data": "{\"prerequisites\": [], \"last_modified\": 1501232883.8320799, \"name\": \"Google Search Engine\", \"description\": \"\"}", "key.id": 5629499534213120, "key": "ag9lfmNmYWZyaWNhLW1vb2NyGQsSDF9Ta2lsbEVudGl0eRiAgICAgICACgyiARJuc19kaWdpdGFsX2h5Z2llbmU"},
    {"key.name": "None", "data": "{\"prerequisites\": [], \"last_modified\": 1501234697.2839, \"name\": \"Google Streetview\", \"description\": \"\"}", "key.id": 5639445604728832, "key": "ag9lfmNmYWZyaWNhLW1vb2NyGQsSDF9Ta2lsbEVudGl0eRiAgICAvKGCCgyiARJuc19kaWdpdGFsX2h5Z2llbmU"},
    {"key.name": "None", "data": "{\"prerequisites\": [], \"last_modified\": 1501232892.0476301, \"name\": \"Google Chrome\", \"description\": \"\"}", "key.id": 5649391675244544, "key": "ag9lfmNmYWZyaWNhLW1vb2NyGQsSDF9Ta2lsbEVudGl0eRiAgICA-MKECgyiARJuc19kaWdpdGFsX2h5Z2llbmU"},
    {"key.name": "None", "data": "{\"prerequisites\": [], \"last_modified\": 1501238307.9776101, \"name\": \"Google Translate\", \"description\": \"\"}", "key.id": 5659313586569216, "key": "ag9lfmNmYWZyaWNhLW1vb2NyGQsSDF9Ta2lsbEVudGl0eRiAgICA2uOGCgyiARJuc19kaWdpdGFsX2h5Z2llbmU"},
    {"key.name": "None", "data": "{\"prerequisites\": [], \"last_modified\": 1501247078.48069, \"name\": \"2-Step Verification \", \"description\": \"\"}", "key.id": 5668600916475904, "key": "ag9lfmNmYWZyaWNhLW1vb2NyGQsSDF9Ta2lsbEVudGl0eRiAgICAgPKICgyiARJuc19kaWdpdGFsX2h5Z2llbmU"},
    {"key.name": "None", "data": "{\"prerequisites\": [], \"last_modified\": 1501576514.6701901, \"name\": \"Basics of verification\", \"description\": \"\"}", "key.id": 5676073085829120, "key": "ag9lfmNmYWZyaWNhLW1vb2NyGQsSDF9Ta2lsbEVudGl0eRiAgICAvMuKCgyiARJuc19kaWdpdGFsX2h5Z2llbmU"},
    {"key.name": "None", "data": "{\"prerequisites\": [], \"last_modified\": 1501247307.6041701, \"name\": \"Project Shield\", \"description\": \"\"}", "key.id": 5720147234914304, "key": "ag9lfmNmYWZyaWNhLW1vb2NyGQsSDF9Ta2lsbEVudGl0eRiAgICAmc6UCgyiARJuc19kaWdpdGFsX2h5Z2llbmU"},
    {"key.name": "None", "data": "{\"prerequisites\": [], \"last_modified\": 1501234685.39677, \"name\": \"Google Earth\", \"description\": \"\"}", "key.id": 5722646637445120, "key": "ag9lfmNmYWZyaWNhLW1vb2NyGQsSDF9Ta2lsbEVudGl0eRiAgICA-JaVCgyiARJuc19kaWdpdGFsX2h5Z2llbmU"}
]}
