{"rows": [
    {"key.name": "None", "data": "{\"defaultFeedback\": \"\", \"description\": \"End Unit 5 Q1\", \"multiple_selections\": false, \"question\": \"In browsers other than Chrome, how do you perform a reverse image search?\\n            \", \"choices\": [{\"text\": \"\\u003Cspan class=\\\"quiz-card__choice__text ng-binding\\\"\\u003EGo to images.google.com, click on the camera icon and upload the photo or paste in its URL\\u003C/span\\u003E\", \"score\": 1.0, \"feedback\": \"\"}, {\"text\": \"\\u003Cspan class=\\\"quiz-card__choice__text ng-binding\\\"\\u003EClick on the image and choose \\u201cFind visually similar images\\u201d\\u003C/span\\u003E\\n                    \", \"score\": 0.0, \"feedback\": \"\"}, {\"text\": \"\\u003Cspan class=\\\"quiz-card__choice__text ng-binding\\\"\\u003EGo to google.com and click on \\u201cSearch tools\\u201d and \\u201cimages\\u201d\\u003C/span\\u003E\", \"score\": 0.0, \"feedback\": \"\"}, {\"text\": \"\\u003Cspan class=\\\"quiz-card__choice__text ng-binding\\\"\\u003EGo to photos.google.com and click on \\u201cReverse image search\\u201d\\u003C/span\\u003E\", \"score\": 0.0, \"feedback\": \"\"}], \"version\": \"1.5\", \"last_modified\": 1501242673.34534, \"type\": 0, \"all_or_nothing_grading\": true, \"permute_choices\": true, \"show_answer_when_incorrect\": true}", "key.id": 5086441721823232, "key": "ag9lfmNmYWZyaWNhLW1vb2NyGwsSDlF1ZXN0aW9uRW50aXR5GICAgID4woQJDKIBEm5zX2RpZ2l0YWxfaHlnaWVuZQ"},
    {"key.name": "None", "data": "{\"defaultFeedback\": \"\", \"description\": \"End Unit 5 Q2\", \"multiple_selections\": false, \"question\": \"What purpose does the Google \\u201cBest Guess\\u201d suggestion about an image serve?\\n            \", \"choices\": [{\"text\": \"\\u003Cspan class=\\\"quiz-card__choice__text ng-binding\\\"\\u003EDetermining where an image first appeared\\u003C/span\\u003E\", \"score\": 0.0, \"feedback\": \"\"}, {\"text\": \"\\u003Cspan class=\\\"quiz-card__choice__text ng-binding\\\"\\u003EFiguring out if the image is authentic or manipulated\\u003C/span\\u003E\", \"score\": 0.0, \"feedback\": \"\"}, {\"text\": \"\\u003Cspan class=\\\"quiz-card__choice__text ng-binding\\\"\\u003EGiving you related search terms for your image\\u003C/span\\u003E\", \"score\": 1.0, \"feedback\": \"\"}, {\"text\": \"\\u003Cbr\\u003E\\u003Cspan class=\\\"quiz-card__choice__text ng-binding\\\"\\u003E\\u003Cspan class=\\\"quiz-card__choice__text ng-binding\\\"\\u003EPinpointing when an image was taken\\u003C/span\\u003E\\u003C/span\\u003E\", \"score\": 0.0, \"feedback\": \"\"}], \"version\": \"1.5\", \"last_modified\": 1501242818.4872899, \"type\": 0, \"all_or_nothing_grading\": true, \"permute_choices\": true, \"show_answer_when_incorrect\": true}", "key.id": 5634472569470976, "key": "ag9lfmNmYWZyaWNhLW1vb2NyGwsSDlF1ZXN0aW9uRW50aXR5GICAgIDekIEKDKIBEm5zX2RpZ2l0YWxfaHlnaWVuZQ"},
    {"key.name": "None", "data": "{\"defaultFeedback\": \"\", \"description\": \"End Unit 5 Q6\", \"multiple_selections\": false, \"question\": \"In Google Maps, what happens when you click on the yellow \\u201cpegman\\u201d?\\n            \", \"choices\": [{\"text\": \"\\u003Cspan class=\\\"quiz-card__choice__text ng-binding\\\"\\u003EIt drops a \\u201cpeg\\u201d or pin on the map\\u003C/span\\u003E\\n                    \", \"score\": 1.0, \"feedback\": \"\"}, {\"text\": \"\\u003Cspan class=\\\"quiz-card__choice__text ng-binding\\\"\\u003EThe image toggles between \\u201cEarth\\u201d view and \\u201cStreet\\u201d view\\u003C/span\\u003E\", \"score\": 0.0, \"feedback\": \"\"}, {\"text\": \"\\u003Cspan class=\\\"quiz-card__choice__text ng-binding\\\"\\u003EIt reveals areas where Street View is available\\u003C/span\\u003E\\n                    \", \"score\": 0.0, \"feedback\": \"\"}, {\"text\": \"\\u003Cspan class=\\\"quiz-card__choice__text ng-binding\\\"\\u003EIt switches the map to 3D view\\u003C/span\\u003E\", \"score\": 0.0, \"feedback\": \"\"}], \"version\": \"1.5\", \"last_modified\": 1501243848.1842501, \"type\": 0, \"all_or_nothing_grading\": true, \"permute_choices\": true, \"show_answer_when_incorrect\": true}", "key.id": 5644406560391168, "key": "ag9lfmNmYWZyaWNhLW1vb2NyGwsSDlF1ZXN0aW9uRW50aXR5GICAgIDtsYMKDKIBEm5zX2RpZ2l0YWxfaHlnaWVuZQ"},
    {"key.name": "None", "data": "{\"defaultFeedback\": \"\", \"description\": \"End Unit 5 Q3\", \"multiple_selections\": false, \"question\": \"What browsers can you use to perform a reverse image search on your mobile device?\", \"choices\": [{\"text\": \"\\u003Cspan class=\\\"quiz-card__choice__text ng-binding\\\"\\u003EChrome and Firefox\\u003C/span\\u003E\", \"score\": 0.0, \"feedback\": \"\"}, {\"text\": \"\\u003Cspan class=\\\"quiz-card__choice__text ng-binding\\\"\\u003EAny browser\\u003C/span\\u003E\\n                    \", \"score\": 0.0, \"feedback\": \"\"}, {\"text\": \"\\u003Cspan class=\\\"quiz-card__choice__text ng-binding\\\"\\u003EChrome, Firefox and Safari\\u003C/span\\u003E\", \"score\": 0.0, \"feedback\": \"\"}, {\"text\": \"\\u003Cspan class=\\\"quiz-card__choice__text ng-binding\\\"\\u003EChrome\\u003C/span\\u003E\\n                    \", \"score\": 1.0, \"feedback\": \"\"}], \"version\": \"1.5\", \"last_modified\": 1501242928.0987501, \"type\": 0, \"all_or_nothing_grading\": true, \"permute_choices\": true, \"show_answer_when_incorrect\": true}", "key.id": 5654313976201216, "key": "ag9lfmNmYWZyaWNhLW1vb2NyGwsSDlF1ZXN0aW9uRW50aXR5GICAgICZ0oUKDKIBEm5zX2RpZ2l0YWxfaHlnaWVuZQ"},
    {"key.name": "None", "data": "{\"defaultFeedback\": \"\", \"description\": \"End Unit 5 Q7\", \"multiple_selections\": false, \"question\": \"How do you search for landmarks, businesses and other visual clues that might help narrow down your location?\\n            \", \"choices\": [{\"text\": \"\\u003Cspan class=\\\"quiz-card__choice__text ng-binding\\\"\\u003EClick on the compass icon to reveal major landmarks and businesses\\u003C/span\\u003E\\n                    \", \"score\": 0.0, \"feedback\": \"\"}, {\"text\": \"\\u003Cspan class=\\\"quiz-card__choice__text ng-binding\\\"\\u003EClick the menu button in the upper left corner and select \\u201clandmarks\\u201d from the popup window\\u003C/span\\u003E\", \"score\": 1.0, \"feedback\": \"\"}, {\"text\": \"\\u003Cspan class=\\\"quiz-card__choice__text ng-binding\\\"\\u003ERight click to highlight the area you want to examine\\u003C/span\\u003E\", \"score\": 0.0, \"feedback\": \"\"}, {\"text\": \"\\u003Cspan class=\\\"quiz-card__choice__text ng-binding\\\"\\u003EUse the search \\u201cNearby\\u201d function \\u003C/span\\u003E\\n                    \", \"score\": 0.0, \"feedback\": \"\"}], \"version\": \"1.5\", \"last_modified\": 1501243957.8640299, \"type\": 0, \"all_or_nothing_grading\": true, \"permute_choices\": true, \"show_answer_when_incorrect\": true}", "key.id": 5664248772427776, "key": "ag9lfmNmYWZyaWNhLW1vb2NyGwsSDlF1ZXN0aW9uRW50aXR5GICAgICr84cKDKIBEm5zX2RpZ2l0YWxfaHlnaWVuZQ"},
    {"key.name": "None", "data": "{\"defaultFeedback\": \"\", \"description\": \"End Unit 5 Q5\", \"multiple_selections\": false, \"question\": \"If you want to use Google Street View to verify a location in a photograph, how would you begin?\\n            \", \"choices\": [{\"text\": \"\\u003Cspan class=\\\"quiz-card__choice__text ng-binding\\\"\\u003EGo to google.com/streetview and click on \\u201cEarth\\u201d view\\u003C/span\\u003E\", \"score\": 0.0, \"feedback\": \"\"}, {\"text\": \"\\u003Cspan class=\\\"quiz-card__choice__text ng-binding\\\"\\u003EGo to google.com/maps and search for the most detailed location information you have\\u003C/span\\u003E\\n                    \", \"score\": 1.0, \"feedback\": \"\"}, {\"text\": \"\\u003Cspan class=\\\"quiz-card__choice__text ng-binding\\\"\\u003EGo to google.com/earth and select \\u201cStreetview\\u201d\\u003C/span\\u003E\", \"score\": 0.0, \"feedback\": \"\"}, {\"text\": \"\\u003Cspan class=\\\"quiz-card__choice__text ng-binding\\\"\\u003EGo to mymaps.google.com and select \\u201cCountry\\u201d\\u003C/span\\u003E\", \"score\": 0.0, \"feedback\": \"\"}], \"version\": \"1.5\", \"last_modified\": 1501243734.6792099, \"type\": 0, \"all_or_nothing_grading\": true, \"permute_choices\": true, \"show_answer_when_incorrect\": true}", "key.id": 5682617542246400, "key": "ag9lfmNmYWZyaWNhLW1vb2NyGwsSDlF1ZXN0aW9uRW50aXR5GICAgID4iYwKDKIBEm5zX2RpZ2l0YWxfaHlnaWVuZQ"},
    {"key.name": "None", "data": "{\"defaultFeedback\": \"\", \"description\": \"End Unit 5 Q8\", \"multiple_selections\": false, \"question\": \"When you save a point on your map (indicated by a yellow star), which of the following is true?\\n            \", \"choices\": [{\"text\": \"\\u003Cspan class=\\\"quiz-card__choice__text ng-binding\\\"\\u003EThe location will be saved to \\u201cYour Places\\u201d until you delete it \\u003C/span\\u003E\\n                    \", \"score\": 1.0, \"feedback\": \"\"}, {\"text\": \"\\u003Cspan class=\\\"quiz-card__choice__text ng-binding\\\"\\u003EThe location will be marked as \\u201cVisited\\u201d\\u003C/span\\u003E\", \"score\": 0.0, \"feedback\": \"\"}, {\"text\": \"\\u003Cspan class=\\\"quiz-card__choice__text ng-binding\\\"\\u003EThe location will be marked for local Google Maps users\\u003C/span\\u003E\", \"score\": 0.0, \"feedback\": \"\"}, {\"text\": \"\\u003Cspan class=\\\"quiz-card__choice__text ng-binding\\\"\\u003EA Street View photo of the location will be added to \\u201cMy Maps\\u201d\\u003C/span\\u003E\", \"score\": 0.0, \"feedback\": \"\"}], \"version\": \"1.5\", \"last_modified\": 1501244069.1524701, \"type\": 0, \"all_or_nothing_grading\": true, \"permute_choices\": true, \"show_answer_when_incorrect\": true}", "key.id": 5707702298738688, "key": "ag9lfmNmYWZyaWNhLW1vb2NyGwsSDlF1ZXN0aW9uRW50aXR5GICAgICA5JEKDKIBEm5zX2RpZ2l0YWxfaHlnaWVuZQ"},
    {"key.name": "None", "data": "{\"defaultFeedback\": \"\", \"description\": \"End Unit 5 Q4\", \"multiple_selections\": false, \"question\": \"How can you use reverse image search to verify a video?\\n            \", \"choices\": [{\"text\": \"\\u003Cspan class=\\\"quiz-card__choice__text ng-binding\\\"\\u003ERight click the video and use the \\u201cInspect element\\u201d tool\\u003C/span\\u003E\", \"score\": 1.0, \"feedback\": \"\"}, {\"text\": \"\\u003Cspan class=\\\"quiz-card__choice__text ng-binding\\\"\\u003EPerform a reverse image search on the video thumbnail\\u003C/span\\u003E\", \"score\": 0.0, \"feedback\": \"\"}, {\"text\": \"\\u003Cspan class=\\\"quiz-card__choice__text ng-binding\\\"\\u003EReverse image search on several still frames from the video\\u003C/span\\u003E\\n                    \", \"score\": 0.0, \"feedback\": \"\"}, {\"text\": \"\\u003Cspan class=\\\"quiz-card__choice__text ng-binding\\\"\\u003EYou cannot use reverse image search on videos\\u003C/span\\u003E\", \"score\": 0.0, \"feedback\": \"\"}], \"version\": \"1.5\", \"last_modified\": 1501243024.0027201, \"type\": 0, \"all_or_nothing_grading\": true, \"permute_choices\": true, \"show_answer_when_incorrect\": true}", "key.id": 5715999101812736, "key": "ag9lfmNmYWZyaWNhLW1vb2NyGwsSDlF1ZXN0aW9uRW50aXR5GICAgIC81ZMKDKIBEm5zX2RpZ2l0YWxfaHlnaWVuZQ"},
    {"key.name": "None", "data": "{\"defaultFeedback\": \"\", \"description\": \"End Unit 5 Q9\", \"multiple_selections\": false, \"question\": \"When you think you\\u2019ve pinpointed your location, how do you display the Street View image to verify it?\\n            \", \"choices\": [{\"text\": \"\\u003Cspan class=\\\"quiz-card__choice__text ng-binding\\\"\\u003EClick on the \\u201c+\\u201d sign to zoom in\\u003C/span\\u003E\", \"score\": 0.0, \"feedback\": \"\"}, {\"text\": \"\\u003Cspan class=\\\"quiz-card__choice__text ng-binding\\\"\\u003ESelect \\u201cEarth\\u201d view and click on the \\u201c+\\u201d sign to zoom in\\u003C/span\\u003E\", \"score\": 0.0, \"feedback\": \"\"}, {\"text\": \"\\u003Cspan class=\\\"quiz-card__choice__text ng-binding\\\"\\u003ERight click the location and select \\u201cStreet View\\u201d from the popup menu\\u003C/span\\u003E\", \"score\": 0.0, \"feedback\": \"\"}, {\"text\": \"\\u003Cspan class=\\\"quiz-card__choice__text ng-binding\\\"\\u003EDrag and drop the yellow \\u201cpegman\\u201d onto the location\\u003C/span\\u003E\\n                    \", \"score\": 1.0, \"feedback\": \"\"}], \"version\": \"1.5\", \"last_modified\": 1501244165.16998, \"type\": 0, \"all_or_nothing_grading\": true, \"permute_choices\": true, \"show_answer_when_incorrect\": true}", "key.id": 5760820306771968, "key": "ag9lfmNmYWZyaWNhLW1vb2NyGwsSDlF1ZXN0aW9uRW50aXR5GICAgID47Z0KDKIBEm5zX2RpZ2l0YWxfaHlnaWVuZQ"}
]}
