{"units": [{"weight": 1, "show_contents_on_one_page": false, "labels": "", "unit_header": "\u003Cbr\u003E", "href": null, "post_assessment": null, "workflow_yaml": "grader: auto\n", "availability": "public", "description": "This course shows you time-saving methods to verify the authenticity and accuracy of images, videos and reports that you find in social media and elsewhere online.", "title": "Verification", "unit_id": 1, "type": "U", "custom_unit_type": null, "manual_progress": false, "pre_assessment": null, "properties": {}, "unit_footer": "Rewiring Journalists for the Digital Age\u003Cbr\u003E", "html_check_answers": false, "html_content": null, "release_date": "", "html_review_form": null, "shown_when_unavailable": false}, {"weight": 1.0, "show_contents_on_one_page": false, "labels": "", "unit_header": null, "href": null, "post_assessment": null, "workflow_yaml": "{grader: auto, matcher: peer, review_due_date: null, review_min_count: 0, review_window_mins: 0,\n  show_feedback: false, single_submission: false, submission_due_date: null}\n", "availability": "public", "description": "", "title": "End Unit Quiz", "unit_id": 6, "type": "A", "custom_unit_type": null, "manual_progress": false, "pre_assessment": null, "properties": {}, "unit_footer": null, "html_check_answers": false, "html_content": "\u003Cquestion quid=\"5086441721823232\" qu_type=\"null\" weight=\"\" instanceid=\"PYRtn62d9azn\"\u003E\u003C/question\u003E\u003Cbr\u003E\u003Cbr\u003E\u003Cimg class=\"quiz-card__media__content ng-scope\" src=\"https://newslab.withgoogle.com/assets/img/quiz/5710999223009280/1.jpg\"\u003E\u003Cbr\u003E\u003Cbr\u003E\u003Cbr\u003E\u003Cquestion quid=\"5634472569470976\" qu_type=\"null\" weight=\"\" instanceid=\"GEaY4APB2wgL\"\u003E\u003C/question\u003E\u003Cbr\u003E\u003Cbr\u003E\u003Cimg class=\"quiz-card__media__content ng-scope\" src=\"https://newslab.withgoogle.com/assets/img/quiz/5710999223009280/2.jpg\"\u003E\u003Cbr\u003E\u003Cbr\u003E\u003Cquestion quid=\"5654313976201216\" qu_type=\"null\" weight=\"\" instanceid=\"iCZEWv64mcH9\"\u003E\u003C/question\u003E\u003Cbr\u003E\u003Cbr\u003E\u003Cimg class=\"quiz-card__media__content ng-scope\" src=\"https://newslab.withgoogle.com/assets/img/quiz/5710999223009280/3.jpg\"\u003E\u003Cbr\u003E\u003Cbr\u003E\u003Cbr\u003E\u003Cquestion quid=\"5715999101812736\" qu_type=\"null\" weight=\"\" instanceid=\"5kd0ooqVlcjk\"\u003E\u003C/question\u003E\u003Cbr\u003E\u003Cbr\u003E\u003Cimg class=\"quiz-card__media__content ng-scope\" src=\"https://newslab.withgoogle.com/assets/img/quiz/5710999223009280/4.jpg\"\u003E\u003Cbr\u003E\u003Cbr\u003E\u003Cbr\u003E\u003Cquestion quid=\"5682617542246400\" qu_type=\"null\" weight=\"\" instanceid=\"VpvzlW98oQqb\"\u003E\u003C/question\u003E\u003Cbr\u003E\u003Cbr\u003E\u003Cimg class=\"quiz-card__media__content ng-scope\" src=\"https://newslab.withgoogle.com/assets/img/quiz/6044738583003136/1.jpg\"\u003E\u003Cbr\u003E\u003Cbr\u003E\u003Cbr\u003E\u003Cquestion quid=\"5644406560391168\" qu_type=\"null\" weight=\"\" instanceid=\"2ThzIdNXXCfy\"\u003E\u003C/question\u003E\u003Cbr\u003E\u003Cbr\u003E\u003Cimg class=\"quiz-card__media__content ng-scope\" src=\"https://newslab.withgoogle.com/assets/img/quiz/6044738583003136/2.jpg\"\u003E\u003Cbr\u003E\u003Cbr\u003E\u003Cquestion quid=\"5664248772427776\" qu_type=\"null\" weight=\"\" instanceid=\"WO8z4qHYL8d2\"\u003E\u003C/question\u003E\u003Cbr\u003E\u003Cbr\u003E\u003Cimg class=\"quiz-card__media__content ng-scope\" src=\"https://newslab.withgoogle.com/assets/img/quiz/6044738583003136/3.jpg\"\u003E\u003Cbr\u003E\u003Cbr\u003E\u003Cbr\u003E\u003Cquestion quid=\"5707702298738688\" qu_type=\"null\" weight=\"\" instanceid=\"ARlBOYsgjZve\"\u003E\u003C/question\u003E\u003Cbr\u003E\u003Cbr\u003E\u003Cimg class=\"quiz-card__media__content ng-scope\" src=\"https://newslab.withgoogle.com/assets/img/quiz/6044738583003136/4.jpg\"\u003E\u003Cbr\u003E\u003Cbr\u003E\u003Cbr\u003E\u003Cquestion quid=\"5760820306771968\" qu_type=\"null\" weight=\"\" instanceid=\"JFCvhUnLy946\"\u003E\u003C/question\u003E\u003Cbr\u003E\u003Cbr\u003E\u003Cimg class=\"quiz-card__media__content ng-scope\" src=\"https://newslab.withgoogle.com/assets/img/quiz/6044738583003136/5.jpg\"\u003E\u003Cbr\u003E\u003Cbr\u003E\u003Cbr\u003E", "release_date": "", "html_review_form": null, "shown_when_unavailable": false}, {"weight": 1, "show_contents_on_one_page": false, "labels": "", "unit_header": "", "href": null, "post_assessment": null, "workflow_yaml": "grader: auto\n", "availability": "public", "description": "This vital unit teaches you how to protect yourself and your news organization from hacking, digital attacks and censorship. ", "title": "Safety and Security", "unit_id": 7, "type": "U", "custom_unit_type": null, "manual_progress": false, "pre_assessment": null, "properties": {}, "unit_footer": "Rewiring Journalists for the Digital Age\u003Cbr\u003E", "html_check_answers": false, "html_content": null, "release_date": "", "html_review_form": null, "shown_when_unavailable": false}], "lessons": [{"scored": false, "title": "Verification: The Basics", "has_activity": false, "objectives": "In the age of the Internet, rumours and hoaxes quickly spread during \nbreaking news situations. As a result, there is an increased need for \njournalists to sort real, authentic content from the fakes. This course \nwill provide the basics on how to get started with verifying online \ninformation. \n\u003Cbr\u003E\u003Cbr\u003E\u003Cp\u003EWhen a violent protest, mass-scale accident, or natural hazard \nunfolds, information tends to get jumbled, causing fear and confusion. \nWith the growing use of technology, we have witnessed innumerable false \nand fake stories being shared on social networks, including photoshopped\n images, or reuploaded diced videos from unrelated events in the past. \nWith increasing frequency, journalists are required to master the skills\n and expertise to handle the information that circulates on the Internet\n and elsewhere.\n\u003C/p\u003E\u003Cp\u003EComplementing our recently launched resource, the Verification \nHandbook, this course will provide the basic knowledge and techniques of\n verification in the digital age.\n\u003C/p\u003E\u003Cbr\u003E\u003Cbr\u003E\u003Cbr\u003E\u003Cgcb-youtube videoid=\"http://learno.net/courses/verification-the-basics\" instanceid=\"ItiyKejY0nEp\"\u003E\u003C/gcb-youtube\u003E", "manual_progress": false, "unit_id": 1, "activity_title": "", "availability": "course", "video": "", "lesson_id": 11, "auto_index": true, "duration": "", "shown_when_unavailable": false, "notes": "", "properties": {"modules.skill_map.skill_list": [5676073085829120]}, "activity_listed": true}, {"scored": false, "title": "Advanced Search and Plugins", "has_activity": false, "objectives": "\u003Cdiv class=\"lesson-card__text__title ng-binding ng-scope\"\u003E\u003Ch1\u003ETarget your search using quotation marks.\u003C/h1\u003E\u003C/div\u003E\n            \u003Cdiv class=\"lesson-card__text__body ng-binding ng-scope\"\u003E\u003Cdiv\u003E\u003Cdiv\u003EAs\n reports emerge of a breaking news event, the likelihood of finding \neyewitness experiences on social media is high. Leveraging multiple \nsources to verify a story is always a good practice.&nbsp;\u003C/div\u003E\u003Cdiv\u003E&nbsp;\u003C/div\u003E\u003Cdiv\u003ETo\n improve your search skills, try grouping words together using quotation\n marks to find particular phrases. When searching social media, it\u2019s a \ngood idea to use phrases that eyewitnesses would use. So, instead of \n\u201cairport evacuation,\u201d try \u201cwe just evacuated\u201d or \u201cright outside my \nbuilding\u201d.\u003C/div\u003E\u003Cdiv\u003E\u003Cbr\u003E\u003C/div\u003E\u003Cdiv\u003E\u003Cgcb-youtube videoid=\"https://youtu.be/CUf2N3FySaI\" instanceid=\"dqbTDpzEw7GT\"\u003E\u003C/gcb-youtube\u003E\u003C/div\u003E\u003Cdiv\u003E\u003Ch2\u003E\u003Cbr\u003E\u003C/h2\u003E\u003C/div\u003E\u003Cdiv\u003E\u003Cdiv class=\"lesson-card__text__title ng-binding ng-scope\"\u003E\u003Ch2\u003EHow to search for keywords in video titles.\u003C/h2\u003E\u003C/div\u003E\n            \u003Cdiv class=\"lesson-card__text__body ng-binding ng-scope\"\u003E\u003Cdiv\u003E\u003Cdiv\u003EFinding video footage of a newsworthy event can help to both report and verify a story.\u003C/div\u003E\u003Cdiv\u003E&nbsp;\u003C/div\u003E\u003Cdiv\u003EHere\u2019s\n a useful shortcut: combine site-specific searches of video sharing \nplatforms such as YouTube, Vimeo or DailyMotion with keyword searches, \nusing the command \u201cintitle\u201d.\u003C/div\u003E\u003Cdiv\u003E&nbsp;\u003C/div\u003E\u003Cdiv\u003EFor example, in a story about a helicopter rescue, you might search for:&nbsp;\u003C/div\u003E\u003Cdiv\u003E[intitle:\u201dhelicopters circling\u201d site:youtube.com]\u003C/div\u003E\u003Cdiv\u003E\u003Cbr\u003E\u003C/div\u003E\u003Cdiv\u003E\u003Cgcb-youtube videoid=\"https://youtu.be/zV2tsiMNo9Q\" instanceid=\"045OPKqQgKt0\"\u003E\u003C/gcb-youtube\u003E\u003C/div\u003E\u003Cdiv\u003E\u003Cbr\u003E\u003C/div\u003E\u003Cdiv\u003E\u003Cdiv class=\"lesson-card__text__title ng-binding ng-scope\"\u003E\u003Ch2\u003ETurn your browser into a workhorse.\u003C/h2\u003E\u003C/div\u003E\n            \u003Cdiv class=\"lesson-card__text__body ng-binding ng-scope\"\u003E\u003Cdiv\u003E\u003Cdiv\u003EFrom\n terrorist propaganda to celebrity hoaxes, social media is full of \nmanipulated and misleading content. With the right extensions installed,\n Google Chrome becomes a verification dashboard that helps you \ninvestigate, debunk or confirm the authenticity of a photograph or \nvideo.\u003C/div\u003E\u003C/div\u003E\u003C/div\u003E\n            \n            \n            \n                \u003Cul class=\"lesson-card__toggle__list\"\u003E\u003Cli class=\"lesson-card__toggle__list__item ng-scope video\"\u003E\n                        \u003Cdiv class=\"lesson-card__toggle__list__item__link ng-binding\" role=\"button\" tabindex=\"0\"\u003E\u003Cdiv\u003E\u003Cdiv\u003EOnce\n you\u2019ve personalized your extensions, as well as any settings, bookmarks\n or themes, they\u2019ll be synced to your user account, so you can access an\n identical experience when you login from any device with Chrome \ninstalled. It\u2019s an invaluable tool for hot-desking journalists.\u003C/div\u003E\u003C/div\u003E\u003C/div\u003E\n                    \u003C/li\u003E\u003Cli class=\"lesson-card__toggle__list__item ng-scope video\"\u003E\n                        \u003Cdiv class=\"lesson-card__toggle__list__item__link ng-binding\" role=\"button\" tabindex=\"0\"\u003E\u003Cdiv\u003E\u003Cdiv\u003ETo install an extension, go to the&nbsp;\u003Ca href=\"https://chrome.google.com/webstore/category/extensions\" target=\"_blank\"\u003EGoogle Chrome Web Store\u003C/a\u003E&nbsp;and select \u201cExtensions.\u201d Click on the one you want and select \u201cAdd to Chrome.\u201d\u003C/div\u003E\u003C/div\u003E\u003C/div\u003E\u003C/li\u003E\u003C/ul\u003E\u003Cdiv class=\"lesson-card__text__title ng-binding ng-scope\"\u003E\u003Ch2\u003E\u003Cbr\u003E\u003C/h2\u003E\u003Ch2\u003EInstalling and using an EXIF data viewer.\u003C/h2\u003E\u003C/div\u003E\n            \u003Cdiv class=\"lesson-card__text__body ng-binding ng-scope\"\u003E\u003Cdiv\u003E\u003Cdiv\u003ENow that you\u2019ve learned to install an extension, here are a few journalist favorites.\u003C/div\u003E\u003C/div\u003E\u003C/div\u003E\n            \n            \n            \n                \u003Cul class=\"lesson-card__toggle__list\"\u003E\u003Cli class=\"lesson-card__toggle__list__item ng-scope video\"\u003E\n                        \u003Cdiv class=\"lesson-card__toggle__list__item__link ng-binding\" role=\"button\" tabindex=\"0\"\u003E\u003Cdiv\u003E\u003Cdiv\u003EA\n tool called \u201cSend to Exif viewer\u201d is favored for its accuracy, detail \nand ease of use. You can upload a photo directly to the site&nbsp;\u003Ca href=\"https://metadataviewer.herokuapp.com/\" target=\"_blank\"\u003Ehere\u003C/a\u003E&nbsp;or install the Chrome extension&nbsp;\u003Ca href=\"https://chrome.google.com/webstore/detail/send-to-exif-viewer/gogiienhpamfmodmlnhdljokkjiapfck\" target=\"_blank\"\u003E\"Send to Exif viewer\"\u003C/a\u003E&nbsp;for maximum efficiency.\u003C/div\u003E\u003C/div\u003E\u003C/div\u003E\n                    \u003C/li\u003E\u003Cli class=\"lesson-card__toggle__list__item ng-scope video\"\u003E\n                        \u003Cdiv class=\"lesson-card__toggle__list__item__link ng-binding\" role=\"button\" tabindex=\"0\"\u003E\u003Cdiv\u003E\u003Cdiv\u003EWith\n the extension installed, you can simply right click on an image and \nselect \u201cSend to image metadata viewer\u201d to see the time, date and \nlocation data of the point of capture.&nbsp; Since most social networks strip\n out EXIF data, this information may not always be available--but it\u2019s \nalways a good place to start.\u003C/div\u003E\u003C/div\u003E\u003C/div\u003E\u003C/li\u003E\u003C/ul\u003E\u003Cdiv class=\"lesson-card__text__title ng-binding ng-scope\"\u003E\u003Ch2\u003E\u003Cbr\u003E\u003C/h2\u003E\u003Ch2\u003ETranslate sections of text on any web page.\u003C/h2\u003E\u003C/div\u003E\n            \u003Cdiv class=\"lesson-card__text__body ng-binding ng-scope\"\u003E\u003Cdiv\u003E\u003Cdiv\u003E\u003Ca href=\"https://chrome.google.com/webstore/detail/google-translate/aapbdbdomjkkjkaonfhkkikfgjllcleb\" target=\"_blank\"\u003EThe Google Translate Chrome extension\u003C/a\u003E&nbsp;makes translating individual words or phrases on a web page even easier.&nbsp;\u003C/div\u003E\u003Cdiv\u003E&nbsp;\u003C/div\u003E\u003Cdiv\u003EOnce\n it\u2019s installed, you can highlight any section of text in a different \nlanguage. Click the icon and a pop-up box will appear, showing the \nidentified language and suggested translation. This can really speed up \nthe process of verifying photo captions, video descriptions and user \ncomments.\u003C/div\u003E\u003Cdiv\u003E\u003Cbr\u003EIf you use this feature frequently, you can edit\n the extension settings to automatically show translation every time you\n highlight text.\u003C/div\u003E\u003Cdiv\u003E\u003Cbr\u003E\u003C/div\u003E\u003Cdiv\u003E\u003Ch2\u003E\u003Cbr\u003E\u003C/h2\u003E\u003C/div\u003E\u003Cdiv\u003E\u003Cdiv class=\"lesson-card__text__title ng-binding ng-scope\"\u003E\u003Ch2\u003ERun keyword searches across multiple platforms.\u003C/h2\u003E\u003C/div\u003E\n            \u003Cdiv class=\"lesson-card__text__body ng-binding ng-scope\"\u003E\u003Cdiv\u003E\u003Cdiv\u003EThe\n social media news agency Storyful has built their global business \naround the discovery and verification of social media content. In 2013, \nthe team developed Storyful Multisearch, a Chrome browser extension that\n helps you quickly query keywords or phrases across Twitter, Twitter \nVideo, Twitter Images, YouTube, Tumblr, Instagram, Vine and Spokeo. It\u2019s\n a brilliant tool for finding both new and corroborating evidence for \nyour story.\u003C/div\u003E\u003Cdiv\u003E&nbsp;\u003C/div\u003E\u003Cdiv\u003ETo install, go to the Chrome App store and search for \u201cStoryful Multisearch\u201d or&nbsp;\u003Ca href=\"https://chrome.google.com/webstore/detail/storyful-multisearch/hkglibabhninbjmaccpajiakojeacnaf?hl=en\" target=\"_blank\"\u003Euse this link.\u003C/a\u003E\u003C/div\u003E\u003Cdiv\u003E\u003Ca href=\"https://chrome.google.com/webstore/detail/storyful-multisearch/hkglibabhninbjmaccpajiakojeacnaf?hl=en\" target=\"_blank\"\u003E\u003Cbr\u003E\u003C/a\u003E\u003C/div\u003E\u003Cdiv\u003E\u003Ch2\u003E\u003Ca href=\"https://chrome.google.com/webstore/detail/storyful-multisearch/hkglibabhninbjmaccpajiakojeacnaf?hl=en\" target=\"_blank\"\u003E\u003Cbr\u003E\u003C/a\u003E\u003C/h2\u003E\u003C/div\u003E\u003Cdiv\u003E\u003Cdiv class=\"lesson-card__text__title ng-binding ng-scope\"\u003E\u003Ch2\u003EStoryful Multisearch in action.\u003C/h2\u003E\u003C/div\u003E\n            \u003Cdiv class=\"lesson-card__text__body ng-binding ng-scope\"\u003E\u003Cdiv\u003E\u003Cdiv\u003EOnce\n you download Storyful Multisearch, a magnifying glass logo appears on \nthe top right corner of your browser. Click the icon, type in your \nkeywords or hashtag and check off which platforms you want to search.\u003C/div\u003E\u003Cdiv\u003E\u003Cbr\u003E\u003C/div\u003E\u003Cdiv\u003EYour\n results will come up in separate tabs. This open source tool can save \ntime during breaking news events and aid in research for in-depth \nreporting.\u003C/div\u003E\u003Cdiv\u003E\u003Cbr\u003E\u003C/div\u003E\u003Cdiv\u003E\u003Cbr\u003E\u003C/div\u003E\u003Cdiv\u003E\u003Cdiv class=\"lesson-card__text__title ng-binding ng-scope\"\u003E\u003Ch2\u003EHow to make Chrome your default browser.\u003C/h2\u003E\u003C/div\u003E\n            \u003Cdiv class=\"lesson-card__text__body ng-binding ng-scope\"\u003E\u003Cdiv\u003E\u003Cdiv\u003EOnce\n you\u2019ve customized Chrome with tools and resources to empower your \nreporting, you might want to make it your default browser.&nbsp;\u003C/div\u003E\u003Cdiv\u003E\u003Cbr\u003ETo do so,&nbsp;\u003Ca href=\"https://support.google.com/chrome/answer/95417?hl=en\" target=\"_blank\"\u003Echeck out the Google Chrome support page\u003C/a\u003E. \u003Cbr\u003E\u003C/div\u003E\u003Cdiv\u003E\u003Cbr\u003E\u003C/div\u003E\u003Cdiv\u003E\u003Cbr\u003E\u003C/div\u003E\u003C/div\u003E\u003C/div\u003E\u003C/div\u003E\u003C/div\u003E\u003C/div\u003E\u003C/div\u003E\u003C/div\u003E\u003C/div\u003E\u003C/div\u003E\u003C/div\u003E\u003C/div\u003E\u003C/div\u003E\u003Cdiv\u003E\u003Cbr\u003E\u003C/div\u003E\u003C/div\u003E\u003C/div\u003E\u003C/div\u003E\u003C/div\u003E\u003C/div\u003E", "manual_progress": false, "unit_id": 1, "activity_title": "", "availability": "public", "video": "", "lesson_id": 2, "auto_index": true, "duration": "", "shown_when_unavailable": false, "notes": "", "properties": {"modules.skill_map.skill_list": [5629499534213120, 5649391675244544]}, "activity_listed": true}, {"scored": false, "title": "Image Verification ", "has_activity": false, "objectives": "\u003Cdiv class=\"lesson-card__text__title ng-binding ng-scope\"\u003E\u003Ch1\u003EHow to search by image. \u003C/h1\u003E\u003C/div\u003E\n            \u003Cdiv class=\"lesson-card__text__body ng-binding ng-scope\"\u003E\u003Cdiv\u003E\u003Cdiv\u003EDid\n you know that you can search Google for images as well as text? You\u2019ll \nfind out if and where else the photo in question appears online and if \nany visually similar images exist.&nbsp;\u003C/div\u003E\u003Cdiv\u003E\u003Cbr\u003E\u003C/div\u003E\u003Cdiv\u003EThere are \nseveral methods to perform reverse image searches. If you\u2019re a Google \nChrome user, simply right click on an image and select \u201cSearch Google \nfor Image\u201d.\u003C/div\u003E\u003Cdiv\u003EYour results will include similar images, sites that include the image and other sizes of the image you searched for.\u003C/div\u003E\u003Cdiv\u003E\u003Cbr\u003E\u003C/div\u003E\u003Cdiv\u003E\u003Cimg class=\"lesson-card__media__content ng-scope\" src=\"https://storage.googleapis.com/gweb-newslab.appspot.com/upload/NL_ImageSearch_01_PQiBxtu.jpg\"\u003E\u003C/div\u003E\u003Cdiv\u003E\u003Ch2\u003E\u003Cbr\u003E\u003C/h2\u003E\u003C/div\u003E\u003Cdiv\u003E\u003Cdiv class=\"lesson-card__text__title ng-binding ng-scope\"\u003E\u003Ch2\u003EHow to verify images using other browsers.\u003C/h2\u003E \u003C/div\u003E\n            \u003Cdiv class=\"lesson-card__text__body ng-binding ng-scope\"\u003E\u003Cdiv\u003E\u003Cdiv\u003EThere are two methods to perform a reverse image search in browsers other than Chrome. Here\u2019s the first:&nbsp;\u003C/div\u003E\u003Cdiv\u003E\u003Cbr\u003E\u003C/div\u003E\u003Cdiv\u003E-- Visit&nbsp;\u003Ca href=\"https://www.google.com/imghp?gws_rd=ssl\" target=\"_blank\"\u003Egoogle.com/images\u003C/a\u003E&nbsp;\u003C/div\u003E\u003Cdiv\u003E-- Click on the camera icon at the end of the search bar\u003C/div\u003E\u003Cdiv\u003E-- Upload a screen grab of the image&nbsp;\u003C/div\u003E\u003Cdiv\u003E\u003Cbr\u003EGoogle will search for images that resemble yours and display them for you.\u003C/div\u003E\u003Cdiv\u003E\u003Cbr\u003E\u003C/div\u003E\u003Cdiv\u003E\u003Cbr\u003E\u003C/div\u003E\u003Cdiv\u003E\u003Cgcb-youtube videoid=\"https://youtu.be/4-ekuPGblf0\" instanceid=\"1Ej8t9vI57Uc\"\u003E\u003C/gcb-youtube\u003E\u003C/div\u003E\u003Cdiv\u003E\u003Cbr\u003E\u003C/div\u003E\u003Cdiv\u003E\u003Cdiv class=\"lesson-card__text__title ng-binding ng-scope\"\u003E\u003Ch2\u003EMethod 2: Reverse image search in other browsers.\u003C/h2\u003E\u003C/div\u003E\n            \u003Cdiv class=\"lesson-card__text__body ng-binding ng-scope\"\u003E\u003Cdiv\u003E\u003Cdiv\u003EHere\u2019s another way to reverse search images in the browser of your choice:\u003C/div\u003E\u003C/div\u003E\u003C/div\u003E\n            \n            \n            \n                \u003Cul class=\"lesson-card__toggle__list\"\u003E\u003Cli class=\"lesson-card__toggle__list__item ng-scope video\"\u003E\n                        \u003Cdiv class=\"lesson-card__toggle__list__item__link ng-binding active\" role=\"button\" tabindex=\"0\"\u003E\u003Cdiv\u003E\u003Cdiv\u003EVisit&nbsp;\u003Ca href=\"https://www.google.com/imghp\" target=\"_blank\"\u003Egoogle.com/images\u003C/a\u003E&nbsp;and enter a search phrase, then click the search icon\u003Cbr\u003E\u003Cbr\u003E\u003C/div\u003E\u003C/div\u003E\u003C/div\u003E\n                    \u003C/li\u003E\u003Cli class=\"lesson-card__toggle__list__item ng-scope video\"\u003E\n                        \u003Cdiv class=\"lesson-card__toggle__list__item__link ng-binding\" role=\"button\" tabindex=\"0\"\u003E\u003Cdiv\u003E\u003Cdiv\u003ERight click on the image and select \u201cCopy Image Address\u201d.&nbsp; Return to the search box and paste in the URL (Ctrl+V or Command+V)\u003C/div\u003E\u003C/div\u003E\u003C/div\u003E\u003C/li\u003E\u003C/ul\u003E\u003Cp\u003E\u003Cbr\u003E\u003C/p\u003E\u003Cp\u003E\u003Cgcb-youtube videoid=\"https://youtu.be/Xi4qq-7X4b4\" instanceid=\"wRz2CQpGGR7n\"\u003E\u003C/gcb-youtube\u003E\u003C/p\u003E\u003Cp\u003E\u003Cgcb-youtube videoid=\"https://youtu.be/nbBhEaPWrYQ\" instanceid=\"sVQurntVJSbn\"\u003E\u003C/gcb-youtube\u003E\u003C/p\u003E\u003Cp\u003E\u003Cbr\u003E\u003C/p\u003E\u003Cdiv class=\"lesson-card__text__title ng-binding ng-scope\"\u003E\u003Ch1\u003ESearch by image.\u003C/h1\u003E\u003C/div\u003E\n            \u003Cdiv class=\"lesson-card__text__body ng-binding ng-scope\"\u003E\u003Cdiv\u003E\u003Cdiv\u003EWhen\n newsworthy footage emerges online, numerous copies will quickly follow \nin the race to claim ownership and accumulate views. Reverse image \nsearch is the quickest and easiest verification step and should always \nbe the first check you run.&nbsp;\u003C/div\u003E\u003Cdiv\u003E\u003Cbr\u003EFor example, if you were \nwriting a story on ivory poaching and wanted to verify a post that \ndepicts a recent increase in orphaned baby elephants in Nairobi National\n Park, you could start with a reverse image search.\u003C/div\u003E\u003Cdiv\u003E\u003Cbr\u003E\u003C/div\u003E\u003Cdiv\u003E\u003Cimg class=\"lesson-card__media__content ng-scope\" src=\"https://storage.googleapis.com/gweb-newslab.appspot.com/upload/NL_AdvSearch_2016_01_OdkZAaC.jpg\"\u003E\u003C/div\u003E\u003Cdiv\u003E\u003Cbr\u003E\u003C/div\u003E\u003Cdiv\u003E\u003Cbr\u003E\u003C/div\u003E\u003Cdiv\u003E\u003Cdiv class=\"lesson-card__text__title ng-binding ng-scope\"\u003E\u003Ch2\u003EUncovering your image\u2019s backstory.\u003C/h2\u003E\u003C/div\u003E\n            \u003Cdiv class=\"lesson-card__text__body ng-binding ng-scope\"\u003E\u003Cdiv\u003E\u003Cdiv\u003EKnowing\n all the places a photo has been used or finding images that are similar\n to it can help you verify its source and authenticity. There are two \neasy ways to learn more about images online.\u003Cbr\u003E\u003Cbr\u003EIn Google Chrome, right click any image and select \u201cSearch Google for image\u201d.\u003Cbr\u003E\u003Cbr\u003EIn other browsers, go to&nbsp;\u003Ca href=\"https://images.google.com/?gws_rd=ssl\" target=\"_blank\"\u003Eimages.google.com\u003C/a\u003E, click on the camera icon, and either upload the image from your computer, or input the image URL to search for it.\u003C/div\u003E\u003Cdiv\u003E\u003Cbr\u003E\u003C/div\u003E\u003Cdiv\u003E\u003Cgcb-youtube videoid=\"https://youtu.be/Byz7qkMlCXA\" instanceid=\"JDhhslaFtaUN\"\u003E\u003C/gcb-youtube\u003E\u003C/div\u003E\u003Cdiv\u003E\u003Cbr\u003E\u003C/div\u003E\u003Cdiv\u003E\u003Cdiv class=\"lesson-card__text__title ng-binding ng-scope\"\u003E\u003Ch2\u003EImage fact-checking 101.\u003C/h2\u003E\u003C/div\u003E\n            \u003Cdiv class=\"lesson-card__text__body ng-binding ng-scope\"\u003E\u003Cdiv\u003E\u003Cdiv\u003EOnce you\u2019ve searched by image, you can use the \u201cTime\u201d drop-down menu to see when and where it\u2019s been published.\u003Cbr\u003E\u003Cbr\u003ETo\n filter your results by date, click on \u201cSearch Tools\u201d and then \u201cTime\u201d to\n set your parameters, which range from the past hour to the past year to\n custom dates.&nbsp;\u003Cbr\u003E\u003Cbr\u003EHere you can see that the baby elephant image first appears in 2015.&nbsp; \u003Cbr\u003E\u003C/div\u003E\u003Cdiv\u003E\u003Cbr\u003E\u003C/div\u003E\u003Cdiv\u003E\u003Cgcb-youtube videoid=\"https://youtu.be/0MpLfJX1w-A\" instanceid=\"1KkWMYJ1LCGp\"\u003E\u003C/gcb-youtube\u003E\u003C/div\u003E\u003Cdiv\u003E\u003Cbr\u003E\u003C/div\u003E\u003Cdiv\u003E\u003Cdiv class=\"lesson-card__text__title ng-binding ng-scope\"\u003E\u003Ch2\u003EMultiple images and video thumbnails. \u003C/h2\u003E\u003C/div\u003E\n            \u003Cdiv class=\"lesson-card__text__body ng-binding ng-scope\"\u003E\u003Cdiv\u003E\u003Cdiv\u003EMany\n of the same images circulate after major events like natural disasters,\n riots and airline crashes, so finding original news reports will help \nto identify misattributed content. Google will suggest a \u201cBest Guess\u201d \nsearch term to accompany your image. Click \u201cNews\u201d to show reports that \nwere published relating to this best guess.\u003C/div\u003E\u003Cdiv\u003E&nbsp;\u003C/div\u003E\u003Cdiv\u003EWhen \nyou are working to verify a video, try running a reverse image search of\n the video thumbnail to see if an earlier version of the same video \nexists online.\u003C/div\u003E\u003Cdiv\u003E\u003Cbr\u003E\u003C/div\u003E\u003Cdiv\u003E\u003Cgcb-youtube videoid=\"https://youtu.be/FfNycQvi2fg\" instanceid=\"uHY6566rOTyx\"\u003E\u003C/gcb-youtube\u003E\u003C/div\u003E\u003Cdiv\u003E\u003Cbr\u003E\u003C/div\u003E\u003Cdiv\u003E\u003Cdiv class=\"lesson-card__text__title ng-binding ng-scope\"\u003E\u003Ch2\u003EReverse Image Search on mobile.\u003C/h2\u003E\u003C/div\u003E\n            \u003Cdiv\u003EWith the Google Chrome app installed on your smartphone, you can verify on the fly. &nbsp;\u003C/div\u003E\u003Cdiv\u003E\u003Cbr\u003E\u003C/div\u003E\u003Cdiv\u003EMaybe\n you\u2019re in the field when you get a breaking news alert about a drug \nbust that you want to investigate immediately. You can perform a reverse\n image search right on your phone.&nbsp;\u003C/div\u003E\u003Cdiv\u003E\u003Cbr\u003E\u003C/div\u003E\u003Cdiv\u003EPress on the image until the pop-up dialog box appears, then select \u201cSearch Google For This Image\u201d.&nbsp;\u003C/div\u003E\u003Cbr\u003ETo learn more about reverse image search, check out our&nbsp;\u003Ca href=\"https://www.youtube.com/watch?v=mlrU-SnV2n0&amp;feature=youtu.be\" target=\"_blank\"\u003EFAQ video\u003C/a\u003E&nbsp;on YouTube.\u003C/div\u003E\u003Cdiv\u003E\u003Cbr\u003E\u003C/div\u003E\u003Cdiv\u003E\u003Cgcb-youtube videoid=\"https://youtu.be/Q5hr1fPxa3Y\" instanceid=\"YBTDPofkuHR4\"\u003E\u003C/gcb-youtube\u003E\u003C/div\u003E\u003Cdiv\u003E\u003Cbr\u003E\u003C/div\u003E\u003Cdiv\u003E\u003Cdiv class=\"lesson-card__text__title ng-binding ng-scope\"\u003E\u003Ch1\u003EGet to know Google Earth.\u003C/h1\u003E\u003C/div\u003E\n            \u003Cdiv class=\"lesson-card__text__body ng-binding ng-scope\"\u003E\u003Cdiv\u003E\u003Cdiv\u003ETo\n successfully verify a photograph or video you need to confirm where it \nwas captured, when it was captured and who captured it.&nbsp;\u003C/div\u003E\u003Cdiv\u003E\u003Cbr\u003E\u003C/div\u003E\u003Cdiv\u003EAn interactive virtual globe, Google Earth can quickly help you complete the first step of establishing location. &nbsp;\u003C/div\u003E\u003Cdiv\u003E&nbsp;\u003C/div\u003E\u003Cdiv\u003ENewsworthy\n images that emerge in social media often contain visual clues such as \nbuildings or landmarks, that will help you establish the location. \nHowever, images captured in remote or rural areas present more of a \nchallenge.\u003C/div\u003E\u003Cdiv\u003E\u003Cbr\u003E\u003C/div\u003E\u003Cdiv\u003ETo begin your verification process, download the latest version of Google Earth:\u003C/div\u003E\u003Cdiv\u003E\u003Ca href=\"https://earth.google.com/\" target=\"_blank\"\u003Ehttps://\u003Cstrong\u003Eearth\u003C/strong\u003E.\u003Cstrong\u003Egoogle\u003C/strong\u003E.com/\u003C/a\u003E\u003C/div\u003E\u003Cdiv\u003E\u003Cbr\u003E\u003C/div\u003E\u003C/div\u003E\u003C/div\u003E\u003C/div\u003E\u003C/div\u003E\u003C/div\u003E\u003C/div\u003E\u003C/div\u003E\u003C/div\u003E\u003C/div\u003E\u003C/div\u003E\u003C/div\u003E\u003C/div\u003E\u003C/div\u003E\u003C/div\u003E\u003C/div\u003E\u003C/div\u003E\u003C/div\u003E\u003C/div\u003E\u003C/div\u003E\u003C/div\u003E", "manual_progress": false, "unit_id": 1, "activity_title": "", "availability": "public", "video": "", "lesson_id": 3, "auto_index": true, "duration": "", "shown_when_unavailable": false, "notes": "", "properties": {"modules.skill_map.skill_list": [5722646637445120, 5639445604728832, 5629499534213120]}, "activity_listed": true}, {"scored": false, "title": "Social Media Verification", "has_activity": false, "objectives": "\u003Cdiv class=\"lesson-card__text__title ng-binding ng-scope\"\u003E\u003Ch1\u003EKeep track of the latest resources.\u003C/h1\u003E\u003C/div\u003E\n            \u003Cdiv class=\"lesson-card__text__body ng-binding ng-scope\"\u003E\u003Cdiv\u003E\u003Cdiv\u003EEvery\n verification case is different, so it\u2019s impossible to run all the \nchecks you need with a single universal tool. Since new technology \nemerges all the time, it\u2019s a good idea to create a folder in your Chrome\n bookmarks bar to save new sites and resources.\u003C/div\u003E\u003Cdiv\u003E\u003Cbr\u003E\u003C/div\u003E\u003Cdiv\u003E\u003Cgcb-youtube videoid=\"https://youtu.be/uvBhEdEuTlg\" instanceid=\"O2jI8h5qEaI6\"\u003E\u003C/gcb-youtube\u003E\u003C/div\u003E\u003Cdiv\u003E\u003Cbr\u003E\u003C/div\u003E\u003Cdiv\u003E\u003Cdiv class=\"lesson-card__text__title ng-binding ng-scope\"\u003E\u003Ch2\u003EHow to Geo Search YouTube.\u003C/h2\u003E\u003C/div\u003E\n            \u003Cdiv class=\"lesson-card__text__body ng-binding ng-scope\"\u003E\u003Cdiv\u003E\u003Cdiv\u003EOne\n of the quickest ways to verify newsworthy footage is to find multiple \nvideos of the same event. While it\u2019s not yet possible to search by \nlocation within YouTube, this open source&nbsp;\u003Ca href=\"http://youtube.github.io/geo-search-tool/search.html\" target=\"_blank\"\u003EGeo Search Tool on GitHub\u003C/a\u003E&nbsp;enables you to run searches in seconds. &nbsp;\u003C/div\u003E\u003Cdiv\u003E\u003Cbr\u003ELet\u2019s\n say you\u2019re investigating this post about American troops evacuating \nfrom Syria and you suspect it\u2019s misattributed. Enter an address or place\n name in the search box and select a time frame. In this case, you\u2019d \nsearch for posts from Syria in the last 24 hours. \u003Cbr\u003E\u003C/div\u003E\u003Cdiv\u003E\u003Cbr\u003E\u003C/div\u003E\u003Cdiv\u003E\u003Cgcb-youtube videoid=\"https://youtu.be/leJOADTzwLg\" instanceid=\"8YFnYXimuMg3\"\u003E\u003C/gcb-youtube\u003E\u003C/div\u003E\u003Cdiv\u003E\u003Ch2\u003E\u003Cbr\u003E\u003C/h2\u003E\u003C/div\u003E\u003Cdiv\u003E\u003Cdiv class=\"lesson-card__text__title ng-binding ng-scope\"\u003E\u003Ch2\u003EInterpreting YouTube Geo Search results.\u003C/h2\u003E \u003C/div\u003E\n            \u003Cdiv class=\"lesson-card__text__body ng-binding ng-scope\"\u003E\u003Cdiv\u003E\u003Cdiv\u003ESince\n the search for \u201cSyria\u201d did not turn up the footage you were looking \nfor, you could try expanding your search area to nearby countries such \nas Turkey.&nbsp; Hover over each title link to read the full description.\u003C/div\u003E\u003Cdiv\u003E\u003Cbr\u003E\u003C/div\u003E\u003Cdiv\u003EResults\n are listed in order of the time they were uploaded (shown in UTC or \n\u201cUniversal Time\u201d), with the oldest at the bottom of the list. To ensure \nyou\u2019re working to verify original footage, work from the bottom up..\u003C/div\u003E\u003Cdiv\u003E\u003Cbr\u003EIn\n this example, you can see that the original footage was actually posted\n from the Incirlik Air Base in Turkey, and not Syria as the uploader \nclaimed.&nbsp; You conclude that the footage is most likely from a military \ndrill and that the post claiming it was soldiers evacuating from Syria \nwas \u201cscraped\u201d&nbsp; or from the original footage. \u003Cbr\u003E\u003C/div\u003E\u003Cdiv\u003E\u003Cbr\u003E\u003C/div\u003E\u003Cdiv\u003E\u003Cgcb-youtube videoid=\"https://youtu.be/fxQJfL1oQhg\" instanceid=\"70ijlOUaCrTK\"\u003E\u003C/gcb-youtube\u003E\u003C/div\u003E\u003Cdiv\u003E\u003Cbr\u003E\u003C/div\u003E\u003Cdiv\u003E\u003Cdiv class=\"lesson-card__text__title ng-binding ng-scope\"\u003E\u003Ch2\u003EAdvanced YouTube Geo Search.\u003C/h2\u003E\u003C/div\u003E\n            \u003Cdiv class=\"lesson-card__text__body ng-binding ng-scope\"\u003E\u003Cdiv\u003E\u003Cdiv\u003EYou can make this tool work even harder by mastering advanced search techniques.&nbsp;\u003C/div\u003E\u003Cdiv\u003E\u003Cbr\u003EMaybe\n you\u2019re looking for corroborating reports about an oil spill in the Gulf\n of Mexico following breaking news alerts. Click on \u201cAdvanced Search\u201d \nand fill in the keywords and radius. A search for \u201coil spill\u201d filtered \nto a 50km radius, and posted within 24 hours revealed eight results.\u003C/div\u003E\u003Cdiv\u003E\u003Cbr\u003E\u003C/div\u003E\u003Cdiv\u003E\u003Cgcb-youtube videoid=\"https://youtu.be/1J26t_zq9VY\" instanceid=\"EC0koRQKTAgv\"\u003E\u003C/gcb-youtube\u003E\u003C/div\u003E\u003Cdiv\u003E\u003Cbr\u003E\u003C/div\u003E\u003Cdiv\u003E\u003Cdiv class=\"lesson-card__text__title ng-binding ng-scope\"\u003E\u003Ch2\u003EInterpreting Advanced Geo Search results.\u003C/h2\u003E\u003C/div\u003E\n            \u003Cdiv class=\"lesson-card__text__body ng-binding ng-scope\"\u003E\u003Cdiv\u003E\u003Cdiv\u003EScanning the thumbnails can help you to quickly identify and eliminate footage from official news channels.&nbsp;\u003C/div\u003E\u003Cdiv\u003E\u003Cbr\u003EIn\n this case, some of the early uploads look like eyewitness footage. \nThere are two videos that appear to be identical, but one was uploaded \nabout 45 minutes before the other, so is more likely to be the original.\u003C/div\u003E\u003Cdiv\u003E\u003Cbr\u003E\u003C/div\u003E\u003Cdiv\u003E\u003Cgcb-youtube videoid=\"https://youtu.be/yCjEuwoWbMo\" instanceid=\"PECiK1vjInlZ\"\u003E\u003C/gcb-youtube\u003E\u003C/div\u003E\u003Cdiv\u003E\u003Ch2\u003E\u003Cbr\u003E\u003C/h2\u003E\u003C/div\u003E\u003Cdiv\u003E\u003Cdiv class=\"lesson-card__text__title ng-binding ng-scope\"\u003E\u003Ch2\u003EUsing YouTube Geo Search to research the uploader.\u003C/h2\u003E\u003C/div\u003E\n            \u003Cdiv class=\"lesson-card__text__body ng-binding ng-scope\"\u003E\u003Cdiv\u003E\u003Cdiv\u003EClicking\n the \u201cChannel\u201d link will provide details of the uploader, or at least \nhelp you piece together clues about their identity.\u003C/div\u003E\u003Cdiv\u003E&nbsp;\u003C/div\u003E\u003Cdiv\u003ECheck\n their username and recent comments to establish whether they are likely\n to be a genuine eyewitness. Also review their upload history to see if \nthey regularly post potentially viral or scraped videos.\u003C/div\u003E\u003Cdiv\u003E\u003Cbr\u003E\u003C/div\u003E\u003Cdiv\u003E\u003Cgcb-youtube videoid=\"https://youtu.be/4rLi8dSPOqc\" instanceid=\"67FRYOS32daN\"\u003E\u003C/gcb-youtube\u003E\u003C/div\u003E\u003Cdiv\u003E\u003Cbr\u003E\u003C/div\u003E\u003Cdiv\u003E\u003Cdiv class=\"lesson-card__text__title ng-binding ng-scope\"\u003E\u003Ch2\u003EOne final Geo Search check: reverse image search.\u003C/h2\u003E \u003C/div\u003E\n            \u003Cdiv class=\"lesson-card__text__body ng-binding ng-scope\"\u003E\u003Cdiv\u003E\u003Cdiv\u003EIf\n you want to dive deeper, a final verification check is to reverse image\n search each thumbnail. This will reveal whether that image has already \nappeared elsewhere online or if it\u2019s the user\u2019s original image.\u003C/div\u003E\u003Cdiv\u003E\u003Cbr\u003EHere,\n you can see that the user was the first person to upload this image and\n therefore it\u2019s his original footage. All the other uses come after his \npost.\u003C/div\u003E\u003Cdiv\u003E\u003Cbr\u003E\u003C/div\u003E\u003Cdiv\u003E\u003Cgcb-youtube videoid=\"https://youtu.be/vFTk_ZydIFU\" instanceid=\"gVPmpfv9MEeB\"\u003E\u003C/gcb-youtube\u003E\u003C/div\u003E\u003Cdiv\u003E\u003Cbr\u003E\u003C/div\u003E\u003Cdiv\u003E\u003Cdiv class=\"lesson-card__text__title ng-binding ng-scope\"\u003E\u003Ch2\u003EAmnesty International\u2019s YouTube DataViewer.\u003C/h2\u003E\u003C/div\u003E\n            \u003Cdiv class=\"lesson-card__text__body ng-binding ng-scope\"\u003E\u003Cdiv\u003E\u003Cdiv\u003E\u003Ca href=\"http://www.amnestyusa.org/citizenevidence/\" target=\"_blank\"\u003EThis brilliant verification tool\u003C/a\u003E&nbsp;was developed by Amnesty International\u2019s Citizen Evidence Lab.\u003Cbr\u003E\u003Cbr\u003E\u003C/div\u003E\u003Cdiv\u003EIn\n one simple search, you can find the exact upload time for any video by \ncopying and pasting its URL. Times are shown in UTC (Universal Time), \nbut by using a date and time converter, you can calculate the time at \nthe given location.\u003C/div\u003E\u003Cdiv\u003E&nbsp;\u003C/div\u003E\u003Cdiv\u003EFor verification purposes, remember that the upload time is often later than the time the video was shot. \u003Cbr\u003E\u003C/div\u003E\u003Cdiv\u003E\u003Cbr\u003E\u003C/div\u003E\u003Cdiv\u003E\u003Cgcb-youtube videoid=\"https://youtu.be/qw7gnUiUcok\" instanceid=\"G2YE7rZHgmKf\"\u003E\u003C/gcb-youtube\u003E\u003C/div\u003E\u003Cdiv\u003E\u003Cbr\u003E\u003C/div\u003E\u003Cdiv\u003E\u003Cbr\u003E\u003C/div\u003E\u003C/div\u003E\u003C/div\u003E\u003C/div\u003E\u003C/div\u003E\u003C/div\u003E\u003C/div\u003E\u003C/div\u003E\u003C/div\u003E\u003C/div\u003E\u003C/div\u003E\u003C/div\u003E\u003C/div\u003E\u003C/div\u003E\u003C/div\u003E\u003C/div\u003E\u003C/div\u003E\u003C/div\u003E\u003C/div\u003E\u003C/div\u003E\u003C/div\u003E\u003C/div\u003E\u003C/div\u003E\u003C/div\u003E", "manual_progress": false, "unit_id": 1, "activity_title": "", "availability": "public", "video": "", "lesson_id": 4, "auto_index": true, "duration": "", "shown_when_unavailable": false, "notes": "", "properties": {"modules.skill_map.skill_list": [5629499534213120]}, "activity_listed": true}, {"scored": false, "title": "Verify Language Translations", "has_activity": false, "objectives": "\u003Cdiv class=\"lesson-card__text__title ng-binding ng-scope\"\u003E\u003Ch1\u003EVerify material in foreign languages.\u003C/h1\u003E\u003C/div\u003E\n            \u003Cdiv class=\"lesson-card__text__body ng-binding ng-scope\"\u003E\u003Cdiv\u003E\u003Cdiv\u003EDeciphering text is often the first step to verifying eyewitness reports from around the world.\u003C/div\u003E\u003Cdiv\u003E\u003Cbr\u003E\u003C/div\u003E\u003Cdiv\u003EUsing any browser, visit&nbsp;\u003Ca href=\"https://translate.google.com/\" target=\"_blank\"\u003Etranslate.google.com\u003C/a\u003E&nbsp;and free type the words in question. Google Translate will detect the language and suggest a translation.&nbsp;\u003C/div\u003E\u003Cdiv\u003E\u003Cbr\u003E\u003C/div\u003E\u003Cdiv\u003EIf you\u2019re a Google Chrome user who frequently needs translations, download the Google Translate browser extension&nbsp;\u003Ca href=\"https://chrome.google.com/webstore/detail/google-translate/aapbdbdomjkkjkaonfhkkikfgjllcleb?hl=en\" target=\"_blank\"\u003Ehere\u003C/a\u003E, and you\u2019ll be able to right click on words and phrases for recommended translations.\u003C/div\u003E\u003Cdiv\u003E\u003Cbr\u003E\u003C/div\u003E\u003Cdiv\u003E\u003Cimg class=\"lesson-card__media__content ng-scope\" src=\"https://storage.googleapis.com/gweb-newslab.appspot.com/upload/NL_Translate_01_lr692Mp.jpg\"\u003E\u003C/div\u003E\u003Cdiv\u003E\u003Cbr\u003E\u003C/div\u003E\u003Cdiv\u003E\u003Ch2\u003E\u003Cbr\u003E\u003C/h2\u003E\u003C/div\u003E\u003Cdiv\u003E\u003Cdiv class=\"lesson-card__text__title ng-binding ng-scope\"\u003E\u003Ch2\u003ECheck for alternate translations.\u003C/h2\u003E\u003C/div\u003E\n            \u003Cdiv class=\"lesson-card__text__body ng-binding ng-scope\"\u003E\u003Cdiv\u003E\u003Cdiv\u003EIn\n some cases, a word may have multiple translations and you will need to \ntake an additional step to get the best possible version.&nbsp;\u003Cbr\u003E\u003Cbr\u003E\u003C/div\u003E\u003Cdiv\u003EClick on any word that stands out as odd to reveal suggested alternatives. \u003Cbr\u003E\u003C/div\u003E\u003Cdiv\u003E\u003Cbr\u003E\u003C/div\u003E\u003Cdiv\u003E\u003Cgcb-youtube videoid=\"https://youtu.be/ZWM0hQ2K17k\" instanceid=\"B5zc5VTtBRNn\"\u003E\u003C/gcb-youtube\u003E\u003C/div\u003E\u003Cdiv\u003E\u003Ch2\u003E\u003Cbr\u003E\u003C/h2\u003E\u003C/div\u003E\u003Cdiv\u003E\u003Cdiv class=\"lesson-card__text__title ng-binding ng-scope\"\u003E\u003Ch2\u003EAdditional translation features.\u003C/h2\u003E\u003C/div\u003E\n            \n            \n            \n            \n                \u003Cul class=\"lesson-card__toggle__list\"\u003E\u003Cli class=\"lesson-card__toggle__list__item ng-scope video\"\u003E\n                        \u003Cdiv class=\"lesson-card__toggle__list__item__link ng-binding active\" role=\"button\" tabindex=\"0\"\u003E\u003Cdiv\u003EGoogle\n Translate includes a pronunciation tool for supported languages.  To \nsee a complete list of which tools are available in each supported \nlanguage, click here. \u003C/div\u003E\u003C/div\u003E\n                    \u003C/li\u003E\u003Cli class=\"lesson-card__toggle__list__item ng-scope video\"\u003E\n                        \u003Cdiv class=\"lesson-card__toggle__list__item__link ng-binding\" role=\"button\" tabindex=\"0\"\u003E\u003Cdiv\u003ETo\n hear a phrase pronounced, click on the audio icon. You can also click \non the \u00c4 symbol to see the word spelled phonetically for supported \nlanguages. \u003C/div\u003E\u003C/div\u003E\n                    \u003C/li\u003E\u003Cli class=\"lesson-card__toggle__list__item ng-scope video\"\u003E\n                        \u003Cdiv class=\"lesson-card__toggle__list__item__link ng-binding\" role=\"button\" tabindex=\"0\"\u003E\u003Cdiv\u003EThere\u2019s\n even a tool that lets you handwrite characters from many languages as \nwell. You can use a combination of all these features to add layers of \ncertainty to your verification process. \u003C/div\u003E\u003C/div\u003E\u003C/li\u003E\u003C/ul\u003E\u003Cp\u003E\u003Cbr\u003E\u003C/p\u003E\u003Cp\u003E\u003Cgcb-youtube videoid=\"https://youtu.be/t9XlEpgJCn8\" instanceid=\"SN1X1plFU8OL\"\u003E\u003C/gcb-youtube\u003E\u003C/p\u003E\u003Cp\u003E\u003Cgcb-youtube videoid=\"https://youtu.be/0lPaAmj0RH0\" instanceid=\"ilYEyVnGTYhG\"\u003E\u003C/gcb-youtube\u003E\u003C/p\u003E\u003Cp\u003E\u003Cgcb-youtube videoid=\"https://youtu.be/iGCnkWYwzQY\" instanceid=\"4x1fTp266O1g\"\u003E\u003C/gcb-youtube\u003E\u003C/p\u003E\u003Cp\u003E\u003Cbr\u003E\u003C/p\u003E\u003Cdiv class=\"lesson-card__text__title ng-binding ng-scope\"\u003E\u003Ch2\u003ESearch eyewitness media.\u003C/h2\u003E\u003C/div\u003E\n            \u003Cdiv class=\"lesson-card__text__body ng-binding ng-scope\"\u003E\u003Cdiv\u003E\u003Cdiv\u003EOne\n effective verification technique is to search for additional eyewitness\n images to help you corroborate the information contained in the one you\n are working with.\u003C/div\u003E\u003Cdiv\u003E\u003Cbr\u003E\u003C/div\u003E\u003Cdiv\u003EWith a major event like the 2015 earthquake in Nepal, there will be many posts about it online.\u003C/div\u003E\u003Cdiv\u003E\u003Cbr\u003E\u003C/div\u003E\u003Cdiv\u003ETo\n run effective searches in different languages you must use words that \nan eyewitness would use in real life, like \u201cmy building shook\u201d or \u201cwe \nwere evacuated\u201d. These will return many more results that just searching\n for the name of the location.&nbsp;\u003C/div\u003E\u003Cdiv\u003EUse Google Translate to search\n for realistic phrases in the appropriate language and find media that \nconfirms your original source material.\u003C/div\u003E\u003Cdiv\u003E\u003Cbr\u003E\u003C/div\u003E\u003Cdiv\u003ETo explore all of the Google Translate tools,&nbsp;\u003Ca href=\"https://translate.google.com/\" target=\"_blank\"\u003Eclick here\u003C/a\u003E.\u003C/div\u003E\u003Cdiv\u003E\u003Cbr\u003E\u003C/div\u003E\u003Cdiv\u003E\u003Cgcb-youtube videoid=\"https://youtu.be/EMT3uQpUqB8\" instanceid=\"sq3GtkQFLS2Y\"\u003E\u003C/gcb-youtube\u003E\u003C/div\u003E\u003Cdiv\u003E\u003Cbr\u003E\u003C/div\u003E\u003Cdiv\u003E\u003Cbr\u003E\u003C/div\u003E\u003C/div\u003E\u003C/div\u003E\u003C/div\u003E\u003C/div\u003E\u003C/div\u003E\u003C/div\u003E\u003C/div\u003E\u003C/div\u003E", "manual_progress": false, "unit_id": 1, "activity_title": "", "availability": "public", "video": "", "lesson_id": 5, "auto_index": true, "duration": "", "shown_when_unavailable": false, "notes": "", "properties": {"modules.skill_map.skill_list": [5659313586569216]}, "activity_listed": true}, {"scored": false, "title": "Extra Password Protection", "has_activity": false, "objectives": "\u003Cdiv class=\"lesson-card__text__title ng-binding ng-scope\"\u003E\u003Ch1\u003EPasswords are only the first line of defense.\u003C/h1\u003E\u003C/div\u003E\n            \u003Cdiv class=\"lesson-card__text__body ng-binding ng-scope\"\u003E\u003Cdiv\u003E\u003Cdiv\u003EA\n strong password is crucial to account security, but it\u2019s not \nimpassable. Many common actions leave you vulnerable; including using \nthe same password on more than one site, downloading software, or \nclicking on links in email messages. Once your password is stolen, a \nhacker can access your email, contacts, photos and documents. They can \npretend to be you and send out harmful emails, lock you out of your \naccount, delete all of your data and/or reset passwords on things like \nyour banking accounts.&nbsp;\u003C/div\u003E\u003Cdiv\u003E\u003Cbr\u003ESince journalists are frequent \nhacking targets, it\u2019s important to secure your account with the best \ntools available. Google\u2019s 2-Step Verification can help keep hackers out,\n even if they\u2019ve acquired your password.\u003C/div\u003E\u003Cdiv\u003E\u003Cbr\u003E\u003C/div\u003E\u003Cdiv\u003E\u003Cimg class=\"lesson-card__media__content ng-scope\" src=\"https://storage.googleapis.com/gweb-newslab.appspot.com/upload/2StepVerif_1_10.7.16.jpg\"\u003E\u003C/div\u003E\u003Cdiv\u003E\u003Cbr\u003E\u003C/div\u003E\u003Cdiv\u003E\u003Ch2\u003E\u003Cbr\u003E\u003C/h2\u003E\u003C/div\u003E\u003Cdiv\u003E\u003Cdiv class=\"lesson-card__text__title ng-binding ng-scope\"\u003E\u003Ch2\u003E2-Step Verification adds an extra layer of security.\u003C/h2\u003E\u003C/div\u003E\n            \u003Cdiv class=\"lesson-card__text__body ng-binding ng-scope\"\u003E\u003Cdiv\u003E\u003Cdiv\u003EWhen you use 2-Step Verification, signing in to your account will work a little differently.&nbsp;\u003C/div\u003E\u003Cdiv\u003E\u003Cbr\u003E\u003Cstrong\u003E1. You'll enter your password. &nbsp;\u003C/strong\u003EWhenever you sign in to Google, you'll enter your password as usual.\u003Cbr\u003E\u003Cbr\u003E\u003Cstrong\u003E2. You'll be asked for a second step. &nbsp;\u003C/strong\u003EThen,\n you\u2019ll need to enter a code, which you\u2019ll receive on your phone via \ntext, voice call, or our mobile app. Or, if you have a Security Key, you\n will insert it into your computer\u2019s USB port.\u003C/div\u003E\u003Cdiv\u003E\u003Cbr\u003EWith 2-Step\n Verification, even if a bad guy hacks through your password layer, he \nwould still need your phone or Security Key to get into your account.\u003C/div\u003E\u003Cdiv\u003E\u003Cbr\u003E\u003C/div\u003E\u003Cdiv\u003E\u003Cbr\u003E\u003C/div\u003E\u003Cdiv\u003E\u003Cimg class=\"lesson-card__media__content ng-scope\" src=\"https://storage.googleapis.com/gweb-newslab.appspot.com/upload/2StepVerif_2_10.7.16_1.jpg\"\u003E\u003C/div\u003E\u003Cdiv\u003E\u003Cbr\u003E\u003C/div\u003E\u003Cdiv\u003E\u003Ch2\u003E\u003Cbr\u003E\u003C/h2\u003E\u003C/div\u003E\u003Cdiv\u003E\u003Cdiv class=\"lesson-card__text__body ng-binding ng-scope\"\u003E\u003Cdiv\u003E\u003Cdiv class=\"lesson-card__text__title ng-binding ng-scope\"\u003E\u003Ch2\u003EHow to set up phone-based 2-Step Verification.\u003C/h2\u003E\u003C/div\u003E\n            \u003Cdiv class=\"lesson-card__text__body ng-binding ng-scope\"\u003E\u003Cdiv\u003E\u003Cdiv\u003EFirst,\n we\u2019ll show you how to use phone-based 2-Step Verification, so you can \nprotect your account right away. We\u2019ll cover Security Keys later in the \nlesson.&nbsp;\u003C/div\u003E\u003C/div\u003E\u003C/div\u003E\n            \n            \n            \n                \u003Cul class=\"lesson-card__toggle__list\"\u003E\u003Cli class=\"lesson-card__toggle__list__item ng-scope video\"\u003E\n                        \u003Cdiv class=\"lesson-card__toggle__list__item__link ng-binding active\" role=\"button\" tabindex=\"0\"\u003E\u003Cdiv\u003ETo begin installation, log in to your Google account as you normally would and click on \u201cMy Account.\u201d \u003C/div\u003E\u003C/div\u003E\n                    \u003C/li\u003E\u003Cli class=\"lesson-card__toggle__list__item ng-scope video\"\u003E\n                        \u003Cdiv class=\"lesson-card__toggle__list__item__link ng-binding\" role=\"button\" tabindex=\"0\"\u003E\u003Cdiv\u003EUnder the \u201cSign In and Security\u201d menu, select \u201cSigning in to Google.\u201d\u003C/div\u003E\u003C/div\u003E\n                    \u003C/li\u003E\u003Cli class=\"lesson-card__toggle__list__item ng-scope video\"\u003E\n                        \u003Cdiv class=\"lesson-card__toggle__list__item__link ng-binding\" role=\"button\" tabindex=\"0\"\u003E\u003Cdiv\u003EIn the \u201cPassword &amp; sign-in method\u201d box, you can see that it says \u201c2-Step Verification: Off.\u201d\u003C/div\u003E\u003C/div\u003E\n                    \u003C/li\u003E\u003Cli class=\"lesson-card__toggle__list__item ng-scope video\"\u003E\n                        \u003Cdiv class=\"lesson-card__toggle__list__item__link ng-binding\" role=\"button\" tabindex=\"0\"\u003E\u003Cdiv\u003ESelect that link, then click on \u201cGet Started\u201d to begin. \u003C/div\u003E\u003C/div\u003E\n                    \u003C/li\u003E\u003C/ul\u003E\u003Cdiv\u003E\u003Cbr\u003E\u003C/div\u003E\u003Cdiv\u003E\u003Cgcb-youtube videoid=\"https://youtu.be/z8BEpdUjebo\" instanceid=\"LP3jXkQeHkhg\"\u003E\u003C/gcb-youtube\u003E\u003C/div\u003E\u003Cdiv\u003E\u003Cgcb-youtube videoid=\"https://youtu.be/gUkudJT2oPI\" instanceid=\"zGBh0cFjU2ep\"\u003E\u003C/gcb-youtube\u003E\u003C/div\u003E\u003Cdiv\u003E\u003Cgcb-youtube videoid=\"https://youtu.be/sgrWjlvHv7U\" instanceid=\"RDCF2rX93jwH\"\u003E\u003C/gcb-youtube\u003E\u003C/div\u003E\u003Cdiv\u003E\u003Cgcb-youtube videoid=\"https://youtu.be/J12yTDRB2WU\" instanceid=\"GatU1lUsXnTy\"\u003E\u003C/gcb-youtube\u003E\u003C/div\u003E\u003Cdiv\u003E\u003Ch2\u003E\u003Cbr\u003E\u003C/h2\u003E\u003C/div\u003E\u003Cdiv\u003E\u003Cdiv class=\"lesson-card__text__title ng-binding ng-scope\"\u003E\u003Ch2\u003ECompleting installation.\u003C/h2\u003E\u003C/div\u003E\n            \u003Cdiv class=\"lesson-card__text__body ng-binding ng-scope\"\u003E\u003Cdiv\u003E\u003Cdiv\u003EYou should now be looking at your Google sign-in page. Enter your password again to get to the next page.\u003C/div\u003E\u003C/div\u003E\u003C/div\u003E\n            \n            \n            \n                \u003Cul class=\"lesson-card__toggle__list\"\u003E\u003Cli class=\"lesson-card__toggle__list__item ng-scope video\"\u003E\n                        \u003Cdiv class=\"lesson-card__toggle__list__item__link ng-binding active\" role=\"button\" tabindex=\"0\"\u003E\u003Cdiv\u003ENow,\n you can enter a phone number to receive verification details and choose\n whether you want the code via text or voice call. You\u2019ll get a code \ndelivered to confirm that the system is working. \u003C/div\u003E\u003C/div\u003E\n                    \u003C/li\u003E\u003Cli class=\"lesson-card__toggle__list__item ng-scope video\"\u003E\n                        \u003Cdiv class=\"lesson-card__toggle__list__item__link ng-binding\" role=\"button\" tabindex=\"0\"\u003E\u003Cdiv\u003ENext, you\u2019ll confirm that you want to turn on 2-Step Verification. \u003C/div\u003E\u003C/div\u003E\n                    \u003C/li\u003E\u003Cli class=\"lesson-card__toggle__list__item ng-scope video\"\u003E\n                        \u003Cdiv class=\"lesson-card__toggle__list__item__link ng-binding\" role=\"button\" tabindex=\"0\"\u003E\u003Cdiv\u003EOnce\n it\u2019s enabled, you can ask Google to trust your machine by checking the \n\u201cdon\u2019t ask again\u201d box. From then on, that computer will ask only for a \npassword and not a verification code during sign-in.\u003C/div\u003E\u003C/div\u003E\u003C/li\u003E\u003C/ul\u003E\u003Cp\u003E\u003Cbr\u003E\u003C/p\u003E\u003Cp\u003E\u003Cgcb-youtube videoid=\"https://youtu.be/wtw2F4zLqIY\" instanceid=\"x8tObLjS7NJQ\"\u003E\u003C/gcb-youtube\u003E\u003C/p\u003E\u003Cp\u003E\u003Cgcb-youtube videoid=\"https://youtu.be/54AvJOG57NA\" instanceid=\"Lh20DgLX8tff\"\u003E\u003C/gcb-youtube\u003E\u003C/p\u003E\u003Cp\u003E\u003Cgcb-youtube videoid=\"https://youtu.be/THX3UY56H7E\" instanceid=\"an3eFLJK5HAs\"\u003E\u003C/gcb-youtube\u003E\u003C/p\u003E\u003Cp\u003E\u003Cbr\u003E\u003C/p\u003E\u003Cdiv class=\"lesson-card__text__title ng-binding ng-scope\"\u003E\u003Ch2\u003EWhat is a Security Key?\u003C/h2\u003E\u003C/div\u003E\n            \u003Cdiv class=\"lesson-card__text__body ng-binding ng-scope\"\u003E\u003Cdiv\u003E\u003Cdiv\u003EWhile\n you may be familiar with verification codes sent via phone, fewer \npeople know about Security Keys. A Security Key is a small, physical \ndevice used for signing in that plugs into your computer's USB port. \nAdvantages include:\u003C/div\u003E\u003Cdiv\u003E\u003Cstrong\u003E\u003Cbr\u003EBetter protection against phishing.\u003C/strong\u003E&nbsp;Even\n with the phone method of 2-Step Verification, you are still vulnerable \nto sophisticated attackers who can forge Google lookalike sites that ask\n for your verification codes. A Security Key uses cryptography instead \nof verification codes and automatically works only with the website it's\n supposed to work with.\u003Cbr\u003E\u003Cstrong\u003E\u003Cbr\u003ENo mobile connection or batteries needed.\u003C/strong\u003E&nbsp;Security Key works without a data connection, and you can carry it wherever you go on a keychain or in your wallet.\u003Cbr\u003E\u003Cbr\u003E\u003C/div\u003E\u003Cdiv\u003EYou can choose either a phone or Security Key as your primary verification method. \u003Cbr\u003E\u003C/div\u003E\u003Cdiv\u003E\u003Cbr\u003E\u003C/div\u003E\u003Cdiv\u003E\u003Cimg class=\"lesson-card__media__content ng-scope\" src=\"https://storage.googleapis.com/gweb-newslab.appspot.com/upload/2StepVerif_5_10.7.16.jpg\"\u003E\u003C/div\u003E\u003Cdiv\u003E\u003Cbr\u003E\u003C/div\u003E\u003Cdiv\u003E\u003Ch2\u003E\u003Cbr\u003E\u003C/h2\u003E\u003C/div\u003E\u003Cdiv\u003E\u003Cdiv class=\"lesson-card__text__title ng-binding ng-scope\"\u003E\u003Ch2\u003ESet up your Security Key(s).\u003C/h2\u003E\u003C/div\u003E\n            \u003Cdiv class=\"lesson-card__text__body ng-binding ng-scope\"\u003E\u003Cdiv\u003E\u003Cdiv\u003EYou\n can easily purchase a Security Key online -- just be sure you choose a \ndevice that is compliant with the open standard called \u201cFIDO Universal \n2nd Factor (U2F).\u201d\u003C/div\u003E\u003Cdiv\u003E\u003Cbr\u003EBefore you can use your Security Key, \nyou\u2019ll need to register it to your Google Account so that you can use it\n to sign in on any computer. Go to the&nbsp;\u003Ca href=\"https://security.google.com/settings/security/securitykey/add\" target=\"_blank\"\u003EAdd a Security Key page\u003C/a\u003E&nbsp;section of My Account and follow the prompts.\u003Cbr\u003E\u003Cbr\u003E\u003C/div\u003E\u003Cdiv\u003EIt\u2019s a good idea to register more than one Security Key to your account, in case you lose one.\u003C/div\u003E\u003Cdiv\u003E\u003Cbr\u003E\u003C/div\u003E\u003Cdiv\u003E\u003Cimg class=\"lesson-card__media__content ng-scope\" src=\"https://storage.googleapis.com/gweb-newslab.appspot.com/upload/2StepVerif_6_10.7.16.jpg\"\u003E\u003C/div\u003E\u003Cdiv\u003E\u003Ch2\u003E\u003Cbr\u003E\u003C/h2\u003E\u003C/div\u003E\u003Cdiv\u003E\u003Cdiv class=\"lesson-card__text__title ng-binding ng-scope\"\u003E\u003Ch2\u003EChoose a backup security method.\u003C/h2\u003E\u003C/div\u003E\n            \u003Cdiv class=\"lesson-card__text__body ng-binding ng-scope\"\u003E\u003Cdiv\u003E\u003Cdiv\u003ENo\n matter which primary verification method you use, you\u2019ll want to set up\n at least one backup option so that you can still sign in even if you \ndon't have your phone or Security Key. No matter what you choose, you\u2019ll\n feel confident knowing your account is both secure and accessible when \nyou need it.&nbsp;\u003C/div\u003E\u003Cdiv\u003E\u003Cbr\u003E\u003C/div\u003E\u003Cdiv\u003EFor more information, visit the&nbsp;\u003Ca href=\"https://www.google.com/landing/2step/\" target=\"_blank\"\u003E2-Step Verification site\u003C/a\u003E.\u003C/div\u003E\u003Cdiv\u003E\u003Cbr\u003E\u003C/div\u003E\u003Cdiv\u003E\u003Cimg class=\"lesson-card__media__content ng-scope\" src=\"https://storage.googleapis.com/gweb-newslab.appspot.com/upload/2StepVerif_7_10.7.16.jpg\"\u003E\u003C/div\u003E\u003Cdiv\u003E\u003Cbr\u003E\u003C/div\u003E\u003Cdiv\u003E\u003Cbr\u003E\u003C/div\u003E\u003Cdiv\u003E\u003Cbr\u003E\u003C/div\u003E\u003C/div\u003E\u003C/div\u003E\u003C/div\u003E\u003C/div\u003E\u003C/div\u003E\u003C/div\u003E\u003C/div\u003E\u003C/div\u003E\n            \n            \n            \n            \n            \n        \n        \u003Cdiv class=\"lesson-card__text__buttons ng-scope\"\u003E\n            \u003C/div\u003E\n            \n            \n            \u003Cdiv class=\"lesson-card__text__buttons ng-scope\"\u003E\n            \n        \u003C/div\u003E\u003C/div\u003E\u003C/div\u003E\u003C/div\u003E\u003C/div\u003E\u003C/div\u003E\u003C/div\u003E\u003C/div\u003E\u003C/div\u003E\u003C/div\u003E", "manual_progress": false, "unit_id": 7, "activity_title": "", "availability": "public", "video": "", "lesson_id": 8, "auto_index": true, "duration": "", "shown_when_unavailable": false, "notes": "", "properties": {"modules.skill_map.skill_list": [5668600916475904]}, "activity_listed": true}, {"scored": false, "title": "Defend Against Digital Censorship", "has_activity": false, "objectives": "\u003Cdiv class=\"lesson-card__text__title ng-binding ng-scope\"\u003E\u003Ch2\u003E\u003Ch1\u003E\u003Cspan class=\"yui-non\"\u003EProtecting websites from digital attacks.\u003C/span\u003E\u003C/h1\u003E\u003C/h2\u003E\u003C/div\u003E\n            \u003Cdiv class=\"lesson-card__text__body ng-binding ng-scope\"\u003E\u003Cdiv\u003E\u003Cdiv\u003EEvery\n day, independent news sites around the world are taken offline and \neffectively silenced by digital attacks. During controversial events \nsuch as elections, civil unrest or conflict, the threat level increases \neven more. Following the 2015 Charlie Hebdo attacks in Paris, an \nunprecedented surge in Distributed Denial of Service (DDoS) attacks \ntargeted as many as 19,000 French websites. And in 2016, seven Swedish \nnews sites were simultaneously attacked and taken offline in what \nappeared to be a coordinated effort to block access to critical \ninformation.\u003C/div\u003E\u003Cdiv\u003E\u003Cbr\u003EProject Shield is a free tool that uses Google's technology to protect news publishers from this growing daily threat.\u003C/div\u003E\u003Cdiv\u003E\u003Cbr\u003E\u003C/div\u003E\u003Cdiv\u003E\u003Cbr\u003E\u003C/div\u003E\u003Cdiv\u003E\u003Cimg class=\"lesson-card__media__content ng-scope\" src=\"https://storage.googleapis.com/gweb-newslab.appspot.com/upload/ProjectShield_1_10.14.16.jpg\"\u003E\u003C/div\u003E\u003Cdiv\u003E\u003Cbr\u003E\u003C/div\u003E\u003Cdiv\u003E\u003Ch2\u003E\u003Cbr\u003E\u003C/h2\u003E\u003C/div\u003E\u003Cdiv\u003E\u003Cdiv class=\"lesson-card__text__title ng-binding ng-scope\"\u003E\u003Ch2\u003EWhat is a \u201cDDoS\u201d attack?\u003C/h2\u003E\u003C/div\u003E\n            \u003Cdiv class=\"lesson-card__text__body ng-binding ng-scope\"\u003E\u003Cdiv\u003E\u003Cdiv\u003EA\n DDoS attack occurs when someone exploits thousands or even millions of \ncomputers and tricks them into visiting a specific website at the same \ntime. The resulting flood of \u201cjunk\u201d traffic often overwhelms servers and\n crashes the website, taking it offline. The damage doesn\u2019t stop there. \nAttempting to fight off or recover from a DDoS attack can be \ndevastatingly expensive and time-consuming.&nbsp;\u003C/div\u003E\u003Cdiv\u003E\u003Cbr\u003E\u003Cbr\u003E\u003C/div\u003E\u003Cdiv\u003ETo\n make matters worse, DDoS is no longer the exclusive purview of elite \ncomputer hackers; nearly anyone with an Internet connection can launch \none for as little as $5 (U.S.). Today, even an average-size attack can \ntake most sites offline.\u003C/div\u003E\u003Cdiv\u003E\u003Cbr\u003ETo better understand DDoS attacks,&nbsp;\u003Ca href=\"https://www.youtube.com/watch?v=YZqiF5Duh0U\" target=\"_blank\"\u003Ewatch this video.\u003C/a\u003E\u003C/div\u003E\u003Cdiv\u003E\u003Ca href=\"https://www.youtube.com/watch?v=YZqiF5Duh0U\" target=\"_blank\"\u003E\u003Cbr\u003E\u003C/a\u003E\u003C/div\u003E\u003Cdiv\u003E\u003Ca href=\"https://www.youtube.com/watch?v=YZqiF5Duh0U\" target=\"_blank\"\u003E\u003Cgcb-youtube videoid=\"https://youtu.be/qNcQ8ZHoOA8\" instanceid=\"y2Bgtj318oI5\"\u003E\u003C/gcb-youtube\u003E\u003Cbr\u003E\u003C/a\u003E\u003C/div\u003E\u003Cdiv\u003E\u003Cbr\u003E\u003C/div\u003E\u003Cdiv\u003E\u003Cdiv class=\"lesson-card__text__title ng-binding ng-scope\"\u003E\u003Ch2\u003EA growing threat to news publishers.\u003C/h2\u003E\u003C/div\u003E\n            \u003Cdiv class=\"lesson-card__text__body ng-binding ng-scope\"\u003E\u003Cdiv\u003E\u003Cdiv\u003EDDoS attacks are growing increasingly common. According to&nbsp;\u003Ca href=\"https://www.arbornetworks.com/arbor-networks-releases-global-ddos-attack-data-for-1h-2016\" target=\"_blank\"\u003EArbor Networks\u003C/a\u003E,\n the first half of 2016 showed a 125% annual increase in attacks, with \nalmost 125,000 occurring every week. According to Neustar, the odds of \ngetting hit are one in two, with repeat attacks as common as 80%. And no\n one is immune: even some of the world\u2019s largest publishers have been \ntaken down by DDoS. &nbsp;\u003C/div\u003E\u003Cdiv\u003E\u003Cbr\u003ETo see where DDoS attacks are happening right now, check out&nbsp;\u003Ca href=\"http://www.digitalattackmap.com/\" target=\"_blank\"\u003EDigital Attack Map\u003C/a\u003E,\n a live data visualization that surfaces anonymous attack traffic data \nso you can explore historic trends and find reports of outages happening\n on any given day.\u003C/div\u003E\u003Cdiv\u003E\u003Cbr\u003E\u003C/div\u003E\u003Cdiv\u003E\u003Cgcb-youtube videoid=\"https://youtu.be/6P-NqU_2FEs\" instanceid=\"NqU9TtrKPgH1\"\u003E\u003C/gcb-youtube\u003E\u003C/div\u003E\u003C/div\u003E\u003C/div\u003E\u003C/div\u003E\u003Cdiv\u003E\u003Cbr\u003E\u003C/div\u003E\u003Cdiv\u003E\u003Cdiv class=\"lesson-card__text__title ng-binding ng-scope\"\u003E\u003Ch2\u003EProject Shield protects your site for free.\u003C/h2\u003E\u003C/div\u003E\n            \u003Cdiv class=\"lesson-card__text__body ng-binding ng-scope\"\u003E\u003Cdiv\u003E\u003Cdiv\u003EThese\n alarming statistics point to the need for robust DDoS protection -- \nwhich can be prohibitively complicated and expensive. Project Shield is a\n free tool that leverages Google infrastructure to protect news \npublishers, no matter how many attacks they experience.\u003C/div\u003E\u003Cdiv\u003E\u003Cbr\u003EProject\n Shield is a \u201creverse proxy\u201d that uses Google\u2019s own defenses and network\n capacity to protect news sites. This provides a \u201cshield\u201d against \nwould-be attackers by filtering out malicious traffic. It also caches \nsome site elements to lighten the load on your own servers, which can \nimprove site performance and reduce your bandwidth costs. \u003Cbr\u003E\u003C/div\u003E\u003Cdiv\u003E\u003Cbr\u003E\u003C/div\u003E\u003Cdiv\u003E\u003Cgcb-youtube videoid=\"https://youtu.be/1sxf6_JrCv0\" instanceid=\"jUvZQyCiVHh5\"\u003E\u003C/gcb-youtube\u003E\u003C/div\u003E\u003C/div\u003E\u003C/div\u003E\u003C/div\u003E\u003Cdiv\u003E\u003Ch2\u003E\u003Cbr\u003E\u003C/h2\u003E\u003C/div\u003E\u003Cdiv\u003E\u003Cdiv class=\"lesson-card__text__title ng-binding ng-scope\"\u003E\u003Ch2\u003EWho can apply for Project Shield?\u003C/h2\u003E\u003C/div\u003E\n            \u003Cdiv class=\"lesson-card__text__body ng-binding ng-scope\"\u003E\u003Cdiv\u003E\u003Cdiv\u003EThere are three categories of sites eligible for inclusion under Project Shield:\u003C/div\u003E\u003Cul\u003E\u003Cli\u003ENews: You regularly publish timely content with attribution to keep readers informed on important information.\u003C/li\u003E\u003Cli\u003EHuman rights: Nonprofits dedicated to one of the UN charters of human rights.\u003C/li\u003E\u003Cli\u003EElections: Information on polling locations, vote monitoring, and election results.&nbsp; You can review our&nbsp;\u003Ca href=\"https://support.google.com/projectshield/answer/6358116?hl=en&amp;ref_topic=6358107\" target=\"_blank\"\u003Econtent and quality guidelines\u003C/a\u003E&nbsp;to see whether your site is likely to qualify.&nbsp;\u003C/li\u003E\u003C/ul\u003E\u003Cdiv\u003E\u003Cbr\u003ECitizen journalism sites may apply but will be evaluated on a case-by-case basis.&nbsp; \u003Cbr\u003E\u003C/div\u003E\u003Cdiv\u003E\u003Cbr\u003E\u003C/div\u003E\u003Cdiv\u003E\u003Cgcb-youtube videoid=\"https://youtu.be/3Pu89A2lEtM\" instanceid=\"cq3OnOGgkeko\"\u003E\u003C/gcb-youtube\u003E\u003C/div\u003E\u003Cdiv\u003E\u003Cbr\u003E\u003C/div\u003E\u003Cdiv\u003E\u003Cdiv class=\"lesson-card__text__title ng-binding ng-scope\"\u003E\u003Ch2\u003EHow to apply for Project Shield.\u003C/h2\u003E\u003C/div\u003E\n            \u003Cdiv class=\"lesson-card__text__body ng-binding ng-scope\"\u003E\u003Cdiv\u003E\u003Cdiv\u003EGo to&nbsp;\u003Ca href=\"http://g.co/projectshield\" target=\"_blank\"\u003Eg.co/shield\u003C/a\u003E\u003C/div\u003E\u003Col\u003E\u003Cli\u003EClick \u201cGet Started\u201d\u003C/li\u003E\u003Cli\u003EFill in form\u003C/li\u003E\u003C/ol\u003E\u003Cdiv\u003E\u003Cbr\u003E\u003C/div\u003E\u003Cdiv\u003EOnce\n your site is approved, you\u2019ll receive instructions on how to route your\n traffic through Project Shield. This simple setup process takes just a \nfew minutes, and then you\u2019ll be protected from DDoS attacks.&nbsp;\u003C/div\u003E\u003Cdiv\u003E\u003Cbr\u003ETo learn more, check out our&nbsp;\u003Ca href=\"https://support.google.com/projectshield/answer/6358873\" target=\"_blank\"\u003EFAQs for news publishers\u003C/a\u003E.\u003C/div\u003E\u003Cdiv\u003E\u003Cbr\u003E\u003C/div\u003E\u003Cdiv\u003E\u003Cgcb-youtube videoid=\"https://youtu.be/weyDCCxO6Ik\" instanceid=\"yDGxtLlHK3pQ\"\u003E\u003C/gcb-youtube\u003E\u003C/div\u003E\u003Cdiv\u003E\u003Cbr\u003E\u003C/div\u003E\u003Cdiv\u003E\u003Cbr\u003E\u003C/div\u003E\u003C/div\u003E\u003C/div\u003E\u003C/div\u003E\u003C/div\u003E\u003C/div\u003E\u003Cbr\u003E\u003Ca href=\"https://www.youtube.com/watch?v=YZqiF5Duh0U\" target=\"_blank\"\u003E\u003C/a\u003E\u003C/div\u003E\u003C/div\u003E\u003C/div\u003E\u003C/div\u003E\u003C/div\u003E\u003C/div\u003E", "manual_progress": false, "unit_id": 7, "activity_title": "", "availability": "public", "video": "", "lesson_id": 9, "auto_index": true, "duration": "", "shown_when_unavailable": false, "notes": "", "properties": {"modules.skill_map.skill_list": [5720147234914304]}, "activity_listed": true}, {"scored": false, "title": "Protect yourself from Password Theft", "has_activity": false, "objectives": "\u003Cdiv class=\"lesson-card__text__title ng-binding ng-scope\"\u003E\u003Ch1\u003EPassword thieves often target news media.\u003C/h1\u003E\u003C/div\u003E\n            \u003Cdiv class=\"lesson-card__text__body ng-binding ng-scope\"\u003E\u003Cdiv\u003E\u003Cdiv\u003EEvery\n day, hundreds of millions of emails are sent with the intent of \nstealing passwords. Increasingly, these attacks target journalists: a \n2014-2015 study by Newscycle Solutions found that 52% of news media \ncompanies were hacked or suffered a data breach -- and the most common \ntype of attacks were phishing (59%).&nbsp;\u003C/div\u003E\u003Cdiv\u003E\u003Cbr\u003EIn 2016, a wave of \ncyberattacks in the U.S. that breached high-profile targets including \nthe Democratic National Committee, Colin Powell and Olympic gymnast \nSimone Biles, underscored the need for enhanced security.\u003C/div\u003E\u003Cdiv\u003E\u003Cbr\u003E\u003C/div\u003E\u003Cdiv\u003E\u003Cgcb-youtube videoid=\"https://youtu.be/H-nfO6I3MZA\" instanceid=\"fSnf6nogz1L9\"\u003E\u003C/gcb-youtube\u003E\u003C/div\u003E\u003Cdiv\u003E\u003Ch2\u003E\u003Cbr\u003E\u003C/h2\u003E\u003C/div\u003E\u003Cdiv\u003E\u003Cdiv class=\"lesson-card__text__title ng-binding ng-scope\"\u003E\u003Ch2\u003EThe rise of fake login pages.\u003C/h2\u003E\u003C/div\u003E\n            \u003Cdiv class=\"lesson-card__text__body ng-binding ng-scope\"\u003E\u003Cdiv\u003E\u003Cdiv\u003EAs\n phishing scams become more sophisticated, fake login pages can trick \nyou into giving your password to an attacker -- without even knowing it.\n An action as simple as a typo can land you on one, with only subtle \ncues such as an outdated Google logo or font to tip you off that it\u2019s a \nforgery. That\u2019s how fake login pages successfully steal passwords 45% of\n the time.\u003C/div\u003E\u003Cdiv\u003E\u003Cbr\u003E\u003C/div\u003E\u003Cdiv\u003EOnce your password has been stolen, \nthe attacker may use your email account to harm you by gathering \npersonal information or emailing others and pretending to be you. The \nconsequences can be devastating; stolen data has even been used to put \njournalists in prison. &nbsp;\u003C/div\u003E\u003Cdiv\u003E\u003Cbr\u003EPassword Alert lets you know if you\u2019ve been targeted by this type of attack.\u003C/div\u003E\u003Cdiv\u003E\u003Cbr\u003E\u003C/div\u003E\u003Cdiv\u003E\u003Cgcb-youtube videoid=\"https://youtu.be/iahXh9-e1z0\" instanceid=\"DcbxQT8Jzhtu\"\u003E\u003C/gcb-youtube\u003E\u003C/div\u003E\u003Cdiv\u003E\u003Ch2\u003E\u003Cbr\u003E\u003C/h2\u003E\u003C/div\u003E\u003Cdiv\u003E\u003Cdiv class=\"lesson-card__text__title ng-binding ng-scope\"\u003E\u003Ch2\u003EHow Password Alert protects you.\u003C/h2\u003E\u003C/div\u003E\n            \u003Cdiv class=\"lesson-card__text__body ng-binding ng-scope\"\u003E\u003Cdiv\u003E\u003Cdiv\u003ECreated\n by the Jigsaw team in addition to Google\u2019s Security Engineering and \nGoogle for Work teams, Password Alert works like a spellchecker, except \nthat instead of looking for typos, it looks to see if you enter your \nGoogle account password any place other than your account sign-in page.&nbsp;\u003C/div\u003E\u003Cdiv\u003E\u003Cbr\u003EIf\n it detects that you\u2019ve mistakenly entered your password on the wrong \nsite, it immediately alerts you and prompts you to change it. If you\u2019re \npositive that you\u2019re on a legitimate site, you can choose to ignore the \nalert and continue without changing your password. \u003Cbr\u003E\u003C/div\u003E\u003Cdiv\u003E\u003Cbr\u003E\u003C/div\u003E\u003Cdiv\u003E\u003Cgcb-youtube videoid=\"https://youtu.be/Xo3HXAYKsLQ\" instanceid=\"u0UcyV2Gac8G\"\u003E\u003C/gcb-youtube\u003E\u003C/div\u003E\u003Cdiv\u003E\u003Ch2\u003E\u003Cbr\u003E\u003C/h2\u003E\u003C/div\u003E\u003Cdiv\u003E\u003Cdiv class=\"lesson-card__text__title ng-binding ng-scope\"\u003E\u003Ch2\u003EPassword Alert maintains your privacy.\u003C/h2\u003E\u003C/div\u003E\n            \u003Cdiv class=\"lesson-card__text__body ng-binding ng-scope\"\u003E\u003Cdiv\u003E\u003Cdiv\u003ERest\n assured that Password Alert will never store your password or \nkeystrokes. Using a technique called \u201chashing,\u201d it knows if you just \ntyped your password without ever knowing what your password is.\u003C/div\u003E\u003Cdiv\u003E\u003Cbr\u003ETo learn more about your privacy and Password Alert,&nbsp;\u003Ca href=\"https://support.google.com/a/answer/6197508?hl=en\" target=\"_blank\"\u003Eread the FAQ&nbsp;\u003C/a\u003Eon our support page. \u003Cbr\u003E\u003C/div\u003E\u003Cdiv\u003E\u003Cbr\u003E\u003C/div\u003E\u003Cdiv\u003E\u003Cgcb-youtube videoid=\"https://youtu.be/4XZrQPlfSJo\" instanceid=\"GojSTqfXE3ZK\"\u003E\u003C/gcb-youtube\u003E\u003C/div\u003E\u003Cdiv\u003E\u003Cbr\u003E\u003C/div\u003E\u003Cdiv\u003E\u003Cdiv class=\"lesson-card__text__title ng-binding ng-scope\"\u003E\u003Ch2\u003EHow to install Password Alert.\u003C/h2\u003E\u003C/div\u003E\n            \u003Cdiv class=\"lesson-card__text__body ng-binding ng-scope\"\u003E\u003Cdiv\u003E\u003Cdiv\u003ETo install this safety tool, simply visit&nbsp;\u003Ca href=\"http://g.co/passwordalert\" target=\"_blank\"\u003Eg.co/passwordalert\u003C/a\u003E,\n which takes you to the Chrome Webstore page where you can download \nPassword Alert. Click on \u201cAdd to Chrome\u201d and follow the prompts.&nbsp;\u003C/div\u003E\u003Cdiv\u003E\u003Cbr\u003E\u003C/div\u003E\u003Cdiv\u003EOnce\n you\u2019ve installed Password Alert, simply sign in to your Google account \nand it will automatically start working behind the scenes.&nbsp;\u003C/div\u003E\u003Cdiv\u003E\u003Cbr\u003ETo learn more about how Password Alert protects you online, visit the&nbsp;\u003Ca href=\"https://jigsaw.google.com/products/password-alert/\" target=\"_blank\"\u003EJigsaw website\u003C/a\u003E.\u003C/div\u003E\u003Cdiv\u003E\u003Cbr\u003E\u003C/div\u003E\u003Cdiv\u003E\u003Cgcb-youtube videoid=\"https://youtu.be/k0z_oT8mxS4\" instanceid=\"8Y9MVMYYPQhQ\"\u003E\u003C/gcb-youtube\u003E\u003C/div\u003E\u003Cdiv\u003E\u003Cbr\u003E\u003C/div\u003E\u003Cdiv\u003E\u003C/div\u003E\u003C/div\u003E\u003C/div\u003E\u003C/div\u003E\u003C/div\u003E\u003C/div\u003E\u003C/div\u003E\u003C/div\u003E\u003C/div\u003E\u003C/div\u003E\u003C/div\u003E\u003C/div\u003E\u003C/div\u003E\u003C/div\u003E\u003C/div\u003E", "manual_progress": false, "unit_id": 7, "activity_title": "", "availability": "public", "video": "", "lesson_id": 10, "auto_index": true, "duration": "", "shown_when_unavailable": false, "notes": "", "properties": {"modules.skill_map.skill_list": [5105650963054592]}, "activity_listed": true}], "next_id": 12, "version": "1.3"}