{"units": [{"weight": 1, "show_contents_on_one_page": true, "labels": "", "unit_header": "", "href": null, "post_assessment": null, "workflow_yaml": "grader: auto\n", "availability": "public", "description": "", "title": "Accelerated Mobile Pages", "unit_id": 1, "type": "U", "custom_unit_type": null, "manual_progress": false, "pre_assessment": null, "properties": {}, "unit_footer": "Rewiring Journalists for the Digital Age\u003Cbr\u003E", "html_check_answers": false, "html_content": null, "release_date": "", "html_review_form": null, "shown_when_unavailable": false}, {"weight": 1, "show_contents_on_one_page": false, "labels": "", "unit_header": "", "href": null, "post_assessment": null, "workflow_yaml": "grader: auto\n", "availability": "public", "description": "", "title": "Publishing and Monetization", "unit_id": 5, "type": "U", "custom_unit_type": null, "manual_progress": false, "pre_assessment": null, "properties": {}, "unit_footer": "Rewiring Journalists for the Digital Age\u003Cbr\u003E", "html_check_answers": false, "html_content": null, "release_date": "", "html_review_form": null, "shown_when_unavailable": false}], "lessons": [{"scored": false, "title": "Introduction to AMP", "has_activity": false, "objectives": "\u003Cdiv class=\"lesson-card__text__title ng-binding ng-scope\"\u003E\u003Ch1\u003EWhat is AMP?\u003C/h1\u003E\u003C/div\u003E\n            \u003Cdiv class=\"lesson-card__text__body ng-binding ng-scope\"\u003E\u003Cdiv\u003E\u003Cdiv\u003E\u201cAMP,\u201d short for&nbsp;\u003Ca href=\"http://ampproject.org\" target=\"_blank\"\u003EAccelerated Mobile Pages\u003C/a\u003E,\n is a worldwide, open-source collaboration between Google, publishers, \ntechnology companies and advertising platforms to make the mobile web \nfaster. AMP enables publishers to create mobile-optimized content once \nand have it load almost instantly everywhere. For readers, that means \nblazing-fast content delivery on their mobile devices.\u003C/div\u003E\u003Cdiv\u003E\u003Cbr\u003EYou\u2019ll\n recognize AMP by the \u201clightning bolt\u201d symbol on articles found on \nGoogle Search, Google News, and the Play Newsstand app. AMP pages also \nsurface on Bing\u2019s iOS and Android app and social networks such as \nLinkedIn, Pinterest, Twitter (Moments), Medium, Feedly, and a growing \nlist of sites. \u003Cbr\u003E\u003C/div\u003E\u003Cdiv\u003E\u003Cbr\u003E\u003C/div\u003E\u003Cdiv\u003E\u003Cgcb-youtube videoid=\"https://youtu.be/I5-EUGVvE-c\" instanceid=\"h5LKO5xyuyMr\"\u003E\u003C/gcb-youtube\u003E\u003C/div\u003E\u003Cdiv\u003E\u003Cbr\u003E\u003C/div\u003E\u003Cdiv\u003E\u003Cdiv class=\"lesson-card__text__title ng-binding ng-scope\"\u003E\u003Ch2\u003EThe need for speed.\u003C/h2\u003E\u003C/div\u003E\n            \u003Cdiv class=\"lesson-card__text__body ng-binding ng-scope\"\u003E\u003Cdiv\u003E\u003Cdiv\u003EOn\n mobile, speed matters most. Slow-loading pages not only frustrate \nreaders, they can drive them away: 53% of mobile site visits are \nabandoned if pages take longer than three seconds to load. Yet the \naverage load time for a mobile site over 3G is 19 seconds!\u003Cbr\u003E\u003Cbr\u003E\u003C/div\u003E\u003Cdiv\u003ESlower\n pages also stifle engagement and monetization opportunities. While many\n factors impact overall revenue, publishers whose mobile sites load in \nfive seconds are projected to earn up to 2x more mobile ad revenue than \nthose whose sites load in 19 seconds.*\u003C/div\u003E\u003Cdiv\u003E\u003Cbr\u003E\u003C/div\u003E\u003Cdiv\u003E*Based on analysis of 10k mobile web domains and data from Google Analytics and&nbsp;\u003C/div\u003E\u003Cdiv\u003EDoubleClick. From \u201c\u003Ca href=\"http://g.co/MobileSpeed\" target=\"_blank\"\u003EThe Need for Mobile Speed\u003C/a\u003E.\u201d\u003C/div\u003E\u003Cdiv\u003E\u003Cbr\u003E\u003C/div\u003E\u003Cdiv\u003E\u003Cgcb-youtube videoid=\"https://youtu.be/ZGHZTLzp9D0\" instanceid=\"goxsMPHhCjJL\"\u003E\u003C/gcb-youtube\u003E\u003C/div\u003E\u003Cdiv\u003E\u003Cbr\u003E\u003C/div\u003E\u003Cdiv\u003E\u003Cdiv class=\"lesson-card__text__title ng-binding ng-scope\"\u003E\u003Ch2\u003EHow AMP benefits news media. \u003C/h2\u003E\u003C/div\u003E\n            \u003Cdiv class=\"lesson-card__text__body ng-binding ng-scope\"\u003E\u003Cdiv\u003E\u003Cdiv\u003EThe\n Washington Post and many venerable news organizations around the world \nhave already adopted AMP. The Post improved load times by 88% and \nincreased retention from mobile search users by 23%.\u003C/div\u003E\u003Cdiv\u003E\u003Cbr\u003E\u003C/div\u003E\u003Cdiv\u003EOn\n average, AMP pages load 4x faster than non-AMP pages and use 10x less \ndata. That means your readers get the content they want quickly, with a \nmedian load time of 0.7 seconds.&nbsp;\u003C/div\u003E\u003Cdiv\u003E\u003Cbr\u003E\u003C/div\u003E\u003Cdiv\u003ETo see the full Washington Post AMP case study,&nbsp;\u003Ca href=\"https://www.ampproject.org/case-studies/washingtonpost/\" target=\"_blank\"\u003Eclick here.\u003C/a\u003E\u003C/div\u003E\u003Cdiv\u003E\u003Ca href=\"https://www.ampproject.org/case-studies/washingtonpost/\" target=\"_blank\"\u003E\u003Cbr\u003E\u003C/a\u003E\u003C/div\u003E\u003Cdiv\u003E\u003Ca href=\"https://www.ampproject.org/case-studies/washingtonpost/\" target=\"_blank\"\u003E\u003Cimg class=\"lesson-card__media__content ng-scope\" src=\"https://storage.googleapis.com/gweb-newslab.appspot.com/upload/WhatisAMP_3_10.14.16.jpg\"\u003E\u003Cbr\u003E\u003C/a\u003E\u003C/div\u003E\u003Cdiv\u003E\u003Cbr\u003E\u003C/div\u003E\u003Cdiv\u003E\u003Cdiv class=\"lesson-card__text__title ng-binding ng-scope\"\u003E\u003Ch2\u003EVisibility in search results.\u003C/h2\u003E\u003C/div\u003E\n            \u003Cdiv class=\"lesson-card__text__body ng-binding ng-scope\"\u003E\u003Cdiv\u003E\u003Cdiv\u003EAlong\n with increased speeds, publishers can expect their AMP pages to surface\n in mobile Google Search results, and in other mobile-friendly \nplacements across Google News, the Google News &amp; Weather app, and \nPlay Newsstand.\u003C/div\u003E\u003Cdiv\u003E\u003Cbr\u003EAMP pages with the proper markup are \neligible to surface in an AMP-only carousel in Search. Your AMP articles\n can also surface on Google News in a carousel, featuring up to 14 \narticles and within story clusters. We are continually developing more \nplacements for AMP stories.\u003C/div\u003E\u003C/div\u003E\u003C/div\u003E\u003C/div\u003E\u003Cdiv\u003E\u003Cbr\u003E\u003C/div\u003E\u003Cdiv\u003E\u003Cgcb-youtube videoid=\"https://youtu.be/_Jx8nsQsAGM\" instanceid=\"0e4M7ISVEuYy\"\u003E\u003C/gcb-youtube\u003E\u003C/div\u003E\u003Cdiv\u003E\u003Cbr\u003E\u003C/div\u003E\u003Cdiv\u003E\u003Cdiv class=\"lesson-card__text__title ng-binding ng-scope\"\u003E\u003Ch2\u003ESee who\u2019s already using AMP.\u003C/h2\u003E\u003C/div\u003E\n            \u003Cdiv\u003ELaunched\n in 2015, the AMP Project has already attracted many of the world\u2019s most\n respected news organizations and popular content distribution \nplatforms. As the project continues to grow, we anticipate that it will \ncontinue to improve and evolve, with enhanced ads and analytics in \npartnership with AMP vendors. \u003Cbr\u003E\u003C/div\u003E\u003C/div\u003E\u003Cdiv\u003E\u003Cbr\u003E\u003C/div\u003E\u003Cdiv\u003E\u003Cgcb-youtube videoid=\"https://youtu.be/t7E5X0QhthE\" instanceid=\"0hjMSXYZoZp7\"\u003E\u003C/gcb-youtube\u003E\u003C/div\u003E\u003Cdiv\u003E\u003Cbr\u003E\u003C/div\u003E\u003Cdiv\u003E\u003Cbr\u003E\u003Ca href=\"https://www.ampproject.org/case-studies/washingtonpost/\" target=\"_blank\"\u003E\u003C/a\u003E\u003C/div\u003E\u003Cdiv\u003E\u003Ca href=\"https://www.ampproject.org/case-studies/washingtonpost/\" target=\"_blank\"\u003E\u003C/a\u003E\u003C/div\u003E\u003C/div\u003E\u003C/div\u003E\u003C/div\u003E\u003C/div\u003E\u003C/div\u003E\u003C/div\u003E\u003C/div\u003E\u003C/div\u003E", "manual_progress": false, "unit_id": "1", "activity_title": "", "availability": "public", "video": "", "lesson_id": 2, "auto_index": true, "duration": "", "shown_when_unavailable": false, "notes": "", "properties": {"modules.skill_map.skill_list": [5629499534213120]}, "activity_listed": true}, {"scored": false, "title": "Publishing with AMP", "has_activity": false, "objectives": "\u003Cdiv class=\"lesson-card__text__title ng-binding ng-scope\"\u003E\u003Ch1\u003EWhat type of content works with AMP?\u003C/h1\u003E\u003C/div\u003E\n            \u003Cdiv class=\"lesson-card__text__body ng-binding ng-scope\"\u003E\u003Cdiv\u003E\u003Cdiv\u003EThe Accelerated Mobile Pages (AMP) Project is an open-source initiative that makes the mobile web faster for everyone.&nbsp;\u003C/div\u003E\u003Cdiv\u003E\u003Cbr\u003E\u003C/div\u003E\u003Cdiv\u003EAMP\n is great for all types of web content such as news, recipes, movies, \nproduct pages, reviews, videos, blogs, e-commerce and more. It is less \nuseful for single-page apps that use lots of dynamic or interactive \nfeatures, such as route mapping, email or social networks.\u003C/div\u003E\u003Cdiv\u003E\u003Cbr\u003E\u003C/div\u003E\u003Cdiv\u003EAs you begin learning AMP, you\u2019ll want to have answers to these questions in mind:\u003C/div\u003E\u003Cul\u003E\u003Cli\u003EWhat type of content do you produce?\u003C/li\u003E\u003Cli\u003EHow do you currently publish your content?\u003C/li\u003E\u003Cli\u003EHow do you monetize your content?\u003C/li\u003E\u003Cli\u003EWhat analytics do you use to track engagement?\u003C/li\u003E\u003C/ul\u003E\u003Cp\u003E\u003Cbr\u003E\u003C/p\u003E\u003Cp\u003E\u003Cgcb-youtube videoid=\"https://youtu.be/y1O8MVkWaNk\" instanceid=\"C9ctQAjYu4Pe\"\u003E\u003C/gcb-youtube\u003E\u003C/p\u003E\u003Cp\u003E\u003Cbr\u003E\u003C/p\u003E\u003Cdiv class=\"lesson-card__text__title ng-binding ng-scope\"\u003E\u003Ch2\u003EPublishing your AMP pages.\u003C/h2\u003E\u003C/div\u003E\n            \u003Cdiv class=\"lesson-card__text__body ng-binding ng-scope\"\u003E\u003Cdiv\u003E\u003Cdiv\u003EDepending\n on your current process, publishing AMPs could be as simple as \ninstalling a plug-in compatible with your content management system \n(CMS) to automatically create them for you, or adjusting templates to \ngenerate them.&nbsp;\u003C/div\u003E\u003Cdiv\u003E\u003Cbr\u003E\u003C/div\u003E\u003Cdiv\u003EIf you use a prepackaged CMS like WordPress, check to see if it\u2019s on the list of supporting providers under the&nbsp;\u003Ca href=\"https://www.ampproject.org/who/#cms\" target=\"_blank\"\u003E\u201cCMS\u201d section, here\u003C/a\u003E.\u003Cbr\u003E\u003Cbr\u003E\u003C/div\u003E\u003Cdiv\u003EIf you use your own CMS, check out the&nbsp;\u003Ca href=\"https://www.ampproject.org/docs/get_started/create\" target=\"_blank\"\u003EGetting Started guide.\u003C/a\u003E\u003C/div\u003E\u003Cdiv\u003E\u003Ca href=\"https://www.ampproject.org/docs/get_started/create\" target=\"_blank\"\u003E\u003Cbr\u003E\u003C/a\u003E\u003C/div\u003E\u003Cdiv\u003E\u003Ca href=\"https://www.ampproject.org/docs/get_started/create\" target=\"_blank\"\u003E\u003Cgcb-youtube videoid=\"https://youtu.be/wiVOW1KL6GM\" instanceid=\"TfzOPhFSEUMm\"\u003E\u003C/gcb-youtube\u003E\u003Cbr\u003E\u003C/a\u003E\u003C/div\u003E\u003Cdiv\u003E\u003Ch2\u003E\u003Cbr\u003E\u003C/h2\u003E\u003C/div\u003E\u003Cdiv\u003E\u003Cdiv class=\"lesson-card__text__title ng-binding ng-scope\"\u003E\u003Ch2\u003EHow to monetize your content.\u003C/h2\u003E\u003C/div\u003E\n            \u003Cdiv class=\"lesson-card__text__body ng-binding ng-scope\"\u003E\u003Cdiv\u003E\u003Cdiv\u003EAfter\n you\u2019ve figured out how to integrate with your CMS, you need to \ndetermine how your content is monetized and whether or not AMP is \ncompatible with your ad tech provider.\u003Cbr\u003E\u003Cbr\u003E\u003C/div\u003E\u003Cdiv\u003EMany popular ad tech providers already support AMP, including Rubicon, DoubleClick, and MOAT among others.\u003Cbr\u003E\u003Cbr\u003E\u003C/div\u003E\u003Cdiv\u003ECheck out the list of supported ad networks and ad formats,&nbsp;\u003Ca href=\"https://www.ampproject.org/learn/who/#ads\" target=\"_blank\"\u003Ehere.\u003C/a\u003E\u003C/div\u003E\u003Cdiv\u003E\u003Cbr\u003E\u003C/div\u003E\u003Cdiv\u003EThe\n AMP project also supports paywalls and subscriptions. This means that \nyou can restrict or minimize access to your AMP pages for people who are\n not subscribers. Learn about paywall access integrations,&nbsp;\u003Ca href=\"https://github.com/ampproject/amphtml/blob/master/extensions/amp-access/amp-access.md\" target=\"_blank\"\u003Ehere.\u003C/a\u003E\u003C/div\u003E\u003Cdiv\u003E\u003Ca href=\"https://github.com/ampproject/amphtml/blob/master/extensions/amp-access/amp-access.md\" target=\"_blank\"\u003E\u003Cbr\u003E\u003C/a\u003E\u003C/div\u003E\u003Cdiv\u003E\u003Ca href=\"https://github.com/ampproject/amphtml/blob/master/extensions/amp-access/amp-access.md\" target=\"_blank\"\u003E\u003Cgcb-youtube videoid=\"https://youtu.be/qGCr_znNCQ8\" instanceid=\"F1DrfN71BpYk\"\u003E\u003C/gcb-youtube\u003E\u003Cbr\u003E\u003C/a\u003E\u003C/div\u003E\u003Cdiv\u003E\u003Ch2\u003E\u003Cbr\u003E\u003C/h2\u003E\u003C/div\u003E\u003Cdiv\u003E\u003Cdiv class=\"lesson-card__text__title ng-binding ng-scope\"\u003E\u003Ch2\u003EAnalytics and measurement.\u003C/h2\u003E\u003C/div\u003E\n            \u003Cdiv class=\"lesson-card__text__body ng-binding ng-scope\"\u003E\u003Cdiv\u003E\u003Cdiv\u003EAs you can see from&nbsp;\u003Ca href=\"https://www.ampproject.org/who/#analytics\" target=\"_blank\"\u003Ethis list\u003C/a\u003E, the AMP format is compatible with many analytics providers.\u003C/div\u003E\u003Cdiv\u003E\u003Cbr\u003E\u003C/div\u003E\u003Cdiv\u003EYou\n can use analytics to configure multiple data-capture elements. AMP then\n manages all of the instrumentation to come up with the data.\u003C/div\u003E\u003Cdiv\u003E\u003Cbr\u003E\u003C/div\u003E\u003Cdiv\u003ETo explore implementation of analytics in AMP pages in depth,&nbsp;\u003Ca href=\"https://amphtml.wordpress.com/2016/01/28/analytics-and-measurement-for-amp-pages/\" target=\"_blank\"\u003Eread this detailed blog post\u003C/a\u003E.\u003C/div\u003E\u003Cdiv\u003E\u003Cbr\u003E\u003C/div\u003E\u003Cdiv\u003E\u003Cbr\u003E\u003C/div\u003E\u003Cdiv\u003E\u003Cgcb-youtube videoid=\"https://youtu.be/qGCr_znNCQ8\" instanceid=\"SHb3T6buL1pC\"\u003E\u003C/gcb-youtube\u003E\u003C/div\u003E\u003C/div\u003E\u003C/div\u003E\u003Cbr\u003E\u003C/div\u003E\u003C/div\u003E\u003C/div\u003E\u003C/div\u003E\u003Cdiv\u003E\u003Cdiv class=\"lesson-card__text__title ng-binding ng-scope\"\u003E\u003Ch2\u003EResources for developers.\u003C/h2\u003E\u003C/div\u003E\n            \u003Cdiv class=\"lesson-card__text__body ng-binding ng-scope\"\u003E\u003Cdiv\u003E\u003Cdiv\u003ESince\n AMP is an open-source collaboration across many technology companies \nand platforms, there are ample resources for your site\u2019s developers to \ntap into.&nbsp;\u003C/div\u003E\u003Cdiv\u003E\u003Cbr\u003E\u003C/div\u003E\u003Cul\u003E\u003Cli\u003EFor AMP HTML source code, samples and documentation,&nbsp;\u003Ca href=\"https://github.com/ampproject/amphtml\" target=\"_blank\"\u003Esee GitHub\u003C/a\u003E.\u003Cbr\u003E\u003Cbr\u003E\u003C/li\u003E\u003Cli\u003ETo see Google Senior Staff Software Engineer Malte Ubl discuss how AMP achieves its speed,&nbsp;\u003Ca href=\"https://youtu.be/cfekj564rs0\" target=\"_blank\"\u003Ewatch this video.\u003C/a\u003E\u003C/li\u003E\u003C/ul\u003E\u003Cdiv\u003E\u003Cbr\u003E\u003C/div\u003E\u003Cul\u003E\u003Cli\u003EFor the complete AMP Project site,&nbsp;\u003Ca href=\"https://www.ampproject.org/\" target=\"_blank\"\u003Eclick here\u003C/a\u003E. \u003Cbr\u003E\u003C/li\u003E\u003C/ul\u003E\u003C/div\u003E\u003C/div\u003E\u003C/div\u003E\u003Cdiv\u003E\u003Cgcb-youtube videoid=\"https://youtu.be/9uHV9s4BL20\" instanceid=\"ZaLNinnqvLCA\"\u003E\u003C/gcb-youtube\u003E\u003C/div\u003E\u003Cdiv\u003E\u003Cbr\u003E\u003C/div\u003E\u003Cdiv\u003E\u003Cbr\u003E\u003Ca href=\"https://www.ampproject.org/docs/get_started/create\" target=\"_blank\"\u003E\u003C/a\u003E\u003C/div\u003E\u003C/div\u003E\u003C/div\u003E\u003C/div\u003E\u003C/div\u003E\n            \n            \n            \n            \n            \u003Cdiv class=\"lesson-card__intro ng-scope\"\u003E\n                \n            \u003C/div\u003E\n        \n        \u003Cdiv class=\"lesson-card__text__buttons ng-scope\"\u003E\n            \n            \n            \n            \u003C/div\u003E\u003Cdiv class=\"lesson-card__text__buttons ng-scope\"\u003E\n            \n        \u003C/div\u003E", "manual_progress": false, "unit_id": "1", "activity_title": "", "availability": "public", "video": "", "lesson_id": 3, "auto_index": true, "duration": "", "shown_when_unavailable": false, "notes": "", "properties": {"modules.skill_map.skill_list": [5629499534213120]}, "activity_listed": true}, {"scored": false, "title": "New Lesson", "has_activity": false, "objectives": "", "manual_progress": false, "unit_id": 1, "activity_title": "", "availability": "public", "video": "", "lesson_id": 4, "auto_index": true, "duration": "", "shown_when_unavailable": false, "notes": "", "properties": {}, "activity_listed": true}, {"scored": false, "title": "Introduction to advertising for Journalism", "has_activity": false, "objectives": "\u003Cdiv class=\"lesson-card__text__title ng-binding ng-scope\"\u003E\u003Ch1\u003EThe publisher\u2019s dilemma: online readers want free content.\u003C/h1\u003E\u003C/div\u003E\n            \u003Cdiv class=\"lesson-card__text__body ng-binding ng-scope\"\u003E\u003Cdiv\u003E\u003Cdiv\u003EThe\n trend is clear: in today\u2019s world of digital journalism, readers want \n(and often expect) free content. But that makes it increasingly \nchallenging for publications to stay afloat. Digital advertising can \nhelp bring in revenue. Today, there are many tools that make it easy to \nprofitably display ads on your site without compromising your readers\u2019 \nexperience. \u003Cbr\u003E\u003C/div\u003E\u003Cdiv\u003E\u003Cbr\u003E\u003C/div\u003E\u003Cdiv\u003E\u003Cimg class=\"lesson-card__media__content ng-scope\" src=\"https://storage.googleapis.com/gweb-newslab.appspot.com/upload/AdSense_Intro_to_Monetization_1.jpg\"\u003E\u003C/div\u003E\u003Cdiv\u003E\u003Ch2\u003E\u003Cbr\u003E\u003C/h2\u003E\u003C/div\u003E\u003Cdiv\u003E\u003Cdiv class=\"lesson-card__text__title ng-binding ng-scope\"\u003E\u003Ch2\u003EWhat is an ad network?\u003C/h2\u003E\u003C/div\u003E\n            \u003Cdiv class=\"lesson-card__text__body ng-binding ng-scope\"\u003E\u003Cdiv\u003E\u003Cdiv\u003EMany\n businesses may be willing to pay to show ads on your site, but the \nprocess of finding them on your own is challenging. Instead of spending \ntime pitching your site to businesses individually, you may want to \nconsider working with an ad network.\u003C/div\u003E\u003Cdiv\u003E\u003Cbr\u003EAd networks do the \nhard work of bringing together the parties that participate in online \nadvertising, making it easier for everyone involved to succeed. They \nbuild relationships with businesses looking to advertise, and sites \nlooking to make money by selling ads. Through an ad network, advertisers\n can get access to a large inventory of sites at scale. Ad networks also\n help publishers find advertisers quickly. You can spend less time and \neffort marketing your advertising space, and instead focus on creating \nthe best website for your users. Most ad networks do a revenue share \nwith their publishing partners.\u003C/div\u003E\u003Cdiv\u003E\u003Cbr\u003E\u003C/div\u003E\u003Cdiv\u003E\u003Cgcb-youtube videoid=\"https://youtu.be/x96zqLO4aNE\" instanceid=\"zLwGJL4jtRKv\"\u003E\u003C/gcb-youtube\u003E\u003C/div\u003E\u003Cdiv\u003E\u003Cbr\u003E\u003C/div\u003E\u003Cdiv\u003E\u003Cdiv class=\"lesson-card__text__title ng-binding ng-scope\"\u003E\u003Ch2\u003EHow do publications get paid?\u003C/h2\u003E\u003C/div\u003E\n            \u003Cdiv class=\"lesson-card__text__body ng-binding ng-scope\"\u003E\u003Cdiv\u003E\u003Cdiv\u003EAd networks offer multiple payment models: in some, advertisers pay to display an ad, in others, they may offer a&nbsp;\u003Ca href=\"https://support.google.com/adsense/answer/32725?hl=en\" target=\"_blank\"\u003Epay-per-click (PPC)\u003C/a\u003E&nbsp;model,\n where advertisers only pay when someone clicks on their ad. PPC aligns \ninterests of advertisers, publishers, and users. As digital advertising \nhas matured, additional \u201cpay for performance\u201d models have emerged like \n\u201cpay per download\u201d and \u201cpay per acquisition,\u201d all designed to better \nmeet the needs of both parties. \u003Cbr\u003E\u003C/div\u003E\u003Cdiv\u003E\u003Cbr\u003E\u003C/div\u003E\u003Cdiv\u003E\u003Cimg class=\"lesson-card__media__content ng-scope\" src=\"https://storage.googleapis.com/gweb-newslab.appspot.com/upload/AdSense_Intro_to_Monetization_3.jpg\"\u003E\u003C/div\u003E\u003Cdiv\u003E\u003Cbr\u003E\u003C/div\u003E\u003Cdiv\u003E\u003Cdiv class=\"lesson-card__text__title ng-binding ng-scope\"\u003E\u003Ch2\u003EMany ways to tap into Google\u2019s ad network.\u003C/h2\u003E\u003C/div\u003E\n            \u003Cdiv class=\"lesson-card__text__body ng-binding ng-scope\"\u003E\u003Cdiv\u003E\u003Cdiv\u003EThere\n are several advertising products that connect your site with the Google\n ad network. All of them give you control over the type of ads you show \nyour audience and where they appear.\u003Cbr\u003E\u003Cbr\u003EThey include:\u003C/div\u003E\u003Cul\u003E\u003Cli\u003E\u003Ca href=\"https://www.google.com/adsense/start/#?modal_active=none\" target=\"_blank\"\u003EAdSense\u003C/a\u003E: monetize your website with ads.\u003C/li\u003E\u003Cli\u003E\u003Ca href=\"https://www.google.com/admob/\" target=\"_blank\"\u003EAdMob:\u003C/a\u003E&nbsp;monetize your apps with ads.\u003C/li\u003E\u003Cli\u003E\u003Ca href=\"https://support.google.com/youtube/topic/14965?hl=en&amp;ref_topic=2676320\" target=\"_blank\"\u003EYouTube partner program:\u003C/a\u003E&nbsp;monetize your videos with ads.\u003C/li\u003E\u003Cli\u003E\u003Ca href=\"https://support.google.com/producer/answer/6016113?hl=en&amp;ref_topic=6179914\" target=\"_blank\"\u003EGoogle Play Newsstand:\u003C/a\u003E&nbsp;monetize your pieces running on Google Play Newsstand.\u003C/li\u003E\u003C/ul\u003E\u003Cdiv\u003E\u003Ca href=\"https://www.google.com/adsense/signup?subid=WW-EN-ET-et-newslab-pt&amp;utm_source=internal&amp;utm_medium=et&amp;utm_campaign=newslab-part\" target=\"_blank\"\u003EClick here&nbsp;\u003C/a\u003Eto sign up for an AdSense account.\u003C/div\u003E\u003Cdiv\u003E\u003Ca href=\"https://apps.admob.com/signup/?subid=WW-EN-ET-et-newslab-pt&amp;utm_source=internal&amp;utm_medium=et&amp;utm_campaign=newslab-part\" target=\"_blank\"\u003EClick here&nbsp;\u003C/a\u003Eto open an AdMob account.\u003C/div\u003E\u003Cdiv\u003E\u003Cbr\u003E\u003C/div\u003E\u003Cdiv\u003E\u003Cimg class=\"lesson-card__media__content ng-scope\" src=\"https://storage.googleapis.com/gweb-newslab.appspot.com/upload/AdSense_Intro_to_Monetization_4.jpg\"\u003E\u003C/div\u003E\u003Cdiv\u003E\u003Cbr\u003E\u003C/div\u003E\u003Cdiv\u003E\u003Cbr\u003E\u003C/div\u003E\u003Cdiv\u003E\u003Cdiv class=\"lesson-card__text__title ng-binding ng-scope\"\u003E\u003Ch1\u003EMake sure your site is ready.\u003C/h1\u003E\u003C/div\u003E\n            \u003Cdiv class=\"lesson-card__text__body ng-binding ng-scope\"\u003E\u003Cdiv\u003E\u003Cdiv\u003EThis course will walk you through how to&nbsp;\u003Ca href=\"https://www.google.com/adsense/signup?subid=WW-EN-ET-et-newslab-pt&amp;utm_source=internal&amp;utm_medium=et&amp;utm_campaign=newslab-part\" target=\"_blank\"\u003Esign up\u003C/a\u003E, set-up, and start profiting from your publication via AdSense.&nbsp;\u003C/div\u003E\u003Cdiv\u003E\u003Cbr\u003EBefore you apply to join the ad network, make sure your site is in top condition. Two important areas of focus are:\u003C/div\u003E\u003C/div\u003E\u003C/div\u003E\n            \n            \n            \n                \u003Cul class=\"lesson-card__toggle__list\"\u003E\u003Cli class=\"lesson-card__toggle__list__item ng-scope video\"\u003E\n                        \u003Cdiv class=\"lesson-card__toggle__list__item__link ng-binding active\" role=\"button\" tabindex=\"0\"\u003E\u003Cdiv\u003E\u003Cdiv\u003EGreat original content that engages your readers and leads to more page views.\u003C/div\u003E\u003C/div\u003E\u003C/div\u003E\n                    \u003C/li\u003E\u003Cli class=\"lesson-card__toggle__list__item ng-scope video\"\u003E\n                        \u003Cdiv class=\"lesson-card__toggle__list__item__link ng-binding\" role=\"button\" tabindex=\"0\"\u003E\u003Cdiv\u003E\u003Cdiv\u003EA\n steady stream of regular visitors -- especially those who share your \ncontent on social media, thereby driving even more traffic to your site.\u003C/div\u003E\u003C/div\u003E\u003C/div\u003E\u003C/li\u003E\u003C/ul\u003E\u003Cp\u003E\u003Cgcb-youtube videoid=\"https://youtu.be/aFywYuZv-Xw\" instanceid=\"75bf1vv8xQmi\"\u003E\u003C/gcb-youtube\u003E\u003C/p\u003E\u003Cp\u003E\u003Cgcb-youtube videoid=\"https://youtu.be/Xe2wpnUl25g\" instanceid=\"RiX9fag30jsg\"\u003E\u003C/gcb-youtube\u003E\u003C/p\u003E\u003Cp\u003E\u003Cbr\u003E\u003C/p\u003E\u003Cdiv class=\"lesson-card__text__title ng-binding ng-scope\"\u003E\u003Ch2\u003EApply for an account.\u003C/h2\u003E\u003C/div\u003E\n            \u003Cdiv class=\"lesson-card__text__body ng-binding ng-scope\"\u003E\u003Cdiv\u003E\u003Cdiv\u003EWhen you're ready, you can apply for an AdSense account at&nbsp;\u003Ca href=\"https://www.google.com/adsense/signup\" target=\"_blank\"\u003Ehttps://www.google.com/adsense/signup\u003C/a\u003E&nbsp;\u003Cbr\u003E\u003Cbr\u003EHere\u2019s what you\u2019ll need:&nbsp;\u003C/div\u003E\u003Col\u003E\u003Cli\u003EYour Google account login and password.\u003C/li\u003E\u003Cli\u003EYour site filled with original, engaging content that meets our&nbsp;\u003Ca href=\"https://support.google.com/adsense/answer/48182?hl=en\" target=\"_blank\"\u003Eprogram policies\u003C/a\u003E.&nbsp;\u003C/li\u003E\u003Cli\u003EThe phone number and postal address associated with your bank account so you can get paid. \u003Cbr\u003E\u003C/li\u003E\u003C/ol\u003E\u003Cp\u003E\u003Cbr\u003E\u003C/p\u003E\u003Cp\u003E\u003Cgcb-youtube videoid=\"https://youtu.be/J7MZqAnUgBU\" instanceid=\"oOnDnbVk4OdF\"\u003E\u003C/gcb-youtube\u003E\u003C/p\u003E\u003Cp\u003E\u003Cbr\u003E\u003C/p\u003E\u003Cdiv class=\"lesson-card__text__title ng-binding ng-scope\"\u003E\u003Ch2\u003EConnect your website to AdSense.\u003C/h2\u003E\u003C/div\u003E\n            \u003Cdiv class=\"lesson-card__text__body ng-binding ng-scope\"\u003E\u003Cdiv\u003E\u003Cdiv\u003ESign in to your AdSense account at&nbsp;\u003Ca href=\"https://www.google.com/adsense/start/#?modal_active=none\" target=\"_blank\"\u003Egoogle.com/adsense\u003C/a\u003E. To connect your site, follow the steps below, or visit the&nbsp;\u003Ca href=\"https://support.google.com/adsense/answer/6245307?hl=en&amp;utm_source=aso&amp;utm_medium=link&amp;utm_campaign=ww-ww-et-asfe_\" target=\"_blank\"\u003Ehelp page\u003C/a\u003E&nbsp;for more detailed instructions.\u003C/div\u003E\u003C/div\u003E\u003C/div\u003E\n            \n            \n            \n                \u003Cul class=\"lesson-card__toggle__list\"\u003E\u003Cli class=\"lesson-card__toggle__list__item ng-scope video\"\u003E\n                        \u003Cdiv class=\"lesson-card__toggle__list__item__link ng-binding active\" role=\"button\" tabindex=\"0\"\u003E\u003Cdiv\u003E\u003Cdiv\u003EClick\n on \u201cMy ads\u201d and select \u201cPage-level ads.\u201d Enter the number and type of \nad you want to run. Don\u2019t worry, you can adjust this at any time.&nbsp;\u003C/div\u003E\u003C/div\u003E\u003C/div\u003E\n                    \u003C/li\u003E\u003Cli class=\"lesson-card__toggle__list__item ng-scope video\"\u003E\n                        \u003Cdiv class=\"lesson-card__toggle__list__item__link ng-binding\" role=\"button\" tabindex=\"0\"\u003E\u003Cdiv\u003E\u003Cdiv\u003EClick\n on \u201cGet code.\u201d Then, copy and paste the code into the HTML of your \npage, right after the &lt;head&gt; tag. Your method for this will depend\n on how you edit your site, e.g., HTML editor, website builder, CMS, \netc.&nbsp; \u003Cbr\u003E\u003C/div\u003E\u003C/div\u003E\u003C/div\u003E\u003C/li\u003E\u003C/ul\u003E\u003Cp\u003E\u003Cbr\u003E\u003C/p\u003E\u003Cp\u003E\u003Cgcb-youtube videoid=\"https://youtu.be/_2ruqro_6G8\" instanceid=\"jwMjAFpnp8fz\"\u003E\u003C/gcb-youtube\u003E\u003C/p\u003E\u003Cp\u003E\u003Cgcb-youtube videoid=\"https://youtu.be/AydIWr-kx3o\" instanceid=\"027sGKq9c6ko\"\u003E\u003C/gcb-youtube\u003E\u003C/p\u003E\u003Cp\u003E\u003Cbr\u003E\u003C/p\u003E\u003Cdiv class=\"lesson-card__text__title ng-binding ng-scope\"\u003E\u003Ch2\u003EGoogle will review your account for approval.\u003C/h2\u003E\u003C/div\u003E\n            \u003Cdiv class=\"lesson-card__text__body ng-binding ng-scope\"\u003E\u003Cdiv\u003E\u003Cdiv\u003EOnce\n our systems detect that you've placed the ad code on a live page on \nyour sign-up URL, we automatically continue the review process and check\n that your site complies with our&nbsp;\u003Ca href=\"https://support.google.com/adsense/answer/48182\" target=\"_blank\"\u003Epolicies\u003C/a\u003E.\n When we've completed the review (typically in 1-2 days), we\u2019ll email \nyou about your application status. For more information, see&nbsp;\u003Ca href=\"https://support.google.com/adsense/answer/76228\" target=\"_blank\"\u003EApplication review waiting time\u003C/a\u003E.\u003Cbr\u003E\u003Cbr\u003E\u003C/div\u003E\u003Cdiv\u003EEven\n after your initial review, AdSense will continue to check that your \nsite complies with our program policies. Many things can trigger policy \nviolation warnings, such as unauthorized use of copyrighted material, or\n deceptive layouts that makes it hard for users to distinguish between \ncontent and ads.&nbsp;\u003Cbr\u003E\u003Cbr\u003EIf your application is not approved at this \nstage, you'll receive an email explaining the disapproval reason and \npossible next steps that you can take.\u003C/div\u003E\u003Cdiv\u003E\u003Cbr\u003E\u003C/div\u003E\u003Cdiv\u003E\u003Cgcb-youtube videoid=\"https://youtu.be/MODPljENun8\" instanceid=\"xBWCAoaiPg0q\"\u003E\u003C/gcb-youtube\u003E\u003C/div\u003E\u003Cdiv\u003E\u003Cbr\u003E\u003C/div\u003E\u003Cdiv\u003E\u003Cdiv class=\"lesson-card__text__title ng-binding ng-scope\"\u003E\u003Ch2\u003ECreate your first ad unit.\u003C/h2\u003E\u003C/div\u003E\n            \u003Cdiv class=\"lesson-card__text__body ng-binding ng-scope\"\u003E\u003Cdiv\u003E\u003Cdiv\u003EOnce your website has been approved by AdSense, you can create your first ad unit.\u003C/div\u003E\u003C/div\u003E\u003C/div\u003E\n            \n            \n            \n                \u003Cul class=\"lesson-card__toggle__list\"\u003E\u003Cli class=\"lesson-card__toggle__list__item ng-scope video\"\u003E\n                        \u003Cdiv class=\"lesson-card__toggle__list__item__link ng-binding active\" role=\"button\" tabindex=\"0\"\u003E\u003Cdiv\u003E\u003Cdiv\u003EFrom\n the navigation menu in the upper left corner, select \u201cMy ads\u201d and then \nclick on \u201cad units,\u201d followed by \u201c+ New ad unit.\u201d Type in the name of \nyour ad.\u003C/div\u003E\u003C/div\u003E\u003C/div\u003E\n                    \u003C/li\u003E\u003Cli class=\"lesson-card__toggle__list__item ng-scope video\"\u003E\n                        \u003Cdiv class=\"lesson-card__toggle__list__item__link ng-binding\" role=\"button\" tabindex=\"0\"\u003E\u003Cdiv\u003E\u003Cdiv\u003ENext,&nbsp;\u003Ca href=\"https://support.google.com/adsense/answer/6002575?visit_id=1-636245257776714441-970183899&amp;rd=1\" target=\"_blank\"\u003Echoose the size and placement\u003C/a\u003E&nbsp;of your ad. Then, click on \u201cSave and get code.\u201d\u003C/div\u003E\u003C/div\u003E\u003C/div\u003E\n                    \u003C/li\u003E\u003Cli class=\"lesson-card__toggle__list__item ng-scope video\"\u003E\n                        \u003Cdiv class=\"lesson-card__toggle__list__item__link ng-binding\" role=\"button\" tabindex=\"0\"\u003E\u003Cdiv\u003E\u003Cdiv\u003EFinally,&nbsp;\u003Ca href=\"https://support.google.com/adsense/answer/181950\" target=\"_blank\"\u003Ecopy and paste the ad code generated\u003C/a\u003E&nbsp;into the HTML editor of the website you registered with. Make sure to place your ad code on a page that receives traffic.\u003C/div\u003E\u003C/div\u003E\u003C/div\u003E\u003C/li\u003E\u003C/ul\u003E\u003Cp\u003E\u003Cgcb-youtube videoid=\"https://youtu.be/1LxrY-2TKZU\" instanceid=\"2uIzR8lBlomZ\"\u003E\u003C/gcb-youtube\u003E\u003C/p\u003E\u003Cp\u003E\u003Cgcb-youtube videoid=\"https://youtu.be/zs8KaUxulPg\" instanceid=\"QM5KTdar9JpI\"\u003E\u003C/gcb-youtube\u003E\u003C/p\u003E\u003Cp\u003E\u003Cgcb-youtube videoid=\"https://youtu.be/-TnVPLtvlUU\" instanceid=\"ugQe9yq2efqM\"\u003E\u003C/gcb-youtube\u003E\u003C/p\u003E\u003Cp\u003E\u003Cbr\u003E\u003C/p\u003E\u003Cdiv class=\"lesson-card__text__title ng-binding ng-scope\"\u003E\u003Ch2\u003ECongratulations. You\u2019re part of the AdSense network.\u003C/h2\u003E\u003C/div\u003E\n            \u003Cdiv\u003EYour site can now run ads that will generate revenue.&nbsp;\u003C/div\u003E\u003Cdiv\u003E\u003Cbr\u003EFor additional support in getting started, check out our complete&nbsp;\u003Ca href=\"https://support.google.com/adsense/answer/3180977?hl=en&amp;ref_topic=3136173&amp;visit_id=1-636198617319360733-1014698821&amp;rd=1\" target=\"_blank\"\u003EAdSense guide.\u003C/a\u003E\u003C/div\u003E\u003Cdiv\u003E\u003Ca href=\"https://support.google.com/adsense/answer/3180977?hl=en&amp;ref_topic=3136173&amp;visit_id=1-636198617319360733-1014698821&amp;rd=1\" target=\"_blank\"\u003E\u003Cbr\u003E\u003C/a\u003E\u003C/div\u003E\u003Cdiv\u003E\u003Ca href=\"https://support.google.com/adsense/answer/3180977?hl=en&amp;ref_topic=3136173&amp;visit_id=1-636198617319360733-1014698821&amp;rd=1\" target=\"_blank\"\u003E\u003Cimg class=\"lesson-card__media__content ng-scope\" src=\"https://storage.googleapis.com/gweb-newslab.appspot.com/upload/adsense_728x90_ad_unit_lastFrame0.4.jpg\"\u003E\u003Cbr\u003E\u003C/a\u003E\u003C/div\u003E\u003Cdiv\u003E\u003Cbr\u003E\u003C/div\u003E\u003Cdiv\u003E\u003Cbr\u003E\u003Ca href=\"https://support.google.com/adsense/answer/3180977?hl=en&amp;ref_topic=3136173&amp;visit_id=1-636198617319360733-1014698821&amp;rd=1\" target=\"_blank\"\u003E\u003C/a\u003E\u003C/div\u003E\u003C/div\u003E\u003C/div\u003E\u003C/div\u003E\n            \n            \n            \n            \n            \n        \n        \u003Cdiv class=\"lesson-card__text__buttons ng-scope\"\u003E\n            \u003C/div\u003E\n            \n            \n            \u003Cdiv class=\"lesson-card__text__buttons ng-scope\"\u003E\n            \n        \u003C/div\u003E\u003C/div\u003E\u003C/div\u003E\u003C/div\u003E\u003C/div\u003E\u003C/div\u003E\n            \n            \n            \n            \n            \n        \n        \u003Cdiv class=\"lesson-card__text__buttons ng-scope\"\u003E\n            \u003C/div\u003E\n            \n            \n            \n            \u003Cdiv class=\"lesson-card__text__buttons ng-scope\"\u003E\n        \u003C/div\u003E\u003C/div\u003E\u003C/div\u003E\u003C/div\u003E\u003C/div\u003E\u003C/div\u003E\u003C/div\u003E\u003C/div\u003E\u003C/div\u003E\u003C/div\u003E", "manual_progress": false, "unit_id": "5", "activity_title": "", "availability": "public", "video": "", "lesson_id": 6, "auto_index": true, "duration": "", "shown_when_unavailable": false, "notes": "", "properties": {"modules.skill_map.skill_list": [5707702298738688]}, "activity_listed": true}, {"scored": false, "title": "Mastering AdSense", "has_activity": false, "objectives": "\u003Cdiv class=\"lesson-card__text__title ng-binding ng-scope\"\u003E\u003Ch1\u003EHow Google AdSense works. \u003C/h1\u003E\u003C/div\u003E\n            \u003Cdiv class=\"lesson-card__text__body ng-binding ng-scope\"\u003E\u003Cdiv\u003E\u003Cdiv\u003EAdSense is a free, simple way to earn money by placing ads on your website. &nbsp;Here are the key points to how it works:\u003C/div\u003E\u003C/div\u003E\u003C/div\u003E\n            \n            \n            \n                \u003Cul class=\"lesson-card__toggle__list\"\u003E\u003Cli class=\"lesson-card__toggle__list__item ng-scope video\"\u003E\n                        \u003Cdiv class=\"lesson-card__toggle__list__item__link ng-binding active\" role=\"button\" tabindex=\"0\"\u003E\u003Cdiv\u003EYou choose the right ad types and formats for your site. Ad types include text, display, or a mix of the two.\u003C/div\u003E\u003C/div\u003E\n                    \u003C/li\u003E\u003Cli class=\"lesson-card__toggle__list__item ng-scope video\"\u003E\n                        \u003Cdiv class=\"lesson-card__toggle__list__item__link ng-binding\" role=\"button\" tabindex=\"0\"\u003E\u003Cdiv\u003EChoose where you want ads to appear. Copy and paste a piece of code on your site where you want to show ads.\u003C/div\u003E\u003C/div\u003E\n                    \u003C/li\u003E\u003Cli class=\"lesson-card__toggle__list__item ng-scope video\"\u003E\n                        \u003Cdiv class=\"lesson-card__toggle__list__item__link ng-binding\" role=\"button\" tabindex=\"0\"\u003E\u003Cdiv\u003EAdvertisers bid for your ad space in a real-time auction. Only the highest-paying ads go live.\u003C/div\u003E\u003C/div\u003E\n                    \u003C/li\u003E\u003Cli class=\"lesson-card__toggle__list__item ng-scope video\"\u003E\n                        \u003Cdiv class=\"lesson-card__toggle__list__item__link ng-binding\" role=\"button\" tabindex=\"0\"\u003E\u003Cdiv\u003EAdSense\n handles the process of billing the advertisers and networks. When ads \nare seen or clicked, you\u2019ll automatically earn money. You get paid once \nyou\u2019ve accrued a certain minimum amount.\u003C/div\u003E\u003C/div\u003E\u003C/li\u003E\u003C/ul\u003E\u003Cp\u003E\u003Cgcb-youtube videoid=\"https://youtu.be/tLpZpTdn0nA\" instanceid=\"qJrQkAhTuHvg\"\u003E\u003C/gcb-youtube\u003E\u003C/p\u003E\u003Cp\u003E\u003Cgcb-youtube videoid=\"https://youtu.be/1a8ENPj-Lbw\" instanceid=\"m2LplGRFu4aE\"\u003E\u003C/gcb-youtube\u003E\u003C/p\u003E\u003Cp\u003E\u003Cgcb-youtube videoid=\"https://youtu.be/z0EdRv92NA8\" instanceid=\"jl5rMTigA0eT\"\u003E\u003C/gcb-youtube\u003E\u003C/p\u003E\u003Cp\u003E\u003Cgcb-youtube videoid=\"https://youtu.be/gcqTlbJonmg\" instanceid=\"9wYjEvT5BejU\"\u003E\u003C/gcb-youtube\u003E\u003C/p\u003E\u003Cp\u003E\u003Cbr\u003E\u003C/p\u003E\u003Cdiv class=\"lesson-card__text__title ng-binding ng-scope\"\u003E\u003Ch2\u003EWhy multi-screen matters. \u003C/h2\u003E\u003C/div\u003E\n            \u003Cdiv class=\"lesson-card__text__body ng-binding ng-scope\"\u003E\u003Cdiv\u003E\u003Cdiv\u003EOnline audiences today access content through several different devices \u2013 laptops, mobile, smartwatches and more.&nbsp;\u003Ca href=\"https://www.thinkwithgoogle.com/research-studies/what-users-want-most-from-mobile-sites-today.html\" target=\"_blank\"\u003ESixty-one percent of users&nbsp;\u003C/a\u003E&nbsp;said that if they didn't find what they were looking for right away on a mobile site, they'd move on.&nbsp;\u003C/div\u003E\u003Cdiv\u003E\u003Cbr\u003E\u003C/div\u003E\u003Cdiv\u003ETo\n stay competitive and provide a good user experience, it\u2019s important to \noptimize your site for multiple screens. That means you also need to \nadjust your site\u2019s ad experience accordingly. AdSense makes this easy \nwith different ad formats that work well in different contexts \u2013 anchor \nads, vignette ads, and responsive ad units.\u003C/div\u003E\u003Cdiv\u003E\u003Cbr\u003ETo learn more,&nbsp;\u003Ca href=\"https://www.youtube.com/watch?v=iTdlblxvNK8\" target=\"_blank\"\u003Echeck out this video of monetizing on multi-screen.\u003C/a\u003E\u003C/div\u003E\u003Cdiv\u003E\u003Ca href=\"https://www.youtube.com/watch?v=iTdlblxvNK8\" target=\"_blank\"\u003E\u003Cbr\u003E\u003C/a\u003E\u003C/div\u003E\u003Cdiv\u003E\u003Ca href=\"https://www.youtube.com/watch?v=iTdlblxvNK8\" target=\"_blank\"\u003E\u003Cgcb-youtube videoid=\"https://youtu.be/AYKMKihPSU8\" instanceid=\"Rdsel8NHCLwp\"\u003E\u003C/gcb-youtube\u003E\u003Cbr\u003E\u003C/a\u003E\u003C/div\u003E\u003Cdiv\u003E\u003Cbr\u003E\u003C/div\u003E\u003Cdiv\u003E\u003Cdiv class=\"lesson-card__text__title ng-binding ng-scope\"\u003E\u003Ch2\u003ELearn about ad formats.\u003C/h2\u003E\u003C/div\u003E\n            \u003Cdiv class=\"lesson-card__text__body ng-binding ng-scope\"\u003E\u003Cdiv\u003E\u003Cdiv\u003EThere\u2019s\n a wide variety of ad types, including: text, display, rich media, link \nunits, responsive ads and matched content. Take some time to&nbsp;\u003Ca href=\"https://www.google.com/adsense/start/resources/\" target=\"_blank\"\u003Efamiliarize yourself with them\u003C/a\u003E&nbsp;to determine the optimal mix for your site.&nbsp;\u003C/div\u003E\u003C/div\u003E\u003C/div\u003E\n            \n            \n            \n                \u003Cul class=\"lesson-card__toggle__list\"\u003E\u003Cli class=\"lesson-card__toggle__list__item ng-scope video\"\u003E\n                        \u003Cdiv class=\"lesson-card__toggle__list__item__link ng-binding active\" role=\"button\" tabindex=\"0\"\u003E\u003Cdiv\u003EA text ad typically includes a title, one or two lines of text, and a button or link to click through to a website. \u003C/div\u003E\u003C/div\u003E\n                    \u003C/li\u003E\u003Cli class=\"lesson-card__toggle__list__item ng-scope video\"\u003E\n                        \u003Cdiv class=\"lesson-card__toggle__list__item__link ng-binding\" role=\"button\" tabindex=\"0\"\u003E\u003Cdiv\u003EDisplay\n ads are graphical ads that compete in the same auction for your ad \nspace that text ads do. So, choosing to show both text and display ads \nincreases the competition and may help you earn more. \u003C/div\u003E\u003C/div\u003E\u003C/li\u003E\u003C/ul\u003E\u003Cp\u003E\u003Cgcb-youtube videoid=\"https://youtu.be/zpQFo5saSAg\" instanceid=\"74BQt3pcDzlB\"\u003E\u003C/gcb-youtube\u003E\u003C/p\u003E\u003Cgcb-youtube videoid=\"https://youtu.be/PyC7wDXXojM\" instanceid=\"eAD4jK4jD4cw\"\u003E\u003C/gcb-youtube\u003E\u003C/div\u003E\u003Cdiv\u003E\u003Cbr\u003E\u003C/div\u003E\u003Cdiv\u003E\u003Cdiv class=\"lesson-card__text__title ng-binding ng-scope\"\u003E\u003Ch2\u003EAnchor ads.\u003C/h2\u003E\u003C/div\u003E\n            \u003Cdiv class=\"lesson-card__text__body ng-binding ng-scope\"\u003E\u003Cdiv\u003E\u003Cdiv\u003EThis\n ad format is primarily used on mobile and sticks to the bottom of the \npage as the user scrolls. Our anchor ads are smooth, can always be \ndismissed by the user, and are smart. Because these are quite prominent \nads, we reserve them to only show at the best times so that they have \nthe biggest impact. In other words, we\u2019ll only show anchor ads when a \nuser hasn\u2019t already seen that many, and when these ad slots can be \nfilled with high-paying ads. \u003Cbr\u003E\u003C/div\u003E\u003C/div\u003E\u003C/div\u003E\u003C/div\u003E\u003Cdiv\u003E\u003Cbr\u003E\u003C/div\u003E\u003Cdiv\u003E\u003Cgcb-youtube videoid=\"https://youtu.be/o4Ok40rfDcs\" instanceid=\"wkHdHeEFMiQn\"\u003E\u003C/gcb-youtube\u003E\u003C/div\u003E\u003Cdiv\u003E\u003Ch2\u003E\u003Cbr\u003E\u003C/h2\u003E\u003C/div\u003E\u003Cdiv\u003E\u003Cdiv class=\"lesson-card__text__title ng-binding ng-scope\"\u003E\u003Ch2\u003EVignette ads.\u003C/h2\u003E\u003C/div\u003E\n            \u003Cdiv class=\"lesson-card__text__body ng-binding ng-scope\"\u003E\u003Cdiv\u003E\u003Cdiv\u003EVignettes\n are mobile full-screen ads that appear between site pages \u2013 such as \nwhen a user navigates through a long article. Because they are \nconsidered more interruptive, we reserve them for only the highest-value\n impressions.&nbsp;\u003C/div\u003E\u003Cdiv\u003E\u003Cbr\u003ETo ensure that a single user isn\u2019t \noverwhelmed by vignettes, we pre-load them. When a user leaves a page, \nthe ad immediately appears, allowing the next page to load in the \nbackground. This makes transitions quick and lets users skip the ads at \nanytime.\u003C/div\u003E\u003Cdiv\u003E\u003Cbr\u003E\u003C/div\u003E\u003Cdiv\u003E\u003Cgcb-youtube videoid=\"https://youtu.be/MI2rWQk4O4c\" instanceid=\"ZzyYxd6gNLgH\"\u003E\u003C/gcb-youtube\u003E\u003C/div\u003E\u003Cdiv\u003E\u003Cbr\u003E\u003C/div\u003E\u003Cdiv\u003E\u003Cdiv class=\"lesson-card__text__title ng-binding ng-scope\"\u003E\u003Ch2\u003EResponsive ad units.\u003C/h2\u003E\u003C/div\u003E\n            \u003Cdiv class=\"lesson-card__text__body ng-binding ng-scope\"\u003E\u003Cdiv\u003E\u003Cdiv\u003E\u003Ca href=\"http://googlewebmastercentral.blogspot.co.uk/2012/04/responsive-design-harnessing-power-of.html\" target=\"_blank\"\u003EResponsive web design\u003C/a\u003E&nbsp;dynamically\n controls the presentation of your website according to the properties \nof the screen/device where it\u2019s being viewed. A responsive ad unit \ncontrols the size of the ads on your page, in line with how you control \nthe rest of your page layout across devices.\u003C/div\u003E\u003Cdiv\u003E\u003Cbr\u003E\u003C/div\u003E\u003Cdiv\u003ETo\n simplify your code and save you time, our responsive ad code \nautomatically adapts the ad unit size to your page layout. AdSense \ncalculates the required size dynamically based on the width of the ad \nunit\u2019s parent container, then determines the best standard height to go \nwith it.\u003C/div\u003E\u003Cdiv\u003E\u003Cbr\u003EAdSense also supports ad size changes after a \nscreen orientation change. So, when a tablet or phone goes from portrait\n to landscape, we\u2019ll request and load a new ad with the correct \ndimensions to fit the new layout.\u003C/div\u003E\u003C/div\u003E\u003C/div\u003E\u003C/div\u003E\u003C/div\u003E\u003C/div\u003E\u003C/div\u003E\u003Cdiv\u003E\u003Cbr\u003E\u003C/div\u003E\u003Cdiv\u003E\u003Cgcb-youtube videoid=\"https://youtu.be/iSx7Ywf8cps\" instanceid=\"M6Auo1K3UNFg\"\u003E\u003C/gcb-youtube\u003E\u003C/div\u003E\u003Cdiv\u003E\u003Cbr\u003E\u003C/div\u003E\u003Cdiv\u003E\u003Cdiv class=\"lesson-card__text__title ng-binding ng-scope\"\u003E\u003Ch2\u003EMore multi-screen resources.\u003C/h2\u003E\u003C/div\u003E\n            \u003Cdiv class=\"lesson-card__text__body ng-binding ng-scope\"\u003E\u003Cdiv\u003E\u003Cdiv\u003ETo see examples of more ad types,&nbsp;\u003Ca href=\"https://www.google.com/adsense/start/resources/\" target=\"_blank\"\u003Eclick here.\u003C/a\u003E\u003C/div\u003E\u003Cdiv\u003E\u003Cbr\u003E\u003C/div\u003E\u003Cdiv\u003EFor in-depth guidance and helpful tips on optimizing AdSense for multiple screen formats, check out these resources:\u003C/div\u003E\u003Cdiv\u003E\u003Cbr\u003E\u003C/div\u003E\u003Cdiv\u003EVideo: &nbsp;\u003Ca href=\"https://www.youtube.com/watch?v=iTdlblxvNK8\" target=\"_blank\"\u003E#AdSense101 - Monetizing for Multiscreen\u003C/a\u003E\u003C/div\u003E\u003Cdiv\u003EFree ebook: &nbsp;\u003Ca href=\"https://services.google.com/fb/forms/DoubleClickWebToolkit/?utm_source=Referral-Newslab&amp;utm_medium=social&amp;utm_campaign=IM-DFP-Web-Speed-Toolkit\" target=\"_blank\"\u003EDoubleClick Mobile Web Speed Toolkit\u003C/a\u003E\u003C/div\u003E\u003Cdiv\u003E\u003Cbr\u003E\u003C/div\u003E\u003C/div\u003E\u003C/div\u003E\u003Cimg class=\"lesson-card__media__content ng-scope\" src=\"https://storage.googleapis.com/gweb-newslab.appspot.com/upload/AdSense_Multiscreen_7.jpg\"\u003E\u003C/div\u003E\u003Cdiv\u003E\u003Cbr\u003E\u003C/div\u003E\u003Cdiv\u003E\u003Cbr\u003E\u003C/div\u003E\u003Cdiv\u003E\u003Ch1\u003E\u003Cbr\u003E\u003C/h1\u003E\u003C/div\u003E\u003Cdiv\u003E\u003Cdiv class=\"lesson-card__text__title ng-binding ng-scope\"\u003E\u003Ch1\u003EWhat does \u201cviewability\u201d mean?\u003C/h1\u003E \u003C/div\u003E\n            \u003Cdiv class=\"lesson-card__text__body ng-binding ng-scope\"\u003E\u003Cdiv\u003E\u003Cdiv\u003EAds\n used to be measured by impressions \u2013 if a page loaded, and the ad was \non it, then it counted as an impression. The problem with this is that \nif the ad was \u201cbelow the fold,\u201d the user wouldn\u2019t see it unless they \nscrolled down.&nbsp;\u003C/div\u003E\u003Cdiv\u003E\u003Cbr\u003EToday, the industry standard is \u201cviewable impressions.\u201d&nbsp; Media Rating Council and IAB define a&nbsp;\u003Ca href=\"http://www.iab.com/guidelines/state-of-viewability-transaction-2015/\" target=\"_blank\"\u003Edisplay ad as viewable\u003C/a\u003E&nbsp;when\n at least 50% of the ad is within the viewable space on the user\u2019s \nscreen for at least 1 second. That means an ad unit on the first screen \n(\"above the fold\") will be counted as viewable if a user opens the \nscreen for one second, but an ad below the first screen will not be \ncounted unless the viewer scrolls down. For video ads, the measurement \nis two seconds. To learn more about viewability and how it\u2019s measured, \ncheck out&nbsp;\u003Ca href=\"https://viewability.withgoogle.com/static/view.html\" target=\"_blank\"\u003Ethis interactive demo\u003C/a\u003E.\u003C/div\u003E\u003Cdiv\u003E\u003Cbr\u003E\u003C/div\u003E\u003Cdiv\u003E\u003Cgcb-youtube videoid=\"https://youtu.be/oj9XZjQ9_SI\" instanceid=\"e0Z7fSkFQzEM\"\u003E\u003C/gcb-youtube\u003E\u003C/div\u003E\u003Cdiv\u003E\u003Cbr\u003E\u003C/div\u003E\u003Cdiv\u003E\u003Cgcb-youtube videoid=\"How improving viewability helps publishers. Advertisers tend to bid more for viewable impressions because these ads have a higher chance of being seen and engaging their audience. You can track viewability in the Active View index in AdSense. It measures the percentage of ads that are viewable out of the total number of ads on the page. For example, if one out of two ads are viewable, the rating is 50%.    For publishers, focusing on viewability will increase the long-term value of ad inventory. If an ad unit is rarely viewed, you may learn that viewers don't scroll to that area, quickly scroll past it, or that the ad size or format needs adjustment. You can discover the most (and least) valuable spots on your site and optimize your ad units accordingly.\" instanceid=\"C34EL8gS1fS5\"\u003E\u003C/gcb-youtube\u003E\u003C/div\u003E\u003Cdiv\u003E\u003Cbr\u003E\u003C/div\u003E\u003Cdiv\u003E\u003Cimg class=\"lesson-card__media__content ng-scope\" src=\"https://storage.googleapis.com/gweb-newslab.appspot.com/upload/AdSense_Optimize_card2.jpg\"\u003E\u003C/div\u003E\u003Cdiv\u003E\u003Ch2\u003E\u003Cbr\u003E\u003C/h2\u003E\u003C/div\u003E\u003Cdiv\u003E\u003Cdiv class=\"lesson-card__text__title ng-binding ng-scope\"\u003E\u003Ch2\u003EAd sizes can affect viewable impressions.\u003C/h2\u003E\u003C/div\u003E\n            \u003Cdiv class=\"lesson-card__text__body ng-binding ng-scope\"\u003E\u003Cdiv\u003E\u003Cdiv\u003EIn\n general, the higher the viewability index, the more users are seeing \nthe ads on your site. But, few sites reach 100% \u2015 50% is a more typical \ntarget. To maximize the impact of your ad space, try these methods:\u003C/div\u003E\u003C/div\u003E\u003C/div\u003E\n            \n            \n            \n                \u003Cul class=\"lesson-card__toggle__list\"\u003E\u003Cli class=\"lesson-card__toggle__list__item ng-scope video\"\u003E\n                        \u003Cdiv class=\"lesson-card__toggle__list__item__link ng-binding active\" role=\"button\" tabindex=\"0\"\u003E\u003Cdiv\u003EReplace\n 320x50 ad units with 320x100. Revenue per thousand impressions (RPM) \ntends to increase with the large mobile banner ad. By using the 320x100 \nad unit, you allow the 320x50 ad to compete as well, doubling the \nfill-rate competition. The best practice is to put the ad just above the\n fold.\u003C/div\u003E\u003C/div\u003E\n                    \u003C/li\u003E\u003Cli class=\"lesson-card__toggle__list__item ng-scope video\"\u003E\n                        \u003Cdiv class=\"lesson-card__toggle__list__item__link ng-binding\" role=\"button\" tabindex=\"0\"\u003E\u003Cdiv\u003EAnother\n idea is to use 300x250 ads for a potential increase in fill rates and \nRPMs. 300x250 is built to fit most mobile screens. It also tends to have\n a high fill rate (and higher RPMs) since many advertisers prefer this \nsize. Research has shown that a 300x250 ad unit placed just below the \nfold could generate an approximate 50% viewability rate.\u003C/div\u003E\u003C/div\u003E\n                    \u003C/li\u003E\u003C/ul\u003E\u003C/div\u003E\u003C/div\u003E\u003C/div\u003E\u003Cgcb-youtube videoid=\"https://youtu.be/mnI7DjIGa40\" instanceid=\"VDlRvHMg2uXF\"\u003E\u003C/gcb-youtube\u003E\u003C/div\u003E\u003Cdiv\u003E\u003Cbr\u003E\u003C/div\u003E\u003Cdiv\u003E\u003Cgcb-youtube videoid=\"https://youtu.be/nPkx-scAv-Y\" instanceid=\"Xjf1Rrs7ZpMq\"\u003E\u003C/gcb-youtube\u003E\u003C/div\u003E\u003Cdiv\u003E\u003Ch2\u003E\u003Cbr\u003E\u003C/h2\u003E\u003C/div\u003E\u003Cdiv\u003E\u003Cdiv class=\"lesson-card__text__title ng-binding ng-scope\"\u003E\u003Ch2\u003EBest practices for mobile optimization.\u003C/h2\u003E\u003C/div\u003E\n            \u003Cdiv class=\"lesson-card__text__body ng-binding ng-scope\"\u003E\u003Cdiv\u003E\u003Cdiv\u003EAs\n you improve viewability, you can also improve the user experience and \ndecrease accidental clicks and spam rates by leaving room between ads \nand the content. Typically, 150 pixels of space is a good starting \npoint; test and adjust to see what works best with your content.&nbsp;\u003C/div\u003E\u003Cdiv\u003E\u003Cbr\u003ETo\n increase mobile viewability, you can also use AdSense\u2019s two page-level \nad formats: anchor and vignette. Anchor ads stick to the bottom of the \npage as the user scrolls, so they are always above the fold (ATF). They \nare smooth, easily dismissed, and typically reserved for high RPM ads. \nVignettes are mobile full-screen ads that appear as users navigate \nbetween pages of a site and can be dismissed at any given time.\u003C/div\u003E\u003C/div\u003E\u003C/div\u003E\u003C/div\u003E\u003Cdiv\u003E\u003Cbr\u003E\u003C/div\u003E\u003Cdiv\u003E\u003Cbr\u003E\u003C/div\u003E\u003Cdiv\u003E\u003Cgcb-youtube videoid=\"https://youtu.be/0bFnR8LljPI\" instanceid=\"FYrgbDQWGwXG\"\u003E\u003C/gcb-youtube\u003E\u003C/div\u003E\u003Cdiv\u003E\u003Ch2\u003E\u003Cbr\u003E\u003C/h2\u003E\u003C/div\u003E\u003Cdiv\u003E\u003Cdiv class=\"lesson-card__text__title ng-binding ng-scope\"\u003E\u003Ch2\u003ELearn from other publishers.\u003C/h2\u003E\u003C/div\u003E\n            \u003Cdiv class=\"lesson-card__text__body ng-binding ng-scope\"\u003E\u003Cdiv\u003E\u003Cdiv\u003EWatch case study videos to see how publishers such as&nbsp;\u003Ca href=\"https://www.youtube.com/watch?v=sEeTPG9WXQY&amp;index=19&amp;list=PLbAFD4oU9YcrS5sxMPwK-EA7xAeCABM6_\" target=\"_blank\"\u003EThe Japan Times\u003C/a\u003E&nbsp;and&nbsp;\u003Ca href=\"https://www.youtube.com/watch?v=3T3vVovWm7c&amp;index=8&amp;list=PLbAFD4oU9YcrS5sxMPwK-EA7xAeCABM6_\" target=\"_blank\"\u003ECGN\u003C/a\u003E&nbsp;Brazil\n are using AdSense. To see how moving ads to different placements can \naffect revenue, watch this case study from woodworking blogger&nbsp;\u003Ca href=\"https://www.youtube.com/watch?v=Ia2TOMyJnAs&amp;index=17&amp;list=PLbAFD4oU9YcrS5sxMPwK-EA7xAeCABM6_\" target=\"_blank\"\u003ELes Kenny from BuildEazy.com\u003C/a\u003E.\u003C/div\u003E\u003Cdiv\u003E\u003Cbr\u003E\u003C/div\u003E\u003Cdiv\u003E\u003Cgcb-youtube videoid=\"https://youtu.be/DRe-e46ngZ8\" instanceid=\"Azwuy7WIvdCY\"\u003E\u003C/gcb-youtube\u003E\u003C/div\u003E\u003Cdiv\u003E\u003Cbr\u003E\u003C/div\u003E\u003Cdiv\u003E\u003Cbr\u003E\u003C/div\u003E\u003C/div\u003E\u003C/div\u003E\u003Cbr\u003E\u003Ca href=\"https://www.youtube.com/watch?v=iTdlblxvNK8\" target=\"_blank\"\u003E\u003C/a\u003E\u003C/div\u003E\u003C/div\u003E\u003C/div\u003E", "manual_progress": false, "unit_id": "5", "activity_title": "", "availability": "public", "video": "", "lesson_id": 7, "auto_index": true, "duration": "", "shown_when_unavailable": false, "notes": "", "properties": {"modules.skill_map.skill_list": [5707702298738688]}, "activity_listed": true}, {"scored": false, "title": "How to get Published on Google News", "has_activity": false, "objectives": "\u003Cdiv class=\"lesson-card__text__title ng-binding ng-scope\"\u003E\u003Ch1\u003EGet your news seen by millions.\u003C/h1\u003E\u003C/div\u003E\n            \u003Cp\u003EThe\n Google News index has over 65,000 high-quality news sites from around \nthe world. Our incredibly diverse array of sites ranges from blogs on \nniche topics to big publications covering entire metropolitan areas. New\n publishers are always invited to add their original, timely content.\u003C/p\u003E\u003Cp\u003E\u003Cimg class=\"lesson-card__media__content ng-scope\" src=\"https://storage.googleapis.com/gweb-newslab.appspot.com/upload/NL_NewsPublish_01_F.jpg\"\u003E\u003C/p\u003E\u003Cp\u003E\u003Ch2\u003E\u003Cbr\u003E\u003C/h2\u003E\u003C/p\u003E\u003Cdiv class=\"lesson-card__text__title ng-binding ng-scope\"\u003E\u003Ch2\u003EIs your site right for Google News?\u003C/h2\u003E\u003C/div\u003E\n            Your\n first step is to review the guidelines in the Google News Publisher \nHelp Center. While doing so, be sure to ask yourself, \u201cDoes my site \nprovide timely, original reporting that would be of interest to Google \nNews users?\u201d If so, we encourage you to apply for inclusion.\u003Cbr\u003E\u003Cbr\u003E\u003Cgcb-youtube videoid=\"https://youtu.be/tr-KVzBeROY\" instanceid=\"mCE7W6dQ9keN\"\u003E\u003C/gcb-youtube\u003E\u003Cbr\u003E\u003Cbr\u003E\u003Cdiv class=\"lesson-card__text__title ng-binding ng-scope\"\u003E\u003Ch2\u003EVerify site ownership.\u003C/h2\u003E\u003C/div\u003E\n            \u003Cdiv\u003EAfter you\u2019ve thoroughly reviewed our content, quality and technical guidelines, you\u2019ll need to verify ownership of your site.\u003Cbr\u003E\u003Cbr\u003E\u003C/div\u003EIf you\u2019re part of a large organization, you may need your webmaster\u2019s help to access the right information. Just go to the&nbsp;\u003Ca href=\"https://www.google.com/webmasters/tools\" target=\"_blank\"\u003EGoogle Webmaster Tools\u003C/a\u003E&nbsp;site\n and verify using one of several methods, which include meta tagging \nyour home page, uploading an HTML file, contacting your domain name \nprovider or using your Google Analytics code.\u003Cbr\u003E\u003Cbr\u003E\u003Cgcb-youtube videoid=\"https://youtu.be/1rDTIjC2OHE\" instanceid=\"Ypmpk49sOQZk\"\u003E\u003C/gcb-youtube\u003E\u003Cbr\u003E\u003Cbr\u003E\u003Cdiv class=\"lesson-card__text__title ng-binding ng-scope\"\u003E\u003Ch2\u003ETell us about your site.\u003C/h2\u003E\u003C/div\u003E\n            \u003Cdiv\u003EOnce\n you\u2019ve proven ownership of your site, you can apply for inclusion in \nGoogle News by opening the Publisher Center. You should see your \nsite--or sites--listed. Click the \u201cRequest Inclusion in Google News\u201d by \nthe site\u2019s name and fill out the brief application.\u003Cbr\u003E\u003Cbr\u003E\u003C/div\u003EAfter\n you\u2019ve submitted your application, you can check back in the Publisher \nCenter in 1-3 weeks to see your inclusion status. We look forward to \nreviewing your content!\u003Cbr\u003E\u003Cbr\u003E\u003Cgcb-youtube videoid=\"https://youtu.be/7zZJHe_dyeQ\" instanceid=\"0fG7E5dB9Slj\"\u003E\u003C/gcb-youtube\u003E\u003Cbr\u003E\u003Cbr\u003E\u003Cbr\u003E", "manual_progress": false, "unit_id": "5", "activity_title": "", "availability": "public", "video": "", "lesson_id": 8, "auto_index": true, "duration": "", "shown_when_unavailable": false, "notes": "", "properties": {"modules.skill_map.skill_list": [5668600916475904]}, "activity_listed": true}, {"scored": false, "title": "Publish and Monetize your work", "has_activity": false, "objectives": "\u003Cdiv class=\"lesson-card__text__title ng-binding ng-scope\"\u003E\u003Ch1\u003ETake your story global on mobile.\u003C/h1\u003E\u003C/div\u003E\n            \u003Cp\u003EWith\n Google Play Newsstand, readers can find the news and magazines they \ncare about through one app on their Android or iOS tablet or phone.\u003C/p\u003E\n\n\u003Cp\u003EAs a journalist, you can distribute news to millions of users through\n the app, which beautifully optimizes your content\u2019s layout for mobile \nand lets people read both online and offline.\u003C/p\u003E\n\n\u003Cp\u003EBefore getting started, take a moment to review our \u003Ca href=\"https://support.google.com/producer/answer/4304250\" target=\"_blank\"\u003E\u003Cu\u003Egeneral and technical guidelines\u003C/u\u003E\u003C/a\u003E before submission so your stories will have the best chance to reach a big audience.\u003C/p\u003E\u003Cp\u003E\u003Cimg class=\"lesson-card__media__content ng-scope\" src=\"https://storage.googleapis.com/gweb-newslab.appspot.com/upload/NL_PN_Publish_1_F.jpg\"\u003E\u003C/p\u003E\u003Cp\u003E\u003Cbr\u003E\u003C/p\u003E\u003Cdiv class=\"lesson-card__text__title ng-binding ng-scope\"\u003E\u003Ch2\u003ECreate your first edition.\u003C/h2\u003E\u003C/div\u003E\n            \u003Cdiv\u003ETo get started, head to our publishing system, Newsstand Producer&nbsp; at&nbsp;\u003Cstrong\u003Egoogle\u003C/strong\u003E.com/\u003Cstrong\u003Eproducer\u003C/strong\u003E.&nbsp;\n This tool will take you through the steps of creating your first \n\u201cedition.\u201d Think of an edition as your very own publication, with \nsections and articles that you create and can update anytime.\u003Cbr\u003E\u003Cbr\u003E\u003C/div\u003E\u003Cdiv\u003EAfter\n you agree to Terms of Service and configure your initial settings, \nyou\u2019ll start with the basics: name your edition and provide a link to an\n RSS or Atom feed or YouTube channel (optional). &nbsp;\u003Cbr\u003E\u003Cbr\u003E\u003C/div\u003E&nbsp;\u003Cbr\u003E\u003Cgcb-youtube videoid=\"https://youtu.be/2zCCfX0WzSo\" instanceid=\"MICkGVxJUjjr\"\u003E\u003C/gcb-youtube\u003E\u003Cbr\u003E\u003Cbr\u003E\u003Cdiv class=\"lesson-card__text__title ng-binding ng-scope\"\u003E\u003Ch2\u003ECustomize your edition.\u003C/h2\u003E\u003C/div\u003E\n            \u003Cdiv\u003ECustomization\n is when the fun begins. Fill in your edition settings, upload a cover \nimage and setup Google Analytics if you want to track usage. Click on \n\u201cSections\u201d to start filling your content. You can add RSS or atom feeds,\n articles, photos, YouTube videos and social updates.\u003Cbr\u003E\u003Cbr\u003E\u003C/div\u003ETo\n preview your edition, go to the Publish page and subscribe to it. Then,\n you can see how it will come together on your mobile device before it \nis officially published. You can add edit, organize and re-order \nSections until you are satisfied with your edition.\u003Cbr\u003E\u003Cbr\u003E\u003Cgcb-youtube videoid=\"https://youtu.be/cVSoCN8cYes\" instanceid=\"31L0IidmWlTp\"\u003E\u003C/gcb-youtube\u003E\u003Cbr\u003E\u003Cbr\u003E\u003Cdiv class=\"lesson-card__text__title ng-binding ng-scope\"\u003E\u003Ch2\u003EProof it before you publish.\u003C/h2\u003E\u003C/div\u003E\n            \u003Cdiv class=\"lesson-card__text__body ng-binding ng-scope\"\u003E\u003Cdiv\u003E\u003Cp\u003EBefore\n you\u2019re ready to publish, review the warnings\u2013if any\u2013in the \u201cPublish\u201d \nsection on the left hand side. And be sure to give it a final \nproofreading. You can still go back and add new feeds or edit later, but\n you want to create the best edition possible.\u003C/p\u003E\n\n\u003Cp\u003E\u003Cgcb-youtube videoid=\"https://youtu.be/H0B4wW1kMII\" instanceid=\"jtjrejHOhRnV\"\u003E\u003C/gcb-youtube\u003E\u003C/p\u003E\u003Cp\u003E\u003Cbr\u003E\u003C/p\u003E\u003Cdiv class=\"lesson-card__text__title ng-binding ng-scope\"\u003E\u003Ch2\u003EGet the word out.\u003C/h2\u003E\u003C/div\u003E\n            \u003Cdiv\u003EOnce\n you've published, you can promote your new mobile edition on your \nwebsite or in social media with a direct subscription link. You\u2019ll also \nfind tips and best practices for reaching new readers on the&nbsp;\u003Ca href=\"https://support.google.com/producer/answer/1691529\" target=\"_blank\"\u003ENewsstand Producer Help page\u003C/a\u003E.\u003Cbr\u003E\u003Cbr\u003E\u003C/div\u003E\u003Cdiv\u003EOnce\n you gain some momentum, you can monitor your subscriber base within \nProducer. Just link your edition to Google Analytics to see how users \nare engaging with your work.\u003Cbr\u003E\u003Cbr\u003E\u003C/div\u003E&nbsp;\u003C/div\u003E\u003Cdiv\u003E\u003Cgcb-youtube videoid=\"https://youtu.be/4vba3lvr36I\" instanceid=\"wHFvwHhHKcwm\"\u003E\u003C/gcb-youtube\u003E\u003Cp\u003E&nbsp;\u003C/p\u003E\u003Cdiv class=\"lesson-card__text__title ng-binding ng-scope\"\u003E\u003Ch2\u003EGetting featured on Newsstand.\u003C/h2\u003E\u003C/div\u003E\n            \u003Cdiv class=\"lesson-card__text__body ng-binding ng-scope\"\u003E\u003Cdiv\u003E\u003Cp\u003EThe\n Newsstand team regularly reviews newly published editions. If yours is \nhigh-quality and meets our inclusion guidelines, it can begin appearing \nas browsable in the Newsstand app and Play Store. This lets new readers \nfrom across the globe discover your work. If, however, your edition has \nbeen published for several weeks and is not appearing in searches, you \nmay need to adjust it to meet our product policies.\u003C/p\u003E\n\n\u003Cp\u003E&nbsp;\u003C/p\u003E\u003Cp\u003E\u003Cgcb-youtube videoid=\"https://youtu.be/EnEu-xGpw8Y\" instanceid=\"w3H33t9cTnXD\"\u003E\u003C/gcb-youtube\u003E\u003C/p\u003E\u003Cp\u003E\u003Cbr\u003E\u003C/p\u003E\u003Cdiv class=\"lesson-card__text__title ng-binding ng-scope\"\u003E\u003Ch1\u003ERun ads in your content.\u003C/h1\u003E\u003C/div\u003E\n            \u003Cp\u003EOnce\n your content is up and running on Google Play Newsstand, you can earn \nrevenue by placing ads in your articles. With the help of Google\u2019s \nsimple, automated tools, you can create a revenue stream for your \nwebsite or news organization.\u003C/p\u003E\u003Cp\u003E\u003Cbr\u003E\u003C/p\u003E\u003Cp\u003E\u003Cimg class=\"lesson-card__media__content ng-scope\" src=\"https://storage.googleapis.com/gweb-newslab.appspot.com/upload/NL_PN_Monetize_1_F.jpg\"\u003E\u003C/p\u003E\u003Cp\u003E\u003Cbr\u003E\u003C/p\u003E\u003Cp\u003E\u003Cbr\u003E\u003C/p\u003E\u003Cdiv class=\"lesson-card__text__title ng-binding ng-scope\"\u003E\u003Ch1\u003EHow it works.\u003C/h1\u003E\u003C/div\u003E\n            \u003Cdiv\u003EServing\n ads in Google Play Newsstand is very similar to serving ads on any \nother website. The site supports several commonly used sizes for display\n ads and does the heavy lifting of ad tagging for you. Google Play \nNewsstand Producer supports ad serving via DoubleClick for Publishers.\u003Cbr\u003E\u003Cbr\u003E\u003C/div\u003ETo begin, link your Producer edition to the DoubleClick ad serving platform and Google AdSense to receive payment.\u003C/div\u003E\u003Cdiv\u003E\u003Cbr\u003E\u003C/div\u003E\u003Cdiv\u003E\u003Cgcb-youtube videoid=\"https://youtu.be/OZnU5udEbag\" instanceid=\"AODrXlMbphIC\"\u003E\u003C/gcb-youtube\u003E\u003C/div\u003E\u003Cdiv\u003E\u003Cbr\u003E\u003C/div\u003E\u003Cdiv\u003E\u003Cdiv class=\"lesson-card__text__title ng-binding ng-scope\"\u003E\u003Ch2\u003EGet started on your first ad.\u003C/h2\u003E\u003C/div\u003E\n            \u003Cdiv\u003EYou\n can set-up ads directly through Producer, the same production platform \nyou\u2019ve been using to manage your content on Newsstand. Click on the \n\u201cAds\u201d section in the left-hand rail to control the way ads appear on \nyour articles.\u003Cbr\u003E\u003Cbr\u003E\u003C/div\u003E\u003Cdiv\u003EYou can select from various ad sizes \nfrom full page to banner and preview how they\u2019ll look. You also control \nthe frequency with which they\u2019ll appear so you can optimize \neffectiveness without turning off your readers. Readers will begin \nseeing ads a few hours after your enable them.\u003Cbr\u003E\u003Cbr\u003E\u003C/div\u003EIf you \nuse AdSense to fill requests for publisher-managed ads, you can link \nyour AdSense account to receive payment. If you use a different method \nto sell ads, you\u2019ll need to arrange revenue collection independently.\u003C/div\u003E\u003Cdiv\u003E\u003Cbr\u003E\u003C/div\u003E\u003Cdiv\u003E\u003Cgcb-youtube videoid=\"https://youtu.be/hLJ3StNynRw\" instanceid=\"eAgzXCokDUOV\"\u003E\u003C/gcb-youtube\u003E\u003C/div\u003E\u003Cdiv\u003E\u003Cbr\u003E\u003C/div\u003E\u003Cdiv\u003E\u003Cbr\u003E\u003C/div\u003E\u003Cdiv\u003E\u003Cbr\u003E\n\u003C/div\u003E\u003C/div\u003E\n\u003C/div\u003E\u003C/div\u003E", "manual_progress": false, "unit_id": "5", "activity_title": "", "availability": "public", "video": "", "lesson_id": 9, "auto_index": true, "duration": "", "shown_when_unavailable": false, "notes": "", "properties": {"modules.skill_map.skill_list": [5649391675244544]}, "activity_listed": true}, {"scored": false, "title": "Improve your Website", "has_activity": false, "objectives": "\u003Cdiv class=\"lesson-card__text__title ng-binding ng-scope\"\u003E\u003Ch1\u003EWhat is Google Opinion Rewards?\u003C/h1\u003E\u003C/div\u003E\n            \u003Cdiv class=\"lesson-card__text__body ng-binding ng-scope\"\u003E\u003Cdiv\u003E\u003Cdiv\u003EMany\n businesses and brands use Google Surveys to get fast, reliable opinions\n from users. Publications that host these surveys earn revenue through a\n program called Google Opinion Rewards.&nbsp;\u003C/div\u003E\u003Cdiv\u003E\u003Cbr\u003E\u003C/div\u003E\u003Cdiv\u003EYou can join this network of hundreds of publishers and earn incremental revenue for your content. &nbsp;\u003C/div\u003E\u003Cdiv\u003E\u003Cbr\u003EWatch this&nbsp;\u003Ca href=\"https://surveys.google.com/publishers\" target=\"_blank\"\u003EGannett case study video\u003C/a\u003E&nbsp;to see how the publisher of USA Today monetized their sites using Google Opinion Rewards.\u003C/div\u003E\u003Cdiv\u003E\u003Cbr\u003E\u003C/div\u003E\u003Cdiv\u003E\u003Cgcb-youtube videoid=\"https://youtu.be/PPfo6gNpZKY\" instanceid=\"ebiUav6sXPgP\"\u003E\u003C/gcb-youtube\u003E\u003C/div\u003E\u003Cdiv\u003E\u003Ch2\u003E\u003Cbr\u003E\u003C/h2\u003E\u003C/div\u003E\u003Cdiv\u003E\u003Cdiv class=\"lesson-card__text__title ng-binding ng-scope\"\u003E\u003Ch2\u003EHow it works.\u003C/h2\u003E\u003C/div\u003E\n            \u003Cdiv class=\"lesson-card__text__body ng-binding ng-scope\"\u003E\u003Cdiv\u003E\u003Cdiv\u003EWhen\n you join Google Opinion Rewards, you\u2019ll get paid every time one of your\n readers responds to a survey on your site. You may have seen these \nshort, user-friendly questionnaires pop up on other sites you visit. As a\n publisher, you control where and how often survey prompts appear, as \nwell as how much content to make available to respondents in return for \ntheir answers.\u003Cbr\u003E\u003Cbr\u003EGoogle Opinion Rewards is separate from the \nAdSense network, meaning you do not need to run AdSense ads to join. \nHowever,&nbsp; you will need an active AdSense account to receive payment for\n completed surveys. \u003Cbr\u003E\u003C/div\u003E\u003Cdiv\u003E\u003Cbr\u003E\u003C/div\u003E\u003Cdiv\u003E\u003Cimg class=\"lesson-card__media__content ng-scope\" src=\"https://storage.googleapis.com/gweb-newslab.appspot.com/upload/GNL_Surveys_OpinionRewards_2.1_and_5.1_Mqav4ed.jpg\"\u003E\u003C/div\u003E\u003Cdiv\u003E\u003Ch2\u003E\u003Cbr\u003E\u003C/h2\u003E\u003C/div\u003E\u003Cdiv\u003E\u003Cdiv class=\"lesson-card__text__title ng-binding ng-scope\"\u003E\u003Ch2\u003ECreate your account.\u003C/h2\u003E\u003C/div\u003E\n            \u003Cdiv\u003ETo begin, go to&nbsp;\u003Ca href=\"https://surveys.google.com/publishers\" target=\"_blank\"\u003Esurveys.google.com/publishers\u003C/a\u003E&nbsp;and click on \u201csign up.\u201d\u003C/div\u003E\u003Cdiv\u003E\u003Cbr\u003E\u003C/div\u003E\u003Cdiv\u003EFill\n in the fields and click \u201csubmit.\u201d The Google Opinion Rewards Team will \nreview your application and notify you once your site is approved to \ndisplay paid surveys.&nbsp;\u003C/div\u003E\u003C/div\u003E\u003Cdiv\u003E\u003Cbr\u003E\u003C/div\u003E\u003Cdiv\u003E\u003Cgcb-youtube videoid=\"https://youtu.be/GLWiMfkPY2c\" instanceid=\"OoWhwnokklmj\"\u003E\u003C/gcb-youtube\u003E\u003C/div\u003E\u003Cdiv\u003E\u003Cbr\u003E\u003C/div\u003E\u003Cdiv\u003E\u003Cdiv class=\"lesson-card__text__title ng-binding ng-scope\"\u003E\u003Ch2\u003EUsers answer questions on your site.\u003C/h2\u003E\u003C/div\u003E\n            \u003Cdiv class=\"lesson-card__text__body ng-binding ng-scope\"\u003E\u003Cdiv\u003E\u003Cdiv\u003EWhen\n a survey appears on your site, it will hide a portion of your content \n(i.e. an article). Users will be prompted to take the survey or click \n\u201cskip\u201d to reveal the hidden content.\u003C/div\u003E\u003Cdiv\u003E\u003Cbr\u003EYou always control where and how often survey prompts appear, so you can make them as prominent or unobtrusive as you\u2019d like.\u003C/div\u003E\u003Cdiv\u003E\u003Cbr\u003E\u003C/div\u003E\u003Cdiv\u003E\u003Cimg class=\"lesson-card__media__content ng-scope\" src=\"https://storage.googleapis.com/gweb-newslab.appspot.com/upload/GNL_Surveys_OpinionRewards_2.1_and_5.1.jpg\"\u003E\u003C/div\u003E\u003Cdiv\u003E\u003Ch2\u003E\u003Cbr\u003E\u003C/h2\u003E\u003C/div\u003E\u003Cdiv\u003E\u003Cdiv class=\"lesson-card__text__title ng-binding ng-scope\"\u003E\u003Ch2\u003ETrack your earnings on your publisher\u2019s report.\u003C/h2\u003E\u003C/div\u003E\n            \u003Cdiv class=\"lesson-card__text__body ng-binding ng-scope\"\u003E\u003Cdiv\u003E\u003Cdiv\u003EGoogle\n Opinion Rewards automatically monitors your surveys, completion rate, \nand payments due. The data is aggregated in a user-friendly report. You \ncan monitor how different survey placements perform and use these \ninsights to optimize your revenue.\u003C/div\u003E\u003Cdiv\u003E\u003Cbr\u003E\u003C/div\u003E\u003Cdiv\u003E\u003Cimg class=\"lesson-card__media__content ng-scope\" src=\"https://storage.googleapis.com/gweb-newslab.appspot.com/upload/GNL_Surveys_OpinionRewards_6.1.jpg\"\u003E\u003C/div\u003E\u003Cdiv\u003E\u003Ch2\u003E\u003Cbr\u003E\u003C/h2\u003E\u003C/div\u003E\u003Cdiv\u003E\u003Cdiv class=\"lesson-card__text__title ng-binding ng-scope\"\u003E\u003Ch2\u003ELearn more about Google Opinion Rewards.\u003C/h2\u003E\u003C/div\u003E\n            \u003Cdiv class=\"lesson-card__text__body ng-binding ng-scope\"\u003E\u003Cdiv\u003E\u003Cdiv\u003ETo see more case studies and learn more about Google Opinion Rewards,&nbsp;\u003Ca href=\"https://surveys.google.com/publishers\" target=\"_blank\"\u003Eclick here\u003C/a\u003E.\u003C/div\u003E\u003Cdiv\u003E\u003Cbr\u003E\u003C/div\u003E\u003Cdiv\u003E\u003Cimg class=\"lesson-card__media__content ng-scope\" src=\"https://storage.googleapis.com/gweb-newslab.appspot.com/upload/GNL_Surveys_OpinionRewards_3.1_and_7_dk4mZbs.jpg\"\u003E\u003C/div\u003E\u003Cdiv\u003E\u003Ch1\u003E\u003Cbr\u003E\u003C/h1\u003E\u003C/div\u003E\u003Cdiv\u003E\u003Cdiv class=\"lesson-card__text__title ng-binding ng-scope\"\u003E\u003Ch1\u003E Keeping us current.\u003C/h1\u003E\u003C/div\u003E\n            \u003Cdiv\u003EGoogle\n News Publisher Center allows you to keep our record of your site and \nits articles up to date, which makes it easier for Google News readers \nto discover your latest content.\u003Cbr\u003E\u003Cbr\u003E\u003C/div\u003E\u003Cbr\u003E\u003Cbr\u003EWhenever you \nmake revisions to your news site, whether changing its name or adding \nnew sections, add those changes in Google News Publisher to make sure \nall your current work shows up in Google News.\u003C/div\u003E\u003Cdiv\u003E\u003Cbr\u003E\u003C/div\u003E\u003Cdiv\u003E\u003Cbr\u003E\u003C/div\u003E\u003Cdiv\u003E\u003Cimg class=\"lesson-card__media__content ng-scope\" src=\"https://storage.googleapis.com/gweb-newslab.appspot.com/upload/Screen_Shot_2016-10-24_at_9.57.50_AM.png\"\u003E\u003C/div\u003E\u003Cdiv\u003E\u003Ch2\u003E\u003Cbr\u003E\u003C/h2\u003E\u003C/div\u003E\u003Cdiv\u003E\u003Cdiv class=\"lesson-card__text__title ng-binding ng-scope\"\u003E\u003Ch2\u003EVerifying ownership of your site\u003C/h2\u003E\u003C/div\u003E\n            \u003Cdiv class=\"lesson-card__text__body ng-binding ng-scope\"\u003E\u003Cdiv\u003E\u003Cp\u003EIf you have not already added and verified ownership of your site in \u003Ca href=\"https://partnerdash.google.com/publisher\" target=\"_blank\"\u003EGoogle News Publisher\u003C/a\u003E, you\u2019ll need to do this first.\u003C/p\u003E\n\n\u003Cp\u003E\u003Cbr\u003E\nClick Verify site in Webmaster Tools on the homepage to get started. \nNote that once ownership of your site is verified, inclusion in Google \nNews may take one to three weeks.\u003C/p\u003E\u003Cp\u003E\u003Cbr\u003E\u003C/p\u003E\u003Cp\u003E\u003Cgcb-youtube videoid=\"https://youtu.be/xOupx0z6i8A\" instanceid=\"IZbDjB6MuXyC\"\u003E\u003C/gcb-youtube\u003E\u003C/p\u003E\u003Cp\u003E\u003Ch2\u003E\u003Cbr\u003E\u003C/h2\u003E\u003C/p\u003E\u003Cdiv class=\"lesson-card__text__title ng-binding ng-scope\"\u003E\u003Ch2\u003EUpdating your site details.\u003C/h2\u003E\u003C/div\u003E\n            \u003Cdiv class=\"lesson-card__text__body ng-binding ng-scope\"\u003E\u003Cdiv\u003E\u003Cp\u003EYou\n can edit your site\u2019s name, source labels (e.g. blog) and Google+ page \nURL under the \u201cDetails\u201d section of the Google News Publisher Center.\u003C/p\u003E\n\n\u003Cp\u003E\u003Cbr\u003E\nIf you\u2019re updating the name of your site, be sure to review our site \nnaming guidelines before making a change. As for source labels, only \napply them here if they\u2019re applicable to all sections of your \npublication. For instance, add the \u201cSatire\u201d label if your entire \npublication is satire content, but if only a few articles on your site \nare satirical, we\u2019d recommend using content tags in your news sitemap to\n label this content instead.\u003C/p\u003E\u003Cp\u003E\u003Cbr\u003E\u003C/p\u003E\u003Cp\u003E\u003Cgcb-youtube videoid=\"https://youtu.be/xOupx0z6i8A\" instanceid=\"7HisZMXfZp5k\"\u003E\u003C/gcb-youtube\u003E\u003C/p\u003E\u003Cp\u003E\u003Cbr\u003E\u003C/p\u003E\u003Cdiv class=\"lesson-card__text__title ng-binding ng-scope\"\u003E\u003Ch2\u003EAdding and editing sections.\u003C/h2\u003E\u003C/div\u003E\n            \u003Cdiv class=\"lesson-card__text__body ng-binding ng-scope\"\u003E\u003Cdiv\u003E\u003Cdiv\u003EWhen\n you add a new section to your site, we highly recommend adding it to \nthe Publisher Center to help improve discovery of your content.\u003Cbr\u003E\u003Cbr\u003E\u003C/div\u003E\u003C/div\u003E\u003C/div\u003E\n            \n            \n            \n                \u003Cul class=\"lesson-card__toggle__list\"\u003E\u003Cli class=\"lesson-card__toggle__list__item ng-scope video\"\u003E\n                        \u003Cdiv class=\"lesson-card__toggle__list__item__link ng-binding active\" role=\"button\" tabindex=\"0\"\u003E\u003Cdiv\u003EClick \u201cSections\u201d on the details page, then click \u201cAdd Section\u201d at the top of the screen. \u003C/div\u003E\u003C/div\u003E\n                    \u003C/li\u003E\u003Cli class=\"lesson-card__toggle__list__item ng-scope video\"\u003E\n                        \u003Cdiv class=\"lesson-card__toggle__list__item__link ng-binding\" role=\"button\" tabindex=\"0\"\u003E\u003Cdiv\u003EUnder\n URL, enter the URL of your section. You can also select the section \nlabel (in this example, Technology) that best describes that section of \nyour publication. Press \u201cSave\u201d to save your changes..\u003C/div\u003E\u003C/div\u003E\n                    \u003C/li\u003E\u003Cli class=\"lesson-card__toggle__list__item ng-scope video\"\u003E\n                        \u003Cdiv class=\"lesson-card__toggle__list__item__link ng-binding\" role=\"button\" tabindex=\"0\"\u003E\u003Cdiv\u003ETo\n edit a section, click the \u201cEdit\u201d button to the right of the section \nyou\u2019d like to edit. You can then update its URL and/or labels. After \nyou\u2019ve finished updating your section, be sure to click \u201cSave\u201d to save \nyour changes.\u003C/div\u003E\u003C/div\u003E\u003C/li\u003E\u003C/ul\u003E\u003Cp\u003E\u003Cgcb-youtube videoid=\"https://youtu.be/HEleI3iRTUU\" instanceid=\"IbxiG1TRKRUV\"\u003E\u003C/gcb-youtube\u003E\u003C/p\u003E\u003Cp\u003E\u003Cgcb-youtube videoid=\"https://youtu.be/QHgMVCll_4k\" instanceid=\"3FgS4bcHnDBz\"\u003E\u003C/gcb-youtube\u003E\u003C/p\u003E\u003Cp\u003E\u003Cgcb-youtube videoid=\"https://youtu.be/5gQp5Gyc5s8\" instanceid=\"O2f6ss955eg9\"\u003E\u003C/gcb-youtube\u003E\u003C/p\u003E\u003Cp\u003E\u003Ch2\u003E\u003Cbr\u003E\u003C/h2\u003E\u003C/p\u003E\u003Cdiv class=\"lesson-card__text__title ng-binding ng-scope\"\u003E\u003Ch2\u003EReviewing your information.\u003C/h2\u003E\u003C/div\u003E\n            \u003Cdiv class=\"lesson-card__text__body ng-binding ng-scope\"\u003E\u003Cdiv\u003E\u003Cp\u003EWhen\n you view your news source information for the first time in the Google \nNews Publisher Center, check to see if the listed sections accurately \nmatch your publication.\u003C/p\u003E\n\n\u003Cp\u003E\u003Cbr\u003E\nIf you see any outdated sections you would like to delete, click the \ncheck box to the left of that section, then click Delete Active at the \ntop of the page.\u003C/p\u003E\u003Cp\u003E\u003Cbr\u003E\u003C/p\u003E\u003Cp\u003E\u003Cgcb-youtube videoid=\"https://youtu.be/z6hsiDJeFrE\" instanceid=\"ylVI8N6EtqZe\"\u003E\u003C/gcb-youtube\u003E\u003C/p\u003E\u003Cp\u003E\u003Cbr\u003E\u003C/p\u003E\u003Cp\u003E\u003Cbr\u003E\u003C/p\u003E\n\u003C/div\u003E\u003C/div\u003E\n\u003C/div\u003E\u003C/div\u003E\n\u003C/div\u003E\u003C/div\u003E\u003C/div\u003E\u003C/div\u003E\u003C/div\u003E\u003C/div\u003E\u003C/div\u003E\u003C/div\u003E\u003C/div\u003E\u003C/div\u003E\u003C/div\u003E\u003C/div\u003E\u003C/div\u003E\u003C/div\u003E\u003C/div\u003E\u003C/div\u003E\u003C/div\u003E", "manual_progress": false, "unit_id": "5", "activity_title": "", "availability": "public", "video": "", "lesson_id": 10, "auto_index": true, "duration": "", "shown_when_unavailable": false, "notes": "", "properties": {"modules.skill_map.skill_list": [5668600916475904, 5649391675244544]}, "activity_listed": true}], "next_id": 11, "version": "1.3"}