{"rows": [
    {"key.name": "None", "data": "{\"prerequisites\": [], \"last_modified\": 1500980160.0695901, \"name\": \"Google Maps\", \"description\": \"\"}", "key.id": 5084698770407424, "key": "ag9lfmNmYWZyaWNhLW1vb2NyGQsSDF9Ta2lsbEVudGl0eRiAgICAm5CECQyiARBuc19zdG9yeV90ZWxsaW5n"},
    {"key.name": "None", "data": "{\"prerequisites\": [], \"last_modified\": 1500900357.06552, \"name\": \"reading bar charts, scatter plots, pictograms, line graphs\", \"description\": \"\"}", "key.id": 5105650963054592, "key": "ag9lfmNmYWZyaWNhLW1vb2NyGQsSDF9Ta2lsbEVudGl0eRiAgICAgPKICQyiARBuc19zdG9yeV90ZWxsaW5n"},
    {"key.name": "None", "data": "{\"prerequisites\": [], \"last_modified\": 1500908387.1235299, \"name\": \"reading different data formats\", \"description\": \"\"}", "key.id": 5153696748929024, "key": "ag9lfmNmYWZyaWNhLW1vb2NyGQsSDF9Ta2lsbEVudGl0eRiAgIDAqOiTCQyiARBuc19zdG9yeV90ZWxsaW5n"},
    {"key.name": "None", "data": "{\"prerequisites\": [], \"last_modified\": 1500909574.1303201, \"name\": \"Google Earth Pro\", \"description\": \"\"}", "key.id": 5161210659995648, "key": "ag9lfmNmYWZyaWNhLW1vb2NyGQsSDF9Ta2lsbEVudGl0eRiAgICAgMOVCQyiARBuc19zdG9yeV90ZWxsaW5n"},
    {"key.name": "None", "data": "{\"prerequisites\": [], \"last_modified\": 1500908526.51068, \"name\": \"international databases\", \"description\": \"\"}", "key.id": 5194384987389952, "key": "ag9lfmNmYWZyaWNhLW1vb2NyGQsSDF9Ta2lsbEVudGl0eRiAgICAwIidCQyiARBuc19zdG9yeV90ZWxsaW5n"},
    {"key.name": "None", "data": "{\"prerequisites\": [], \"last_modified\": 1500981343.9502399, \"name\": \"Google Earth Engine\", \"description\": \"\"}", "key.id": 5197870353350656, "key": "ag9lfmNmYWZyaWNhLW1vb2NyGQsSDF9Ta2lsbEVudGl0eRiAgICA-O2dCQyiARBuc19zdG9yeV90ZWxsaW5n"},
    {"key.name": "None", "data": "{\"prerequisites\": [], \"last_modified\": 1500907053.17488, \"name\": \"impactful storytelling\", \"description\": \"\"}", "key.id": 5202656289095680, "key": "ag9lfmNmYWZyaWNhLW1vb2NyGQsSDF9Ta2lsbEVudGl0eRiAgICAnfmeCQyiARBuc19zdG9yeV90ZWxsaW5n"},
    {"key.name": "None", "data": "{\"prerequisites\": [], \"last_modified\": 1500554984.0437901, \"name\": \"data-driven stories\", \"description\": \"\"}", "key.id": 5634472569470976, "key": "ag9lfmNmYWZyaWNhLW1vb2NyGQsSDF9Ta2lsbEVudGl0eRiAgICA3pCBCgyiARBuc19zdG9yeV90ZWxsaW5n"},
    {"key.name": "None", "data": "{\"prerequisites\": [], \"last_modified\": 1500554918.16535, \"name\": \"open data use\", \"description\": \"\"}", "key.id": 5639445604728832, "key": "ag9lfmNmYWZyaWNhLW1vb2NyGQsSDF9Ta2lsbEVudGl0eRiAgICAvKGCCgyiARBuc19zdG9yeV90ZWxsaW5n"},
    {"key.name": "None", "data": "{\"prerequisites\": [], \"last_modified\": 1500906427.03426, \"name\": \"working with numbers eg averages, percentages\", \"description\": \"\"}", "key.id": 5641142922117120, "key": "ag9lfmNmYWZyaWNhLW1vb2NyGQsSDF9Ta2lsbEVudGl0eRiAgICA79KCCgyiARBuc19zdG9yeV90ZWxsaW5n"},
    {"key.name": "None", "data": "{\"prerequisites\": [], \"last_modified\": 1500900331.3051701, \"name\": \"interpreting data\", \"description\": \"\"}", "key.id": 5642554087309312, "key": "ag9lfmNmYWZyaWNhLW1vb2NyGQsSDF9Ta2lsbEVudGl0eRiAgICA-PuCCgyiARBuc19zdG9yeV90ZWxsaW5n"},
    {"key.name": "None", "data": "{\"prerequisites\": [], \"last_modified\": 1500908487.6596999, \"name\": \"verifying data sets\", \"description\": \"\"}", "key.id": 5647648723828736, "key": "ag9lfmNmYWZyaWNhLW1vb2NyGQsSDF9Ta2lsbEVudGl0eRiAgICAm5CECgyiARBuc19zdG9yeV90ZWxsaW5n"},
    {"key.name": "None", "data": "{\"prerequisites\": [], \"last_modified\": 1500906713.2041299, \"name\": \"solution journalism\", \"description\": \"\"}", "key.id": 5655869022797824, "key": "ag9lfmNmYWZyaWNhLW1vb2NyGQsSDF9Ta2lsbEVudGl0eRiAgICAuv-FCgyiARBuc19zdG9yeV90ZWxsaW5n"},
    {"key.name": "None", "data": "{\"prerequisites\": [], \"last_modified\": 1500908433.0376101, \"name\": \"data privacy\", \"description\": \"\"}", "key.id": 5657582312095744, "key": "ag9lfmNmYWZyaWNhLW1vb2NyGQsSDF9Ta2lsbEVudGl0eRiAgIDAqLGGCgyiARBuc19zdG9yeV90ZWxsaW5n"},
    {"key.name": "None", "data": "{\"prerequisites\": [], \"last_modified\": 1500554949.3868501, \"name\": \"converting data to stories\", \"description\": \"\"}", "key.id": 5659313586569216, "key": "ag9lfmNmYWZyaWNhLW1vb2NyGQsSDF9Ta2lsbEVudGl0eRiAgICA2uOGCgyiARBuc19zdG9yeV90ZWxsaW5n"},
    {"key.name": "None", "data": "{\"prerequisites\": [], \"last_modified\": 1500906447.3335099, \"name\": \"summarizing data\", \"description\": \"\"}", "key.id": 5666083260334080, "key": "ag9lfmNmYWZyaWNhLW1vb2NyGQsSDF9Ta2lsbEVudGl0eRiAgICA3aiICgyiARBuc19zdG9yeV90ZWxsaW5n"},
    {"key.name": "None", "data": "{\"prerequisites\": [], \"last_modified\": 1500984506.26194, \"name\": \"Google Crisis Maps\", \"description\": \"\"}", "key.id": 5713573250596864, "key": "ag9lfmNmYWZyaWNhLW1vb2NyGQsSDF9Ta2lsbEVudGl0eRiAgICA746TCgyiARBuc19zdG9yeV90ZWxsaW5n"},
    {"key.name": "None", "data": "{\"prerequisites\": [], \"last_modified\": 1500908538.7478299, \"name\": \"crowd-sourced data\", \"description\": \"\"}", "key.id": 5720929187397632, "key": "ag9lfmNmYWZyaWNhLW1vb2NyGQsSDF9Ta2lsbEVudGl0eRiAgICA-uSUCgyiARBuc19zdG9yeV90ZWxsaW5n"},
    {"key.name": "None", "data": "{\"prerequisites\": [], \"last_modified\": 1500984489.5119801, \"name\": \"Google Fusion Tables\", \"description\": \"\"}", "key.id": 5725851488354304, "key": "ag9lfmNmYWZyaWNhLW1vb2NyGQsSDF9Ta2lsbEVudGl0eRiAgICAm_SVCgyiARBuc19zdG9yeV90ZWxsaW5n"},
    {"key.name": "None", "data": "{\"prerequisites\": [], \"last_modified\": 1500906395.4280901, \"name\": \"comparing different data sets\", \"description\": \"\"}", "key.id": 5735995932672000, "key": "ag9lfmNmYWZyaWNhLW1vb2NyGQsSDF9Ta2lsbEVudGl0eRiAgICAupuYCgyiARBuc19zdG9yeV90ZWxsaW5n"},
    {"key.name": "None", "data": "{\"prerequisites\": [], \"last_modified\": 1500906490.62783, \"name\": \"basic design concepts\", \"description\": \"\"}", "key.id": 5739719937753088, "key": "ag9lfmNmYWZyaWNhLW1vb2NyGQsSDF9Ta2lsbEVudGl0eRiAgICA64eZCgyiARBuc19zdG9yeV90ZWxsaW5n"},
    {"key.name": "None", "data": "{\"prerequisites\": [], \"last_modified\": 1500906467.4412401, \"name\": \"ethics in data usage\", \"description\": \"\"}", "key.id": 6205504040730624, "key": "ag9lfmNmYWZyaWNhLW1vb2NyGQsSDF9Ta2lsbEVudGl0eRiAgICA-PuCCwyiARBuc19zdG9yeV90ZWxsaW5n"},
    {"key.name": "None", "data": "{\"prerequisites\": [], \"last_modified\": 1500908445.23399, \"name\": \"data denial\", \"description\": \"\"}", "key.id": 6262207541149696, "key": "ag9lfmNmYWZyaWNhLW1vb2NyGQsSDF9Ta2lsbEVudGl0eRiAgICAne6PCwyiARBuc19zdG9yeV90ZWxsaW5n"}
]}
