{"rows": [
    {"key.name": "None", "data": "{\"defaultFeedback\": \"\", \"rows\": 1, \"description\": \"Pictogram Data Q2\", \"hint\": \"\\u003Cbr\\u003E\", \"graders\": [{\"matcher\": \"case_insensitive\", \"score\": \"1.0\", \"response\": \"Malnutrition causes more than half of all under five child deaths around the world.\", \"feedback\": \"\"}], \"question\": \"\\u003Cspan style=\\\"font-size:11pt;font-family:Calibri;color:#000000;background-color:transparent;font-weight:400;font-style:normal;font-variant:normal;text-decoration:none;vertical-align:baseline;\\\"\\u003EHow many children die of causes related to malnutrition?\\u003C/span\\u003E\", \"version\": \"1.5\", \"last_modified\": 1500899081.1865301, \"type\": 1, \"columns\": 100}", "key.id": 4828324387880960, "key": "ag9lfmNmYWZyaWNhLW1vb2NyGwsSDlF1ZXN0aW9uRW50aXR5GICAgIDe6skIDKIBEG5zX3N0b3J5X3RlbGxpbmc"},
    {"key.name": "None", "data": "{\"defaultFeedback\": \"\", \"rows\": 1, \"description\": \"Misleading Data Q2\", \"hint\": \"\\u003Cbr\\u003E\", \"graders\": [{\"matcher\": \"case_insensitive\", \"score\": \"1.0\", \"response\": \"There are more than 130,000,000 jobs in the economy so 150,000 added is not a large percentage\", \"feedback\": \"\"}], \"question\": \"How many jobs are there actually in the economy?\", \"version\": \"1.5\", \"last_modified\": 1500905033.8150499, \"type\": 1, \"columns\": 100}", "key.id": 5068433729257472, "key": "ag9lfmNmYWZyaWNhLW1vb2NyGwsSDlF1ZXN0aW9uRW50aXR5GICAgIDrtoAJDKIBEG5zX3N0b3J5X3RlbGxpbmc"},
    {"key.name": "None", "data": "{\"defaultFeedback\": \"\", \"rows\": 1, \"description\": \"Lab 2 Q4\", \"hint\": \"\\u003Cbr\\u003E\", \"graders\": [{\"matcher\": \"case_insensitive\", \"score\": \"1.0\", \"response\": \"Rwanda (-65.71%)\", \"feedback\": \"\"}], \"question\": \"Can you tell\\nwhich country has seen the sharpest decline in under five deaths over this\\ndecade?\", \"version\": \"1.5\", \"last_modified\": 1500909089.1246901, \"type\": 1, \"columns\": 100}", "key.id": 5076324926357504, "key": "ag9lfmNmYWZyaWNhLW1vb2NyGwsSDlF1ZXN0aW9uRW50aXR5GICAgIDAnIIJDKIBEG5zX3N0b3J5X3RlbGxpbmc"},
    {"key.name": "None", "data": "{\"defaultFeedback\": \"\", \"rows\": 1, \"description\": \"Data Privacy Q3\", \"hint\": \"\\u003Cbr\\u003E\", \"graders\": [{\"matcher\": \"case_insensitive\", \"score\": \"1.0\", \"response\": \"Pros: the public can easily see where public services and employment is most needed  Cons: individuals receiving aid may be embarrassed and discriminated against by employers\", \"feedback\": \"\"}], \"question\": \"List of families receiving government financial\\nassistance\", \"version\": \"1.5\", \"last_modified\": 1500903433.1284699, \"type\": 1, \"columns\": 100}", "key.id": 5079604133888000, "key": "ag9lfmNmYWZyaWNhLW1vb2NyGwsSDlF1ZXN0aW9uRW50aXR5GICAgID4-4IJDKIBEG5zX3N0b3J5X3RlbGxpbmc"},
    {"key.name": "None", "data": "{\"defaultFeedback\": \"\", \"rows\": 1, \"description\": \"Generalizations Data Q2\", \"hint\": \"\\u003Cbr\\u003E\", \"graders\": [{\"matcher\": \"case_insensitive\", \"score\": \"1.0\", \"response\": \"Only New York, Baltimore and Los Angeles\", \"feedback\": \"\"}], \"question\": \"Which cities does the\\n     story mention have seen a rise in crime rates?\", \"version\": \"1.5\", \"last_modified\": 1500901124.1326399, \"type\": 1, \"columns\": 100}", "key.id": 5083289484263424, "key": "ag9lfmNmYWZyaWNhLW1vb2NyGwsSDlF1ZXN0aW9uRW50aXR5GICAgICZ54MJDKIBEG5zX3N0b3J5X3RlbGxpbmc"},
    {"key.name": "None", "data": "{\"defaultFeedback\": \"\", \"rows\": 1, \"description\": \"Multiple Charts Test 1\", \"hint\": \"\\u003Cbr\\u003E\", \"graders\": [{\"matcher\": \"case_insensitive\", \"score\": \"1.0\", \"response\": \"The public, readers of this news site, people who follow the Ebola crisis.\", \"feedback\": \"\"}], \"question\": \"Who is the audience?\\u003Cbr\\u003E\", \"version\": \"1.5\", \"last_modified\": 1500560708.04475, \"type\": 1, \"columns\": 100}", "key.id": 5086441721823232, "key": "ag9lfmNmYWZyaWNhLW1vb2NyGwsSDlF1ZXN0aW9uRW50aXR5GICAgID4woQJDKIBEG5zX3N0b3J5X3RlbGxpbmc"},
    {"key.name": "None", "data": "{\"defaultFeedback\": \"\", \"rows\": 1, \"description\": \"Proxy Data Q1\", \"hint\": \"\\u003Cbr\\u003E\", \"graders\": [{\"matcher\": \"case_insensitive\", \"score\": \"1.0\", \"response\": \"No, because we don\\u2019t know if the mosquito nets that were distributed are actually being used for their intended purpose.  For example, some fishermen use them as nets and some families might sell them for other needs they see as more essential, such as food.\", \"feedback\": \"\"}], \"question\": \"Is the number of mosquito nets per person an\\naccurate representation of how many people are sleeping under mosquito nets?\", \"version\": \"1.5\", \"last_modified\": 1500899858.28071, \"type\": 1, \"columns\": 100}", "key.id": 5088174472691712, "key": "ag9lfmNmYWZyaWNhLW1vb2NyGwsSDlF1ZXN0aW9uRW50aXR5GICAgICv9YQJDKIBEG5zX3N0b3J5X3RlbGxpbmc"},
    {"key.name": "None", "data": "{\"defaultFeedback\": \"\", \"rows\": 1, \"description\": \"Charts Test 2\", \"hint\": \"\\u003Cbr\\u003E\", \"graders\": [{\"matcher\": \"case_insensitive\", \"score\": \"1.0\", \"response\": \"The countries with the highest per capita refugee population, surprising countries.\", \"feedback\": \"\"}], \"question\": \"What information are they\\n     supposed to retain?\", \"version\": \"1.5\", \"last_modified\": 1500558724.5382299, \"type\": 1, \"columns\": 100}", "key.id": 5096363633147904, "key": "ag9lfmNmYWZyaWNhLW1vb2NyGwsSDlF1ZXN0aW9uRW50aXR5GICAgIDa44YJDKIBEG5zX3N0b3J5X3RlbGxpbmc"},
    {"key.name": "None", "data": "{\"defaultFeedback\": \"\", \"rows\": 1, \"description\": \"Governance and Security Data Q5\", \"hint\": \"\\u003Cbr\\u003E\", \"graders\": [{\"matcher\": \"case_insensitive\", \"score\": \"1.0\", \"response\": \"People go to prison for murder longer than they do for any other crime, so there will be more people in prison for murder for a longer time, but that doesn\\u2019t mean there are more murders than any other crime.\", \"feedback\": \"\"}], \"question\": \"How does length of prison\\n     sentence influence this data?\", \"version\": \"1.5\", \"last_modified\": 1500896304.3673601, \"type\": 1, \"columns\": 100}", "key.id": 5098030885765120, "key": "ag9lfmNmYWZyaWNhLW1vb2NyGwsSDlF1ZXN0aW9uRW50aXR5GICAgICdlIcJDKIBEG5zX3N0b3J5X3RlbGxpbmc"},
    {"key.name": "None", "data": "{\"defaultFeedback\": \"\", \"rows\": 1, \"description\": \"Claim Data Q1\", \"hint\": \"\\u003Cbr\\u003E\", \"graders\": [{\"matcher\": \"case_insensitive\", \"score\": \"1.0\", \"response\": \"Rates of hospital admissions for fistula infections, deaths attributed to fistula infections.\", \"feedback\": \"\"}], \"question\": \"\\u003Cspan style=\\\"font-family:Symbol;mso-fareast-font-family:Symbol;mso-bidi-font-family:\\nSymbol\\\"\\u003E\\u003Cspan style=\\\"mso-list:Ignore\\\"\\u003E\\u003Cspan style=\\\"font:7.0pt &quot;Times New Roman&quot;\\\"\\u003E\\n\\u003C/span\\u003E\\u003C/span\\u003E\\u003C/span\\u003EWhat data would you need to answer whether fistula\\ninfection is going down?\", \"version\": \"1.5\", \"last_modified\": 1500901638.15856, \"type\": 1, \"columns\": 100}", "key.id": 5099593180119040, "key": "ag9lfmNmYWZyaWNhLW1vb2NyGwsSDlF1ZXN0aW9uRW50aXR5GICAgIDZwYcJDKIBEG5zX3N0b3J5X3RlbGxpbmc"},
    {"key.name": "None", "data": "{\"defaultFeedback\": \"\", \"rows\": 1, \"description\": \"Scatter Plot Data Q1\", \"hint\": \"\\u003Cbr\\u003E\", \"graders\": [{\"matcher\": \"case_insensitive\", \"score\": \"1.0\", \"response\": \"The percentage of working class people who make up the workforce.\", \"feedback\": \"\"}], \"question\": \"\\u003Cspan style=\\\"font-size:11pt;font-family:Calibri;color:#000000;background-color:transparent;font-weight:400;font-style:normal;font-variant:normal;text-decoration:none;vertical-align:baseline;\\\"\\u003EWhat does the X axis indicate\\u003C/span\\u003E\", \"version\": \"1.5\", \"last_modified\": 1500898635.3343, \"type\": 1, \"columns\": 100}", "key.id": 5101952727777280, "key": "ag9lfmNmYWZyaWNhLW1vb2NyGwsSDlF1ZXN0aW9uRW50aXR5GICAgICvhogJDKIBEG5zX3N0b3J5X3RlbGxpbmc"},
    {"key.name": "None", "data": "{\"defaultFeedback\": \"\", \"rows\": 1, \"description\": \"Economic Data Q1\", \"hint\": \"\\u003Cbr\\u003E\", \"graders\": [{\"matcher\": \"case_insensitive\", \"score\": \"1.0\", \"response\": \"Infrastructure is the sector that receives the most funding\", \"feedback\": \"\"}], \"question\": \"Which ministry has the\\n     biggest budget?\", \"version\": \"1.5\", \"last_modified\": 1500897149.2102699, \"type\": 1, \"columns\": 100}", "key.id": 5109799364591616, "key": "ag9lfmNmYWZyaWNhLW1vb2NyGwsSDlF1ZXN0aW9uRW50aXR5GICAgIDe6okJDKIBEG5zX3N0b3J5X3RlbGxpbmc"},
    {"key.name": "None", "data": "{\"defaultFeedback\": \"\", \"rows\": 1, \"description\": \"Proxy Data Q2\", \"hint\": \"\\u003Cbr\\u003E\", \"graders\": [{\"matcher\": \"case_insensitive\", \"score\": \"1.0\", \"response\": \"To measure mosquito net use you might not be able to use a proxy but rather count how many nets are being used in different communities for their intended purpose.\", \"feedback\": \"\"}], \"question\": \"\\u003Cspan style=\\\"font-family:Symbol;mso-fareast-font-family:Symbol;mso-bidi-font-family:\\nSymbol\\\"\\u003E\\u003Cspan style=\\\"mso-list:Ignore\\\"\\u003E\\u003C/span\\u003E\\u003C/span\\u003ETo understand how much of the population has\\naccess to mosquito nets, what would have to be measured?\", \"version\": \"1.5\", \"last_modified\": 1500899915.98104, \"type\": 1, \"columns\": 100}", "key.id": 5121716422443008, "key": "ag9lfmNmYWZyaWNhLW1vb2NyGwsSDlF1ZXN0aW9uRW50aXR5GICAgMDIxYwJDKIBEG5zX3N0b3J5X3RlbGxpbmc"},
    {"key.name": "None", "data": "{\"defaultFeedback\": \"\", \"rows\": 1, \"description\": \"Line Graph Data Q3\", \"hint\": \"\\u003Cbr\\u003E\", \"graders\": [{\"matcher\": \"case_insensitive\", \"score\": \"1.0\", \"response\": \"It is highlighted in red and the slope is most dramatic.\", \"feedback\": \"\"}], \"question\": \"\\u003Cspan style=\\\"font-size:11pt;font-family:Calibri;color:#000000;background-color:transparent;font-weight:400;font-style:normal;font-variant:normal;text-decoration:none;vertical-align:baseline;\\\"\\u003EWhat makes you notice Africa right away?\\u003C/span\\u003E\", \"version\": \"1.5\", \"last_modified\": 1500898548.0732, \"type\": 1, \"columns\": 100}", "key.id": 5134473146400768, "key": "ag9lfmNmYWZyaWNhLW1vb2NyGwsSDlF1ZXN0aW9uRW50aXR5GICAgIDruI8JDKIBEG5zX3N0b3J5X3RlbGxpbmc"},
    {"key.name": "None", "data": "{\"defaultFeedback\": \"\", \"rows\": 1, \"description\": \"Ethics Q1\", \"hint\": \"\\u003Cbr\\u003E\", \"graders\": [{\"matcher\": \"case_insensitive\", \"score\": \"1.0\", \"response\": \"The news value is related to impact: giving faces and addresses to security threats makes them more real and concrete\", \"feedback\": \"\"}], \"question\": \"\\u003Cspan style=\\\"mso-ansi-language:X-NONE;mso-fareast-language:X-NONE;mso-bidi-language:\\n     HI\\\" lang=\\\"X-NONE\\\"\\u003EWhat is the news value of publishing personal details in each case?\\u003C/span\\u003E\", \"version\": \"1.5\", \"last_modified\": 1500905991.3180301, \"type\": 1, \"columns\": 100}", "key.id": 5136307634307072, "key": "ag9lfmNmYWZyaWNhLW1vb2NyGwsSDlF1ZXN0aW9uRW50aXR5GICAgICd7o8JDKIBEG5zX3N0b3J5X3RlbGxpbmc"},
    {"key.name": "None", "data": "{\"defaultFeedback\": \"\", \"rows\": 1, \"description\": \"Maps Test 4\", \"hint\": \"\\u003Cbr\\u003E\", \"graders\": [{\"matcher\": \"case_insensitive\", \"score\": \"1.0\", \"response\": \"Donate money, campaign for greater access to vaccines, engage in a public debate\", \"feedback\": \"\"}], \"question\": \"What should they do after seeing this?\\u003Cbr\\u003E\", \"version\": \"1.5\", \"last_modified\": 1500560197.0474601, \"type\": 1, \"columns\": 100}", "key.id": 5137355874762752, "key": "ag9lfmNmYWZyaWNhLW1vb2NyGwsSDlF1ZXN0aW9uRW50aXR5GICAgIDejJAJDKIBEG5zX3N0b3J5X3RlbGxpbmc"},
    {"key.name": "None", "data": "{\"defaultFeedback\": \"\", \"rows\": 1, \"description\": \"Generalizations Data Q4\", \"hint\": \"\\u003Cbr\\u003E\", \"graders\": [{\"matcher\": \"case_insensitive\", \"score\": \"1.0\", \"response\": \"Crime rates over at least a decade; crime rates broken down by region and type of crime; crime rates by severity of crime; crime rates in urban vs rural areas\", \"feedback\": \"\"}], \"question\": \"What data would you use\\n     to determine whether there has been a nationwide crime spike in your\\n     country?\", \"version\": \"1.5\", \"last_modified\": 1500901246.7641499, \"type\": 1, \"columns\": 100}", "key.id": 5139717033033728, "key": "ag9lfmNmYWZyaWNhLW1vb2NyGwsSDlF1ZXN0aW9uRW50aXR5GICAgIC60ZAJDKIBEG5zX3N0b3J5X3RlbGxpbmc"},
    {"key.name": "None", "data": "{\"defaultFeedback\": \"\", \"rows\": 1, \"description\": \"Multiple Charts Test 2\", \"hint\": \"\\u003Cbr\\u003E\", \"graders\": [{\"matcher\": \"case_insensitive\", \"score\": \"1.0\", \"response\": \"Ebola kills the most people in countries with the lowest healthcare spending, Ebola can be blamed on lack of healthcare spending and infrastructure, Africa spends less money on healthcare than the rest of the world, very little money goes into researching cures for diseases like Ebola, most medicines that are developed are not for neglected diseases, Ebola kills fewer people than many other diseases in Africa.\", \"feedback\": \"\"}], \"question\": \"What information are they supposed to retain?\\u003Cbr\\u003E\", \"version\": \"1.5\", \"last_modified\": 1500561603.3603599, \"type\": 1, \"columns\": 100}", "key.id": 5142291060621312, "key": "ag9lfmNmYWZyaWNhLW1vb2NyGwsSDlF1ZXN0aW9uRW50aXR5GICAgICvnJEJDKIBEG5zX3N0b3J5X3RlbGxpbmc"},
    {"key.name": "None", "data": "{\"defaultFeedback\": \"\", \"rows\": 1, \"description\": \"Comparisons Data Q3\", \"hint\": \"\\u003Cbr\\u003E\", \"graders\": [{\"matcher\": \"case_insensitive\", \"score\": \"1.0\", \"response\": \"All the countries at the same latitude as Sudan (Mauritania, Mali, Niger, Chad, Ethiopia, Eritrea and Somalia had less than 1% HIV prevalence in 1990.\", \"feedback\": \"\"}], \"question\": \"Which countries had similar rates of HIV 15\\nyears ago?\", \"version\": \"1.5\", \"last_modified\": 1500900242.20192, \"type\": 1, \"columns\": 100}", "key.id": 5149586599444480, "key": "ag9lfmNmYWZyaWNhLW1vb2NyGwsSDlF1ZXN0aW9uRW50aXR5GICAgIDZ8JIJDKIBEG5zX3N0b3J5X3RlbGxpbmc"},
    {"key.name": "None", "data": "{\"defaultFeedback\": \"\", \"rows\": 1, \"description\": \"Claim Data Q2\", \"hint\": \"\\u003Cbr\\u003E\", \"graders\": [{\"matcher\": \"case_insensitive\", \"score\": \"1.0\", \"response\": \"Reach of fistula outreach program, rate of women seeking maternal health care in those areas vs those in other areas, rate of medical professionals able to operate on fistulas and treat fistula infections compared to fatality rates for fistula infections\", \"feedback\": \"\"}], \"question\": \"What data would you need to understand factors?\", \"version\": \"1.5\", \"last_modified\": 1500901683.0137501, \"type\": 1, \"columns\": 100}", "key.id": 5151213049872384, "key": "ag9lfmNmYWZyaWNhLW1vb2NyGwsSDlF1ZXN0aW9uRW50aXR5GICAgICEoJMJDKIBEG5zX3N0b3J5X3RlbGxpbmc"},
    {"key.name": "None", "data": "{\"defaultFeedback\": \"\", \"rows\": 1, \"description\": \"Lab 2 Q1\", \"hint\": \"\\u003Cbr\\u003E\", \"graders\": [{\"matcher\": \"case_insensitive\", \"score\": \"1.0\", \"response\": \"Chad (147.1)\", \"feedback\": \"\"}], \"question\": \"Which country had the\\n     highest \\u2018Under five mortality rate\\u2019 in 2013?\", \"version\": \"1.5\", \"last_modified\": 1500908787.81899, \"type\": 1, \"columns\": 100}", "key.id": 5160398642741248, "key": "ag9lfmNmYWZyaWNhLW1vb2NyGwsSDlF1ZXN0aW9uRW50aXR5GICAgICvq5UJDKIBEG5zX3N0b3J5X3RlbGxpbmc"},
    {"key.name": "None", "data": "{\"defaultFeedback\": \"\", \"rows\": 1, \"description\": \"Lab 2 Q2\", \"hint\": \"\\u003Cbr\\u003E\", \"graders\": [{\"matcher\": \"case_insensitive\", \"score\": \"1.0\", \"response\": \"South Sudan (53)\", \"feedback\": \"\"}], \"question\": \"Which country had the highest\\n     rate of neonatal fatalities in 2003?\", \"version\": \"1.5\", \"last_modified\": 1500908872.2190399, \"type\": 1, \"columns\": 100}", "key.id": 5176769984331776, "key": "ag9lfmNmYWZyaWNhLW1vb2NyGwsSDlF1ZXN0aW9uRW50aXR5GICAgIDrh5kJDKIBEG5zX3N0b3J5X3RlbGxpbmc"},
    {"key.name": "None", "data": "{\"defaultFeedback\": \"\", \"rows\": 1, \"description\": \"Aggregate Data Q3\", \"hint\": \"\\u003Cbr\\u003E\", \"graders\": [{\"matcher\": \"case_insensitive\", \"score\": \"1.0\", \"response\": \"Local police reports of abductions, national level data documenting abductions, NGOs doing data collection\", \"feedback\": \"\"}], \"question\": \"Where else could the author have gotten this\\ndata?\", \"version\": \"1.5\", \"last_modified\": 1500901494.9005201, \"type\": 1, \"columns\": 100}", "key.id": 5186378094608384, "key": "ag9lfmNmYWZyaWNhLW1vb2NyGwsSDlF1ZXN0aW9uRW50aXR5GICAgIC8n5sJDKIBEG5zX3N0b3J5X3RlbGxpbmc"},
    {"key.name": "None", "data": "{\"defaultFeedback\": \"\", \"rows\": 1, \"description\": \"Lab 1 Q1\", \"hint\": \"\\u003Cbr\\u003E\", \"graders\": [{\"matcher\": \"case_insensitive\", \"score\": \"1.0\", \"response\": \"South Kordof has highest, South Darfour has lowest.\", \"feedback\": \"\"}], \"question\": \"Which regions have the\\n     highest and lowest rate of Health Visitors per 100,000?\\u003Cspan style=\\\"mso-spacerun:yes\\\"\\u003E \\u003Cbr\\u003E\\u003C/span\\u003E\", \"version\": \"1.5\", \"last_modified\": 1500907840.8059399, \"type\": 1, \"columns\": 100}", "key.id": 5192735183077376, "key": "ag9lfmNmYWZyaWNhLW1vb2NyGwsSDlF1ZXN0aW9uRW50aXR5GICAgIC-2JwJDKIBEG5zX3N0b3J5X3RlbGxpbmc"},
    {"key.name": "None", "data": "{\"defaultFeedback\": \"\", \"rows\": 1, \"description\": \"Ethics Q4\", \"hint\": \"\\u003Cbr\\u003E\", \"graders\": [{\"matcher\": \"case_insensitive\", \"score\": \"1.0\", \"response\": \"People could retaliate or discriminate against individuals whose personal details were released\", \"feedback\": \"\"}], \"question\": \"\\u003Cspan style=\\\"mso-ansi-language:X-NONE;mso-fareast-language:X-NONE;mso-bidi-language:\\n     HI\\\" lang=\\\"X-NONE\\\"\\u003EHow could individuals in this story be impacted by the release of\\n     their personal details?\\u003C/span\\u003E\", \"version\": \"1.5\", \"last_modified\": 1500906207.8183701, \"type\": 1, \"columns\": 100}", "key.id": 5196459188158464, "key": "ag9lfmNmYWZyaWNhLW1vb2NyGwsSDlF1ZXN0aW9uRW50aXR5GICAgIDvxJ0JDKIBEG5zX3N0b3J5X3RlbGxpbmc"},
    {"key.name": "None", "data": "{\"defaultFeedback\": \"\", \"rows\": 1, \"description\": \"Multiple Charts Test 4\", \"hint\": \"\\u003Cbr\\u003E\", \"graders\": [{\"matcher\": \"case_insensitive\", \"score\": \"1.0\", \"response\": \"Advocate for better health infrastructure, persuade governments to invest more in developing cures for neglected diseases, and understand Ebola in the context of other causes of death in the region.\", \"feedback\": \"\"}], \"question\": \"What should they do after seeing this?\\u003Cbr\\u003E\", \"version\": \"1.5\", \"last_modified\": 1500561780.7504599, \"type\": 1, \"columns\": 100}", "key.id": 5206065687822336, "key": "ag9lfmNmYWZyaWNhLW1vb2NyGwsSDlF1ZXN0aW9uRW50aXR5GICAgIC63J8JDKIBEG5zX3N0b3J5X3RlbGxpbmc"},
    {"key.name": "None", "data": "{\"defaultFeedback\": \"\", \"rows\": 1, \"description\": \"Aggregate Data Q4\", \"hint\": \"\\u003Cbr\\u003E\", \"graders\": [{\"matcher\": \"case_insensitive\", \"score\": \"1.0\", \"response\": \"Without showing change over time, it is hard to determine overall if the problem is increasing or decreasing or if it was just an isolated high-profile event.\", \"feedback\": \"\"}], \"question\": \"Why is it important to show the number of\\nabductions over a time period?\", \"version\": \"1.5\", \"last_modified\": 1500901555.4024601, \"type\": 1, \"columns\": 100}", "key.id": 5631383682678784, "key": "ag9lfmNmYWZyaWNhLW1vb2NyGwsSDlF1ZXN0aW9uRW50aXR5GICAgIDrtoAKDKIBEG5zX3N0b3J5X3RlbGxpbmc"},
    {"key.name": "None", "data": "{\"defaultFeedback\": \"\", \"rows\": 1, \"description\": \"Bar Chart Data Q1\", \"hint\": \"\\u003Cbr\\u003E\", \"graders\": [{\"matcher\": \"case_insensitive\", \"score\": \"1.0\", \"response\": \"Afghanistan\", \"feedback\": \"\"}], \"question\": \"\\u003Cspan style=\\\"font-size:11pt;font-family:Calibri;color:#000000;background-color:transparent;font-weight:400;font-style:normal;font-variant:normal;text-decoration:none;vertical-align:baseline;\\\"\\u003EWhich countries produce the most refugees?\\u003C/span\\u003E\", \"version\": \"1.5\", \"last_modified\": 1500898236.57073, \"type\": 1, \"columns\": 100}", "key.id": 5632908932939776, "key": "ag9lfmNmYWZyaWNhLW1vb2NyGwsSDlF1ZXN0aW9uRW50aXR5GICAgICd44AKDKIBEG5zX3N0b3J5X3RlbGxpbmc"},
    {"key.name": "None", "data": "{\"defaultFeedback\": \"\", \"rows\": 1, \"description\": \"Pictogram Data Q1\", \"hint\": \"\\u003Cbr\\u003E\", \"graders\": [{\"matcher\": \"case_insensitive\", \"score\": \"1.0\", \"response\": \"One out of three children.\", \"feedback\": \"\"}], \"question\": \"\\u003Cspan style=\\\"font-size:11pt;font-family:Calibri;color:#000000;background-color:transparent;font-weight:400;font-style:normal;font-variant:normal;text-decoration:none;vertical-align:baseline;\\\"\\u003EHow many children are too short for their age in Kenya?\\u003C/span\\u003E\", \"version\": \"1.5\", \"last_modified\": 1500899012.38414, \"type\": 1, \"columns\": 100}", "key.id": 5636318331666432, "key": "ag9lfmNmYWZyaWNhLW1vb2NyGwsSDlF1ZXN0aW9uRW50aXR5GICAgIC6xoEKDKIBEG5zX3N0b3J5X3RlbGxpbmc"},
    {"key.name": "None", "data": "{\"defaultFeedback\": \"\", \"rows\": 1, \"description\": \"Correlation and Causation Data Q4\", \"hint\": \"\\u003Cbr\\u003E\", \"graders\": [{\"matcher\": \"case_insensitive\", \"score\": \"1.0\", \"response\": \"Brainstorm underlying issues that could be investigated: do unionized companies pay higher than average wages?  Do states with higher protection for union members also have more economic protections for the working class, such as a higher minimum wage? Do working class members who have union membership graduate to the creative class? Do unions smother growth of working class jobs, causing a decrease in the percentage of the working class?  These are all hypotheses to be explored.\", \"feedback\": \"\"}], \"question\": \"\\u003Cspan style=\\\"font-family:Symbol;mso-fareast-font-family:Symbol;mso-bidi-font-family:\\nSymbol\\\"\\u003E\\u003Cspan style=\\\"mso-list:Ignore\\\"\\u003E\\u003Cspan style=\\\"font:7.0pt &quot;Times New Roman&quot;\\\"\\u003E\\u003C/span\\u003E\\u003C/span\\u003E\\u003C/span\\u003EHow would you determine which are causing which?\", \"version\": \"1.5\", \"last_modified\": 1500900966.17296, \"type\": 1, \"columns\": 100}", "key.id": 5638830484881408, "key": "ag9lfmNmYWZyaWNhLW1vb2NyGwsSDlF1ZXN0aW9uRW50aXR5GICAgMDIj4IKDKIBEG5zX3N0b3J5X3RlbGxpbmc"},
    {"key.name": "None", "data": "{\"defaultFeedback\": \"\", \"rows\": 1, \"description\": \"Lab 2 Q3\", \"hint\": \"\\u003Cbr\\u003E\", \"graders\": [{\"matcher\": \"case_insensitive\", \"score\": \"1.0\", \"response\": \"Eritrea (37)\", \"feedback\": \"\"}], \"question\": \"Which country had the\\n     lowest rate of infant deaths in 2012?\", \"version\": \"1.5\", \"last_modified\": 1500908927.0202999, \"type\": 1, \"columns\": 100}", "key.id": 5639274879778816, "key": "ag9lfmNmYWZyaWNhLW1vb2NyGwsSDlF1ZXN0aW9uRW50aXR5GICAgIDAnIIKDKIBEG5zX3N0b3J5X3RlbGxpbmc"},
    {"key.name": "None", "data": "{\"defaultFeedback\": \"\", \"rows\": 1, \"description\": \"Generalizations Data Q3\", \"hint\": \"\\u003Cbr\\u003E\", \"graders\": [{\"matcher\": \"case_insensitive\", \"score\": \"1.0\", \"response\": \"No, no numbers are mentioned about changes in crime rates\", \"feedback\": \"\"}], \"question\": \"Does the story compare\\n     crime over multiple years?\", \"version\": \"1.5\", \"last_modified\": 1500901183.0909901, \"type\": 1, \"columns\": 100}", "key.id": 5642779036221440, "key": "ag9lfmNmYWZyaWNhLW1vb2NyGwsSDlF1ZXN0aW9uRW50aXR5GICAgIC-goMKDKIBEG5zX3N0b3J5X3RlbGxpbmc"},
    {"key.name": "None", "data": "{\"defaultFeedback\": \"\", \"rows\": 1, \"description\": \"Infographic Test\", \"hint\": \"Think big\\u003Cbr\\u003E\", \"graders\": [{\"matcher\": \"case_insensitive\", \"score\": \"1.0\", \"response\": \"General public, policymakers, literate populations. \", \"feedback\": \"\"}], \"question\": \"\\u003Cb\\u003EWho is the audience?\\n\\n\\u003Cspan style=\\\"font-size:13.0pt;line-height:115%;font-family:&quot;Calibri Light&quot;,sans-serif;\\nmso-fareast-font-family:&quot;Times New Roman&quot;;mso-bidi-font-family:Mangal;\\nmso-ansi-language:EN-US;mso-fareast-language:EN-US;mso-bidi-language:EN-US\\\"\\u003E\\u003Cbr style=\\\"page-break-before:always\\\" clear=\\\"all\\\"\\u003E\\n\\u003C/span\\u003E\\u003C/b\\u003E\\n\\n\\u003Ch2\\u003E\\u003Ca name=\\\"_Toc434848749\\\"\\u003E\\u003C/a\\u003E\\u003Ca name=\\\"_Toc430106366\\\"\\u003E\\u003Cspan style=\\\"mso-bookmark:\\n_Toc434848749\\\"\\u003E\\u003C/span\\u003E\\u003C/a\\u003E\\u003C/h2\\u003E\", \"version\": \"1.5\", \"last_modified\": 1500559441.6459999, \"type\": 1, \"columns\": 100}", "key.id": 5644406560391168, "key": "ag9lfmNmYWZyaWNhLW1vb2NyGwsSDlF1ZXN0aW9uRW50aXR5GICAgIDtsYMKDKIBEG5zX3N0b3J5X3RlbGxpbmc"},
    {"key.name": "None", "data": "{\"defaultFeedback\": \"\", \"rows\": 1, \"description\": \"Governnce and Security Data Q3\", \"hint\": \"\\u003Cbr\\u003E\", \"graders\": [{\"matcher\": \"case_insensitive\", \"score\": \"1.0\", \"response\": \"The percentage takes into account the size of the population and gives us a relative amount per 100 people.\", \"feedback\": \"\"}], \"question\": \"What is the difference\\n     between the total number and percentage?\", \"version\": \"1.5\", \"last_modified\": 1500896126.67342, \"type\": 1, \"columns\": 100}", "key.id": 5646239437684736, "key": "ag9lfmNmYWZyaWNhLW1vb2NyGwsSDlF1ZXN0aW9uRW50aXR5GICAgICZ54MKDKIBEG5zX3N0b3J5X3RlbGxpbmc"},
    {"key.name": "None", "data": "{\"defaultFeedback\": \"\", \"rows\": 1, \"description\": \"Data Privacy Q2\", \"hint\": \"\\u003Cbr\\u003E\", \"graders\": [{\"matcher\": \"case_insensitive\", \"score\": \"1.0\", \"response\": \"Pros: People know how to avoid houses or neighborhoods that have been infected. Medical personnel can study patterns of infections:  Cons: People may stigmatize or even attack houses with known Ebola Cases.\", \"feedback\": \"\"}], \"question\": \"\\u003Cp dir=\\\"ltr\\\" style=\\\"line-height:1.3800000000000001;margin-top:0pt;margin-bottom:10pt;\\\"\\u003E\\u003Cspan style=\\\"font-size:11pt;font-family:Calibri;color:#000000;background-color:transparent;font-weight:400;font-style:normal;font-variant:normal;text-decoration:none;vertical-align:baseline;\\\"\\u003EList of individuals infected by Ebola with street addresses\\u003C/span\\u003E\\u003C/p\\u003E\", \"version\": \"1.5\", \"last_modified\": 1500903369.1165099, \"type\": 1, \"columns\": 100}", "key.id": 5649050225344512, "key": "ag9lfmNmYWZyaWNhLW1vb2NyGwsSDlF1ZXN0aW9uRW50aXR5GICAgICAuYQKDKIBEG5zX3N0b3J5X3RlbGxpbmc"},
    {"key.name": "None", "data": "{\"defaultFeedback\": \"\", \"rows\": 1, \"description\": \"Maps Data Q1\", \"hint\": \"\\u003Cbr\\u003E\", \"graders\": [{\"matcher\": \"case_insensitive\", \"score\": \"1.0\", \"response\": \"The maps show geographical difference in the percentage of the population that has access to water and sanitation facilities, the percentage of children who complete primary school and the percentage of households with poor food consumption, or, in other words, are food insecure.\", \"feedback\": \"\"}], \"question\": \"\\u003Cspan style=\\\"font-size:11pt;font-family:Calibri;color:#000000;background-color:transparent;font-weight:400;font-style:normal;font-variant:normal;text-decoration:none;vertical-align:baseline;\\\"\\u003EWhat do these different maps tell you?\\u003C/span\\u003E\", \"version\": \"1.5\", \"last_modified\": 1500898871.8872399, \"type\": 1, \"columns\": 100}", "key.id": 5651124426113024, "key": "ag9lfmNmYWZyaWNhLW1vb2NyGwsSDlF1ZXN0aW9uRW50aXR5GICAgICv9YQKDKIBEG5zX3N0b3J5X3RlbGxpbmc"},
    {"key.name": "None", "data": "{\"defaultFeedback\": \"\", \"rows\": 1, \"description\": \"Maps Data Q2\", \"hint\": \"\\u003Cbr\\u003E\", \"graders\": [{\"matcher\": \"case_insensitive\", \"score\": \"1.0\", \"response\": \"Northern regions have better access to water and sanitation facilities and a higher percentage of children who complete primary school as well as lower rates of food insecurity.  Southern regions are almost the opposite with poor access to water and sanitation facilities and a low percentage of children completing primary school as well as high levels of food insecurity. \", \"feedback\": \"\"}], \"question\": \"\\u003Cspan style=\\\"font-size:11pt;font-family:Calibri;color:#000000;background-color:transparent;font-weight:400;font-style:normal;font-variant:normal;text-decoration:none;vertical-align:baseline;\\\"\\u003EDo you see any trends?\\u003C/span\\u003E\", \"version\": \"1.5\", \"last_modified\": 1500898946.5849099, \"type\": 1, \"columns\": 100}", "key.id": 5652786310021120, "key": "ag9lfmNmYWZyaWNhLW1vb2NyGwsSDlF1ZXN0aW9uRW50aXR5GICAgIDepYUKDKIBEG5zX3N0b3J5X3RlbGxpbmc"},
    {"key.name": "None", "data": "{\"defaultFeedback\": \"\", \"rows\": 1, \"description\": \"Comparisons Data Q2\", \"hint\": \"\\u003Cbr\\u003E\", \"graders\": [{\"matcher\": \"case_insensitive\", \"score\": \"1.0\", \"response\": \"Sudan and Ethiopia have similar rates (1-2%)\", \"feedback\": \"\"}], \"question\": \"\\u003Cspan style=\\\"font-size:11pt;font-family:Calibri;color:#000000;background-color:transparent;font-weight:400;font-style:normal;font-variant:normal;text-decoration:none;vertical-align:baseline;\\\"\\u003EBased on the first map, which countries should\\nwe compare Sudan to?\\u003C/span\\u003E\", \"version\": \"1.5\", \"last_modified\": 1500900146.17097, \"type\": 1, \"columns\": 100}", "key.id": 5656058538229760, "key": "ag9lfmNmYWZyaWNhLW1vb2NyGwsSDlF1ZXN0aW9uRW50aXR5GICAgID8hIYKDKIBEG5zX3N0b3J5X3RlbGxpbmc"},
    {"key.name": "None", "data": "{\"defaultFeedback\": \"\", \"description\": \"End Unit 2 Q3\", \"multiple_selections\": false, \"question\": \"Once you\\u2019ve clicked on \\u201c+Create a New Map\\u201d and given it a title in the \\nMy Maps editor, how would you begin adding locations from a spreadsheet \\nor dataset? \\n            \", \"choices\": [{\"text\": \"\\u003Cspan class=\\\"quiz-card__choice__text ng-binding\\\"\\u003ESelect \\u201cImport\\u201d\\u003C/span\\u003E\", \"score\": 1.0, \"feedback\": \"\"}, {\"text\": \"\\u003Cspan class=\\\"quiz-card__choice__text ng-binding\\\"\\u003EClick on \\u201cBase Map\\u201d \\u003C/span\\u003E\", \"score\": 0.0, \"feedback\": \"\"}, {\"text\": \"\\u003Cspan class=\\\"quiz-card__choice__text ng-binding\\\"\\u003ESelect \\u201cSource\\u201d \\u003C/span\\u003E\\n                    \", \"score\": 0.0, \"feedback\": \"\"}, {\"text\": \"\\u003Cspan class=\\\"quiz-card__choice__text ng-binding\\\"\\u003EDrag and drop your spreadsheet onto the map\\u003C/span\\u003E\", \"score\": 0.0, \"feedback\": \"\"}], \"version\": \"1.5\", \"last_modified\": 1501054798.2458601, \"type\": 0, \"all_or_nothing_grading\": true, \"permute_choices\": true, \"show_answer_when_incorrect\": true}", "key.id": 5659118702428160, "key": "ag9lfmNmYWZyaWNhLW1vb2NyGwsSDlF1ZXN0aW9uRW50aXR5GICAgICE3oYKDKIBEG5zX3N0b3J5X3RlbGxpbmc"},
    {"key.name": "None", "data": "{\"defaultFeedback\": \"\", \"rows\": 1, \"description\": \"Governnce and Security Data Q2\", \"hint\": \"\\u003Cbr\\u003E\", \"graders\": [{\"matcher\": \"case_insensitive\", \"score\": \"1.0\", \"response\": \"Lithuania with 3.2%\", \"feedback\": \"\"}], \"question\": \"Which country has the\\n     highest percentage of inmates?\", \"version\": \"1.5\", \"last_modified\": 1500896052.9430399, \"type\": 1, \"columns\": 100}", "key.id": 5660980839186432, "key": "ag9lfmNmYWZyaWNhLW1vb2NyGwsSDlF1ZXN0aW9uRW50aXR5GICAgICdlIcKDKIBEG5zX3N0b3J5X3RlbGxpbmc"},
    {"key.name": "None", "data": "{\"defaultFeedback\": \"\", \"rows\": 1, \"description\": \"Generalizations Data Q1\", \"hint\": \"\\u003Cbr\\u003E\", \"graders\": [{\"matcher\": \"case_insensitive\", \"score\": \"1.0\", \"response\": \"In the United States\", \"feedback\": \"\"}], \"question\": \"Where does the headline\\n     indicate crime is spiking?\", \"version\": \"1.5\", \"last_modified\": 1500901047.27057, \"type\": 1, \"columns\": 100}", "key.id": 5662543133540352, "key": "ag9lfmNmYWZyaWNhLW1vb2NyGwsSDlF1ZXN0aW9uRW50aXR5GICAgIDZwYcKDKIBEG5zX3N0b3J5X3RlbGxpbmc"},
    {"key.name": "None", "data": "{\"defaultFeedback\": \"\", \"rows\": 1, \"description\": \"Charts Test 3\", \"hint\": \"\\u003Cbr\\u003E\", \"graders\": [{\"matcher\": \"case_insensitive\", \"score\": \"1.0\", \"response\": \"The concentration of refugees in certain countries\", \"feedback\": \"\"}], \"question\": \"\\u003Cspan style=\\\"font-size:11pt;font-family:Calibri;color:#000000;background-color:transparent;font-weight:400;font-style:normal;font-variant:normal;text-decoration:none;vertical-align:baseline;\\\" id=\\\"docs-internal-guid-a704aa08-6043-ed1c-ddc2-8133c0855f27\\\"\\u003EWhat creates an emotional impact?\\u003C/span\\u003E\", \"version\": \"1.5\", \"last_modified\": 1500558828.8420701, \"type\": 1, \"columns\": 100}", "key.id": 5664248772427776, "key": "ag9lfmNmYWZyaWNhLW1vb2NyGwsSDlF1ZXN0aW9uRW50aXR5GICAgICr84cKDKIBEG5zX3N0b3J5X3RlbGxpbmc"},
    {"key.name": "None", "data": "{\"defaultFeedback\": \"\", \"rows\": 1, \"description\": \"Bar Chart Data Q2\", \"hint\": \"\\u003Cbr\\u003E\", \"graders\": [{\"matcher\": \"case_insensitive\", \"score\": \"1.0\", \"response\": \"Six times\", \"feedback\": \"\"}], \"question\": \"\\u003Cspan style=\\\"font-size:11pt;font-family:Calibri;color:#000000;background-color:transparent;font-weight:400;font-style:normal;font-variant:normal;text-decoration:none;vertical-align:baseline;\\\"\\u003EHow many times more refugees come from Afghanistan than from Iraq?\\u003C/span\\u003E\", \"version\": \"1.5\", \"last_modified\": 1500898217.28245, \"type\": 1, \"columns\": 100}", "key.id": 5664902681198592, "key": "ag9lfmNmYWZyaWNhLW1vb2NyGwsSDlF1ZXN0aW9uRW50aXR5GICAgICvhogKDKIBEG5zX3N0b3J5X3RlbGxpbmc"},
    {"key.name": "None", "data": "{\"defaultFeedback\": \"\", \"rows\": 1, \"description\": \"Claim Data Q6\", \"hint\": \"\\u003Cbr\\u003E\", \"graders\": [{\"matcher\": \"case_insensitive\", \"score\": \"1.0\", \"response\": \"Speak with medical researchers and doctors to discuss changing rates.\", \"feedback\": \"\"}], \"question\": \"How can you confirm that there is causation\\nhappening?\", \"version\": \"1.5\", \"last_modified\": 1500902255.6171, \"type\": 1, \"columns\": 100}", "key.id": 5667908084563968, "key": "ag9lfmNmYWZyaWNhLW1vb2NyGwsSDlF1ZXN0aW9uRW50aXR5GICAgIDr3YgKDKIBEG5zX3N0b3J5X3RlbGxpbmc"},
    {"key.name": "None", "data": "{\"defaultFeedback\": \"\", \"rows\": 1, \"description\": \"Claim Data Q3\", \"hint\": \"\\u003Cbr\\u003E\", \"graders\": [{\"matcher\": \"case_insensitive\", \"score\": \"1.0\", \"response\": \"This could be compared to rates of maternal mortality during childbirth, rates of premature births and infant  survival rates\", \"feedback\": \"\"}], \"question\": \"What other maternal complications could you\\ncompare this disease to?\", \"version\": \"1.5\", \"last_modified\": 1500901730.2188399, \"type\": 1, \"columns\": 100}", "key.id": 5669544198668288, "key": "ag9lfmNmYWZyaWNhLW1vb2NyGwsSDlF1ZXN0aW9uRW50aXR5GICAgIC6jYkKDKIBEG5zX3N0b3J5X3RlbGxpbmc"},
    {"key.name": "None", "data": "{\"defaultFeedback\": \"\", \"rows\": 1, \"description\": \"Health Data Q1\", \"hint\": \"\\u003Cbr\\u003E\", \"graders\": [{\"matcher\": \"case_insensitive\", \"score\": \"1.0\", \"response\": \"SARAM Report; Service Delivery Indicators - Where is your Doctor Project; The Standard; Individual counties; Kenya Health Information System 2012; Medical Practitioners and Dentists Board (MPDU); SDI report Kenya; Kenya SDI country report embargoed\", \"feedback\": \"\"}], \"question\": \"Where does the data come\\n     from?\", \"version\": \"1.5\", \"last_modified\": 1500896634.7283499, \"type\": 1, \"columns\": 100}", "key.id": 5672749318012928, "key": "ag9lfmNmYWZyaWNhLW1vb2NyGwsSDlF1ZXN0aW9uRW50aXR5GICAgIDe6okKDKIBEG5zX3N0b3J5X3RlbGxpbmc"},
    {"key.name": "None", "data": "{\"defaultFeedback\": \"\", \"rows\": 1, \"description\": \"Maps Test 3\", \"hint\": \"\\u003Cbr\\u003E\", \"graders\": [{\"matcher\": \"case_insensitive\", \"score\": \"1.0\", \"response\": \"The size of the bubbles, the diseases, which are all preventable\", \"feedback\": \"\"}], \"question\": \"What creates an emotional impact?\\u003Cbr\\u003E\", \"version\": \"1.5\", \"last_modified\": 1500560124.1010699, \"type\": 1, \"columns\": 100}", "key.id": 5676073085829120, "key": "ag9lfmNmYWZyaWNhLW1vb2NyGwsSDlF1ZXN0aW9uRW50aXR5GICAgIC8y4oKDKIBEG5zX3N0b3J5X3RlbGxpbmc"},
    {"key.name": "None", "data": "{\"defaultFeedback\": \"\", \"description\": \"End Unit 2 Q6\", \"multiple_selections\": false, \"question\": \"The Google News Lab team provides custom assets for journalists to incorporate in their reporting using these tools:\\n            \", \"choices\": [{\"text\": \"\\u003Cspan class=\\\"quiz-card__choice__text ng-binding\\\"\\u003EGoogle Scholar and Google Earth Pro\\u003C/span\\u003E\\n                    \", \"score\": 0.0, \"feedback\": \"\"}, {\"text\": \"\\u003Cspan class=\\\"quiz-card__choice__text ng-binding\\\"\\u003EGoogle Maps and Google News\\u003C/span\\u003E\", \"score\": 0.0, \"feedback\": \"\"}, {\"text\": \"\\u003Cspan class=\\\"quiz-card__choice__text ng-binding\\\"\\u003EGoogle Earth Pro and Google Maps\\u003C/span\\u003E\", \"score\": 1.0, \"feedback\": \"\"}, {\"text\": \"\\u003Cspan class=\\\"quiz-card__choice__text ng-binding\\\"\\u003EGoogle Public Data Explorer and Google Maps\\u003C/span\\u003E\", \"score\": 0.0, \"feedback\": \"\"}], \"version\": \"1.5\", \"last_modified\": 1501054983.46895, \"type\": 0, \"all_or_nothing_grading\": true, \"permute_choices\": true, \"show_answer_when_incorrect\": true}", "key.id": 5676830073815040, "key": "ag9lfmNmYWZyaWNhLW1vb2NyGwsSDlF1ZXN0aW9uRW50aXR5GICAgIDA4YoKDKIBEG5zX3N0b3J5X3RlbGxpbmc"},
    {"key.name": "None", "data": "{\"defaultFeedback\": \"\", \"rows\": 1, \"description\": \"Lab 1 Q2\", \"hint\": \"\\u003Cbr\\u003E\", \"graders\": [{\"matcher\": \"case_insensitive\", \"score\": \"1.0\", \"response\": \"North Darfour has highest, Khartoum has lowest\", \"feedback\": \"\"}], \"question\": \"Which regions have the\\n     highest and lowest number of Mid Wives per 100,000?\", \"version\": \"1.5\", \"last_modified\": 1500907890.9247501, \"type\": 1, \"columns\": 100}", "key.id": 5677751478517760, "key": "ag9lfmNmYWZyaWNhLW1vb2NyGwsSDlF1ZXN0aW9uRW50aXR5GICAgMCo_IoKDKIBEG5zX3N0b3J5X3RlbGxpbmc"},
    {"key.name": "None", "data": "{\"defaultFeedback\": \"\", \"rows\": 1, \"description\": \"Economic Data Q3\", \"hint\": \"\\u003Cbr\\u003E\", \"graders\": [{\"matcher\": \"case_insensitive\", \"score\": \"1.0\", \"response\": \"Centre\", \"feedback\": \"\"}], \"question\": \"What about calculated per\\n     capita?\", \"version\": \"1.5\", \"last_modified\": 1500897254.77584, \"type\": 1, \"columns\": 100}", "key.id": 5679413765079040, "key": "ag9lfmNmYWZyaWNhLW1vb2NyGwsSDlF1ZXN0aW9uRW50aXR5GICAgIDZrIsKDKIBEG5zX3N0b3J5X3RlbGxpbmc"},
    {"key.name": "None", "data": "{\"defaultFeedback\": \"\", \"rows\": 1, \"description\": \"Maps Test 1\", \"hint\": \"\\u003Cbr\\u003E\", \"graders\": [{\"matcher\": \"case_insensitive\", \"score\": \"1.0\", \"response\": \"Policymakers, international organizations, the medical community\", \"feedback\": \"\"}], \"question\": \"Who is the Audience?\\u003Cbr\\u003E\", \"version\": \"1.5\", \"last_modified\": 1500559963.5492201, \"type\": 1, \"columns\": 100}", "key.id": 5681034041491456, "key": "ag9lfmNmYWZyaWNhLW1vb2NyGwsSDlF1ZXN0aW9uRW50aXR5GICAgIDt24sKDKIBEG5zX3N0b3J5X3RlbGxpbmc"},
    {"key.name": "None", "data": "{\"defaultFeedback\": \"\", \"rows\": 1, \"description\": \"Health Data Q2\", \"hint\": \"\\u003Cbr\\u003E\", \"graders\": [{\"matcher\": \"case_insensitive\", \"score\": \"1.0\", \"response\": \"The map permits quick comparisons of how different countries are doing compared to each other and allows the reader to identify and explore regional patterns\", \"feedback\": \"\"}], \"question\": \"What does the map add to\\n     understanding the issue?\", \"version\": \"1.5\", \"last_modified\": 1500896953.18453, \"type\": 1, \"columns\": 100}", "key.id": 5682617542246400, "key": "ag9lfmNmYWZyaWNhLW1vb2NyGwsSDlF1ZXN0aW9uRW50aXR5GICAgID4iYwKDKIBEG5zX3N0b3J5X3RlbGxpbmc"},
    {"key.name": "None", "data": "{\"defaultFeedback\": \"\", \"rows\": 1, \"description\": \"Claim Data Q4\", \"hint\": \"\\u003Cbr\\u003E\", \"graders\": [{\"matcher\": \"case_insensitive\", \"score\": \"1.0\", \"response\": \"It isn\\u2019t clear how the data was collected and there is no report linked to the story to check the accuracy of the data\", \"feedback\": \"\"}], \"question\": \"Do you trust the data?\", \"version\": \"1.5\", \"last_modified\": 1500901775.40892, \"type\": 1, \"columns\": 100}", "key.id": 5684453372329984, "key": "ag9lfmNmYWZyaWNhLW1vb2NyGwsSDlF1ZXN0aW9uRW50aXR5GICAgICvv4wKDKIBEG5zX3N0b3J5X3RlbGxpbmc"},
    {"key.name": "None", "data": "{\"defaultFeedback\": \"\", \"rows\": 1, \"description\": \"Scatter Plot Data Q2\", \"hint\": \"\\u003Cbr\\u003E\", \"graders\": [{\"matcher\": \"case_insensitive\", \"score\": \"1.0\", \"response\": \"A measure of the price of a Big Mac (the bigger the number, the higher the price).\", \"feedback\": \"\"}], \"question\": \"\\u003Cspan style=\\\"font-size:11pt;font-family:Calibri;color:#000000;background-color:transparent;font-weight:400;font-style:normal;font-variant:normal;text-decoration:none;vertical-align:baseline;\\\"\\u003EWhat does the Y axis indicate?\\u003C/span\\u003E\", \"version\": \"1.5\", \"last_modified\": 1500898691.8742399, \"type\": 1, \"columns\": 100}", "key.id": 5684666375864320, "key": "ag9lfmNmYWZyaWNhLW1vb2NyGwsSDlF1ZXN0aW9uRW50aXR5GICAgMDIxYwKDKIBEG5zX3N0b3J5X3RlbGxpbmc"},
    {"key.name": "None", "data": "{\"defaultFeedback\": \"\", \"rows\": 1, \"description\": \"Lab 1 Q3\", \"hint\": \"\\u003Cbr\\u003E\", \"graders\": [{\"matcher\": \"case_insensitive\", \"score\": \"1.0\", \"response\": \"13.62%\", \"feedback\": \"\"}], \"question\": \"Calculate what percentage\\n     of Sudan\\u2019s population lives in Gazeria\", \"version\": \"1.5\", \"last_modified\": 1500907997.4493799, \"type\": 1, \"columns\": 100}", "key.id": 5685265389584384, "key": "ag9lfmNmYWZyaWNhLW1vb2NyGwsSDlF1ZXN0aW9uRW50aXR5GICAgICA14wKDKIBEG5zX3N0b3J5X3RlbGxpbmc"},
    {"key.name": "None", "data": "{\"defaultFeedback\": \"\", \"rows\": 1, \"description\": \"Infographic Test 4\", \"hint\": \"What does the infographic advocate for them to do?\\u003Cbr\\u003E\", \"graders\": [{\"matcher\": \"case_insensitive\", \"score\": \"1.0\", \"response\": \"Donate to UNICEF, advocate for better antenatal care\", \"feedback\": \"\"}], \"question\": \"\\u003Cb\\u003E\\u003Cspan class=\\\"yui-tag-span yui-tag\\\" tag=\\\"span\\\" style=\\\"font-size: 13px; color: rgb(0, 0, 0); background-color: transparent;\\\"\\u003E\\u003Cspan class=\\\"yui-tag-span yui-tag\\\" tag=\\\"span\\\" style=\\\"font-size: 12px; color: rgb(0, 0, 0); background-color: transparent;\\\"\\u003E\\u003Cspan class=\\\"yui-tag-span yui-tag\\\" tag=\\\"span\\\" style=\\\"font-size: 13px; color: rgb(0, 0, 0); background-color: transparent;\\\"\\u003E\\u003Cspan class=\\\"yui-tag-span yui-tag\\\" tag=\\\"span\\\" style=\\\"font-size: 12px; color: rgb(0, 0, 0); background-color: transparent;\\\"\\u003E\\u003Cspan class=\\\"yui-tag-span yui-tag\\\" tag=\\\"span\\\" style=\\\"font-size: 13px; color: rgb(0, 0, 0); background-color: transparent;\\\"\\u003E\\u003Cspan class=\\\"yui-tag-span yui-tag\\\" tag=\\\"span\\\" style=\\\"font-size: 12px; color: rgb(0, 0, 0); background-color: transparent;\\\"\\u003E\\u003Cspan class=\\\"yui-tag-span yui-tag\\\" tag=\\\"span\\\" style=\\\"font-size: 13px; color: rgb(0, 0, 0); background-color: transparent;\\\"\\u003E\\u003Cspan class=\\\"yui-tag-span yui-tag\\\" tag=\\\"span\\\" style=\\\"font-size: 12px; color: rgb(0, 0, 0); background-color: transparent;\\\"\\u003E\\u003Cspan class=\\\"yui-tag-span yui-tag\\\" tag=\\\"span\\\" style=\\\"font-size: 13px; color: rgb(0, 0, 0); background-color: transparent;\\\"\\u003E\\u003Cspan class=\\\"yui-tag-span yui-tag\\\" tag=\\\"span\\\" style=\\\"font-size: 12px; color: rgb(0, 0, 0); background-color: transparent;\\\"\\u003E\\u003Cspan style=\\\"font-size: 11pt; color: rgb(0, 0, 0); background-color: transparent; font-style: normal; font-variant: normal; text-decoration: none; vertical-align: baseline;\\\" id=\\\"docs-internal-guid-a704aa08-603a-c1c0-293d-a9ca56f83417\\\"\\u003EWhat should they do after seeing this?\\u003C/span\\u003E\\u003C/span\\u003E\\u003C/span\\u003E\\u003C/span\\u003E\\u003C/span\\u003E\\u003C/span\\u003E\\u003C/span\\u003E\\u003C/span\\u003E\\u003C/span\\u003E\\u003C/span\\u003E\\u003C/span\\u003E\\u003C/b\\u003E\", \"version\": \"1.5\", \"last_modified\": 1500559520.7419901, \"type\": 1, \"columns\": 100}", "key.id": 5687539843203072, "key": "ag9lfmNmYWZyaWNhLW1vb2NyGwsSDlF1ZXN0aW9uRW50aXR5GICAgICZmY0KDKIBEG5zX3N0b3J5X3RlbGxpbmc"},
    {"key.name": "None", "data": "{\"defaultFeedback\": \"\", \"rows\": 1, \"description\": \"Coincidence Data Q1\", \"hint\": \"\\u003Cbr\\u003E\", \"graders\": [{\"matcher\": \"case_insensitive\", \"score\": \"1.0\", \"response\": \"Per capita chocolate consumption causes a country to receive Nobel Prizes or Nobel Prizes cause people to eat more chocolate in a country.\", \"feedback\": \"\"}], \"question\": \"What could the possible\\n     relationships between the two variables be?\", \"version\": \"1.5\", \"last_modified\": 1500900500.8431599, \"type\": 1, \"columns\": 100}", "key.id": 5689413791121408, "key": "ag9lfmNmYWZyaWNhLW1vb2NyGwsSDlF1ZXN0aW9uRW50aXR5GICAgIDez40KDKIBEG5zX3N0b3J5X3RlbGxpbmc"},
    {"key.name": "None", "data": "{\"defaultFeedback\": \"\", \"rows\": 1, \"description\": \"Charts Test 4\", \"hint\": \"\\u003Cbr\\u003E\", \"graders\": [{\"matcher\": \"case_insensitive\", \"score\": \"1.0\", \"response\": \"Participate in the public debate about the refugee crisis, explore the topic more in-depth, advocate for migration policies\", \"feedback\": \"\"}], \"question\": \"\\u003Cspan style=\\\"font-size:11pt;font-family:Calibri;color:#000000;background-color:transparent;font-weight:400;font-style:normal;font-variant:normal;text-decoration:none;vertical-align:baseline;\\\" id=\\\"docs-internal-guid-a704aa08-6044-90ed-a5c3-11920bd56842\\\"\\u003EWhat should they do after seeing this?\\u003C/span\\u003E\", \"version\": \"1.5\", \"last_modified\": 1500558883.83956, \"type\": 1, \"columns\": 100}", "key.id": 5692462144159744, "key": "ag9lfmNmYWZyaWNhLW1vb2NyGwsSDlF1ZXN0aW9uRW50aXR5GICAgIC6qI4KDKIBEG5zX3N0b3J5X3RlbGxpbmc"},
    {"key.name": "None", "data": "{\"defaultFeedback\": \"\", \"description\": \"End Unit 2 Q5\", \"multiple_selections\": false, \"question\": \"Which of the following is NOT true about publishing your map?\\n\", \"choices\": [{\"text\": \"\\u003Cspan class=\\\"quiz-card__choice__text ng-binding\\\"\\u003EYour map is private until you publish it.\\u003C/span\\u003E\", \"score\": 0.0, \"feedback\": \"\"}, {\"text\": \"\\u003Cspan class=\\\"quiz-card__choice__text ng-binding\\\"\\u003EYou can share your map via link\\u003C/span\\u003E\", \"score\": 0.0, \"feedback\": \"\"}, {\"text\": \"\\u003Cspan class=\\\"quiz-card__choice__text ng-binding\\\"\\u003EYou can password protect your map\\u003C/span\\u003E\\n                    \", \"score\": 1.0, \"feedback\": \"\"}, {\"text\": \"\\u003Cspan class=\\\"quiz-card__choice__text ng-binding\\\"\\u003EYou can share your map only with specified users\\u003C/span\\u003E\", \"score\": 0.0, \"feedback\": \"\"}], \"version\": \"1.5\", \"last_modified\": 1501054766.2544601, \"type\": 0, \"all_or_nothing_grading\": true, \"permute_choices\": true, \"show_answer_when_incorrect\": true}", "key.id": 5695872079757312, "key": "ag9lfmNmYWZyaWNhLW1vb2NyGwsSDlF1ZXN0aW9uRW50aXR5GICAgIDZi48KDKIBEG5zX3N0b3J5X3RlbGxpbmc"},
    {"key.name": "None", "data": "{\"defaultFeedback\": \"\", \"rows\": 1, \"description\": \"Bar Chart Data Q3\", \"hint\": \"\\u003Cbr\\u003E\", \"graders\": [{\"matcher\": \"case_insensitive\", \"score\": \"1.0\", \"response\": \"The source is listed as the United Nations Refugee Agency (UNHCR) so we can go to the UNHCR and verify or get updated data.\", \"feedback\": \"\"}], \"question\": \"\\u003Cspan style=\\\"font-size:11pt;font-family:Calibri;color:#000000;background-color:transparent;font-weight:400;font-style:normal;font-variant:normal;text-decoration:none;vertical-align:baseline;\\\"\\u003EWhat tells you that you can verify the data in this chart?\\u003C/span\\u003E\", \"version\": \"1.5\", \"last_modified\": 1500898352.2840199, \"type\": 1, \"columns\": 100}", "key.id": 5697423099822080, "key": "ag9lfmNmYWZyaWNhLW1vb2NyGwsSDlF1ZXN0aW9uRW50aXR5GICAgIDruI8KDKIBEG5zX3N0b3J5X3RlbGxpbmc"},
    {"key.name": "None", "data": "{\"defaultFeedback\": \"\", \"rows\": 1, \"description\": \"Governance and Security Data Q6\", \"hint\": \"\\u003Cbr\\u003E\", \"graders\": [{\"matcher\": \"case_insensitive\", \"score\": \"1.0\", \"response\": \"The justice system may be strong or weak at investigative certain kind of crimes.  The kinds of crime they are good at investigative and prosecuting will be overrepresented in the prison population and those that they are bad at or are difficult to investigative will be underrepresented.\", \"feedback\": \"\"}], \"question\": \"How does the effectiveness\\n     of the justice system influence this data?\", \"version\": \"1.5\", \"last_modified\": 1500896401.23595, \"type\": 1, \"columns\": 100}", "key.id": 5699257587728384, "key": "ag9lfmNmYWZyaWNhLW1vb2NyGwsSDlF1ZXN0aW9uRW50aXR5GICAgICd7o8KDKIBEG5zX3N0b3J5X3RlbGxpbmc"},
    {"key.name": "None", "data": "{\"defaultFeedback\": \"\", \"rows\": 1, \"description\": \"Infographic Test 3\", \"hint\": \"What about the infographic stands out?\\u003Cbr\\u003E\", \"graders\": [{\"matcher\": \"case_insensitive\", \"score\": \"1.0\", \"response\": \"The photo of the baby and the pictograms of babies\", \"feedback\": \"\"}], \"question\": \"What creates an emotional\\n     impact?\", \"version\": \"1.5\", \"last_modified\": 1500558189.14729, \"type\": 1, \"columns\": 100}", "key.id": 5700305828184064, "key": "ag9lfmNmYWZyaWNhLW1vb2NyGwsSDlF1ZXN0aW9uRW50aXR5GICAgIDejJAKDKIBEG5zX3N0b3J5X3RlbGxpbmc"},
    {"key.name": "None", "data": "{\"defaultFeedback\": \"\", \"rows\": 1, \"description\": \"Comparisons Data Q1\", \"hint\": \"\\u003Cbr\\u003E\", \"graders\": [{\"matcher\": \"case_insensitive\", \"score\": \"1.0\", \"response\": \"The first map provides recent rates of HIV in African countries\", \"feedback\": \"\"}], \"question\": \"What is the advantage of the first map?\", \"version\": \"1.5\", \"last_modified\": 1500900067.72733, \"type\": 1, \"columns\": 100}", "key.id": 5702666986455040, "key": "ag9lfmNmYWZyaWNhLW1vb2NyGwsSDlF1ZXN0aW9uRW50aXR5GICAgIC60ZAKDKIBEG5zX3N0b3J5X3RlbGxpbmc"},
    {"key.name": "None", "data": "{\"defaultFeedback\": \"\", \"rows\": 1, \"description\": \"Maps Test 2\", \"hint\": \"\\u003Cbr\\u003E\", \"graders\": [{\"matcher\": \"case_insensitive\", \"score\": \"1.0\", \"response\": \"Many preventable disease outbreaks are occurring in many parts of the world, measles outbreaks are common and severe in many places\", \"feedback\": \"\"}], \"question\": \"What information are they supposed to retain?\\u003Cbr\\u003E\", \"version\": \"1.5\", \"last_modified\": 1500560015.53842, \"type\": 1, \"columns\": 100}", "key.id": 5705241014042624, "key": "ag9lfmNmYWZyaWNhLW1vb2NyGwsSDlF1ZXN0aW9uRW50aXR5GICAgICvnJEKDKIBEG5zX3N0b3J5X3RlbGxpbmc"},
    {"key.name": "None", "data": "{\"defaultFeedback\": \"\", \"rows\": 1, \"description\": \"Ethics Q3\", \"hint\": \"\\u003Cbr\\u003E\", \"graders\": [{\"matcher\": \"case_insensitive\", \"score\": \"1.0\", \"response\": \"Without the personal data, the story would still have information about threats by zone, just not by specific address.\", \"feedback\": \"\"}], \"question\": \"\\u003Cp dir=\\\"ltr\\\" style=\\\"line-height:1.3800000000000001;margin-top:0pt;margin-bottom:10pt;\\\"\\u003E\\u003Cspan style=\\\"font-size:11pt;font-family:Calibri;color:#000000;background-color:transparent;font-weight:400;font-style:normal;font-variant:normal;text-decoration:none;vertical-align:baseline;\\\"\\u003EWhat would the story lose of the personal data was removed? \\u003C/span\\u003E\\u003C/p\\u003E\", \"version\": \"1.5\", \"last_modified\": 1500906234.81738, \"type\": 1, \"columns\": 100}", "key.id": 5706163895140352, "key": "ag9lfmNmYWZyaWNhLW1vb2NyGwsSDlF1ZXN0aW9uRW50aXR5GICAgICdt5EKDKIBEG5zX3N0b3J5X3RlbGxpbmc"},
    {"key.name": "None", "data": "{\"defaultFeedback\": \"\", \"rows\": 1, \"description\": \"Claim Data Q5\", \"hint\": \"\\u003Cbr\\u003E\", \"graders\": [{\"matcher\": \"case_insensitive\", \"score\": \"1.0\", \"response\": \"Budget information for fistula treatment, comparison on staffing for maternal health, comparison of other countries that have launches similar campaigns against fistulas\", \"feedback\": \"\"}], \"question\": \"What other data would you want to assure you\\nthat there is a trend?\", \"version\": \"1.5\", \"last_modified\": 1500902208.96224, \"type\": 1, \"columns\": 100}", "key.id": 5706803308396544, "key": "ag9lfmNmYWZyaWNhLW1vb2NyGwsSDlF1ZXN0aW9uRW50aXR5GICAgIDryZEKDKIBEG5zX3N0b3J5X3RlbGxpbmc"},
    {"key.name": "None", "data": "{\"defaultFeedback\": \"\", \"rows\": 1, \"description\": \"Economic Data Q2\", \"hint\": \"\\u003Cbr\\u003E\", \"graders\": [{\"matcher\": \"case_insensitive\", \"score\": \"1.0\", \"response\": \"Centre\", \"feedback\": \"\"}], \"question\": \"Which region under that\\n     ministry has the biggest budget?\", \"version\": \"1.5\", \"last_modified\": 1500897210.27865, \"type\": 1, \"columns\": 100}", "key.id": 5712536552865792, "key": "ag9lfmNmYWZyaWNhLW1vb2NyGwsSDlF1ZXN0aW9uRW50aXR5GICAgIDZ8JIKDKIBEG5zX3N0b3J5X3RlbGxpbmc"},
    {"key.name": "None", "data": "{\"defaultFeedback\": \"\", \"rows\": 1, \"description\": \"Aggregate Data Q1\", \"hint\": \"\\u003Cbr\\u003E\", \"graders\": [{\"matcher\": \"case_insensitive\", \"score\": \"1.0\", \"response\": \"The author was trying to paint a picture of the number of abductions in Nigeria over time.\", \"feedback\": \"\"}], \"question\": \"What was the author trying to accomplish in\\naccessing aggregate data about the number of abductions in Nigeria?\", \"version\": \"1.5\", \"last_modified\": 1500901342.1977999, \"type\": 1, \"columns\": 100}", "key.id": 5714163003293696, "key": "ag9lfmNmYWZyaWNhLW1vb2NyGwsSDlF1ZXN0aW9uRW50aXR5GICAgICEoJMKDKIBEG5zX3N0b3J5X3RlbGxpbmc"},
    {"key.name": "None", "data": "{\"defaultFeedback\": \"\", \"rows\": 1, \"description\": \"Charts Test 1\", \"hint\": \"\\u003Cbr\\u003E\", \"graders\": [{\"matcher\": \"case_insensitive\", \"score\": \"1.0\", \"response\": \"General news consumers, people who read about the migrant crisis but do not know where all the refugees go, policy makers\", \"feedback\": \"\"}], \"question\": \"Who is the audience?\", \"version\": \"1.5\", \"last_modified\": 1500558668.9461901, \"type\": 1, \"columns\": 100}", "key.id": 5715999101812736, "key": "ag9lfmNmYWZyaWNhLW1vb2NyGwsSDlF1ZXN0aW9uRW50aXR5GICAgIC81ZMKDKIBEG5zX3N0b3J5X3RlbGxpbmc"},
    {"key.name": "None", "data": "{\"defaultFeedback\": \"\", \"rows\": 1, \"description\": \"Misleading Data Q4\", \"hint\": \"\\u003Cbr\\u003E\", \"graders\": [{\"matcher\": \"case_insensitive\", \"score\": \"1.0\", \"response\": \"All the headlines are correct because they are within the margin of error of the data, calculated by the sample size \", \"feedback\": \"\"}], \"question\": \"Why are all the headlines possibly correct?\", \"version\": \"1.5\", \"last_modified\": 1500905149.9240999, \"type\": 1, \"columns\": 100}", "key.id": 5716646702350336, "key": "ag9lfmNmYWZyaWNhLW1vb2NyGwsSDlF1ZXN0aW9uRW50aXR5GICAgMCo6JMKDKIBEG5zX3N0b3J5X3RlbGxpbmc"},
    {"key.name": "None", "data": "{\"defaultFeedback\": \"\", \"description\": \"End Unit 2 Q4\", \"multiple_selections\": false, \"question\": \"How many base map styles can you choose from?\\n\", \"choices\": [{\"text\": \"12\", \"score\": 0.0, \"feedback\": \"\"}, {\"text\": \"3\", \"score\": 0.0, \"feedback\": \"\"}, {\"text\": \"9\", \"score\": 1.0, \"feedback\": \"\"}, {\"text\": \"6\", \"score\": 0.0, \"feedback\": \"\"}], \"version\": \"1.5\", \"last_modified\": 1501054782.2418699, \"type\": 0, \"all_or_nothing_grading\": true, \"permute_choices\": true, \"show_answer_when_incorrect\": true}", "key.id": 5717271485874176, "key": "ag9lfmNmYWZyaWNhLW1vb2NyGwsSDlF1ZXN0aW9uRW50aXR5GICAgIDA-pMKDKIBEG5zX3N0b3J5X3RlbGxpbmc"},
    {"key.name": "None", "data": "{\"defaultFeedback\": \"\", \"rows\": 1, \"description\": \"Assessing Data Reliability Q1\", \"hint\": \"\\u003Cbr\\u003E\", \"graders\": [{\"matcher\": \"case_insensitive\", \"score\": \"1.0\", \"response\": \"Maharashtra (204)\", \"feedback\": \"\"}], \"question\": \"\\u003Cspan style=\\\"font-size:11pt;font-family:Calibri;color:#000000;background-color:transparent;font-weight:400;font-style:normal;font-variant:normal;text-decoration:none;vertical-align:baseline;\\\"\\u003EWhich state had the largest number of disease outbreaks?\\u003C/span\\u003E\", \"version\": \"1.5\", \"last_modified\": 1500899198.38427, \"type\": 1, \"columns\": 100}", "key.id": 5719238044024832, "key": "ag9lfmNmYWZyaWNhLW1vb2NyGwsSDlF1ZXN0aW9uRW50aXR5GICAgIDes5QKDKIBEG5zX3N0b3J5X3RlbGxpbmc"},
    {"key.name": "None", "data": "{\"defaultFeedback\": \"\", \"rows\": 1, \"description\": \"Correlation and Causation Data Q1\", \"hint\": \"\\u003Cbr\\u003E\", \"graders\": [{\"matcher\": \"case_insensitive\", \"score\": \"1.0\", \"response\": \"Higher income causes people to join unions. Joining unions causes higher income. Another variable causes higher income and union membership. It is a coincidence that in states with higher union membership, income is also higher.\", \"feedback\": \"\"}], \"question\": \"\\u003Cspan style=\\\"font-family:Symbol;mso-fareast-font-family:Symbol;mso-bidi-font-family:\\nSymbol\\\"\\u003E\\u003Cspan style=\\\"mso-list:Ignore\\\"\\u003E\\u003Cspan style=\\\"font:7.0pt &quot;Times New Roman&quot;\\\"\\u003E\\u003C/span\\u003E\\u003C/span\\u003E\\u003C/span\\u003EWhat are the possible relationships between\\nunionization and higher income?\", \"version\": \"1.5\", \"last_modified\": 1500900731.28286, \"type\": 1, \"columns\": 100}", "key.id": 5723348596162560, "key": "ag9lfmNmYWZyaWNhLW1vb2NyGwsSDlF1ZXN0aW9uRW50aXR5GICAgICvq5UKDKIBEG5zX3N0b3J5X3RlbGxpbmc"},
    {"key.name": "None", "data": "{\"defaultFeedback\": \"\", \"rows\": 1, \"description\": \"Misleading Data Q3\", \"hint\": \"\\u003Cbr\\u003E\", \"graders\": [{\"matcher\": \"case_insensitive\", \"score\": \"1.0\", \"response\": \"The moving bars represent all the possibilities of outcomes for the same months based on different random samples of employers\", \"feedback\": \"\"}], \"question\": \"What do the moving bars represent?\", \"version\": \"1.5\", \"last_modified\": 1500905083.8127601, \"type\": 1, \"columns\": 100}", "key.id": 5724160613416960, "key": "ag9lfmNmYWZyaWNhLW1vb2NyGwsSDlF1ZXN0aW9uRW50aXR5GICAgICAw5UKDKIBEG5zX3N0b3J5X3RlbGxpbmc"},
    {"key.name": "None", "data": "{\"defaultFeedback\": \"\", \"rows\": 1, \"description\": \"Multiple Charts Test 3\", \"hint\": \"\\u003Cbr\\u003E\", \"graders\": [{\"matcher\": \"case_insensitive\", \"score\": \"1.0\", \"response\": \"The Ebola crisis was preventable, the low level of spending to address diseases that affect so many people\", \"feedback\": \"\"}], \"question\": \"What creates an emotional impact?\\u003Cbr\\u003E\", \"version\": \"1.5\", \"last_modified\": 1500561721.4456401, \"type\": 1, \"columns\": 100}", "key.id": 5725107787923456, "key": "ag9lfmNmYWZyaWNhLW1vb2NyGwsSDlF1ZXN0aW9uRW50aXR5GICAgMDI3pUKDKIBEG5zX3N0b3J5X3RlbGxpbmc"},
    {"key.name": "None", "data": "{\"defaultFeedback\": \"\", \"rows\": 1, \"description\": \"Governance and Security Data Q4\", \"hint\": \"\\u003Cbr\\u003E\", \"graders\": [{\"matcher\": \"case_insensitive\", \"score\": \"1.0\", \"response\": \"We don\\u2019t know.  The most people are in prison for murder.\", \"feedback\": \"\"}], \"question\": \"What is the most common\\n     crime in Lithuania? How do you know?\", \"version\": \"1.5\", \"last_modified\": 1500896237.0701399, \"type\": 1, \"columns\": 100}", "key.id": 5726607939469312, "key": "ag9lfmNmYWZyaWNhLW1vb2NyGwsSDlF1ZXN0aW9uRW50aXR5GICAgICdipYKDKIBEG5zX3N0b3J5X3RlbGxpbmc"},
    {"key.name": "None", "data": "{\"defaultFeedback\": \"\", \"rows\": 1, \"description\": \"Data Privacy Q4\", \"hint\": \"\\u003Cbr\\u003E\", \"graders\": [{\"matcher\": \"case_insensitive\", \"score\": \"1.0\", \"response\": \"Pros: the public can avoid hospitals with high fatality rates and advocate for better security at prisons with high fatality rates.  Cons: hospitals that do more high risk operations or prisons who take more high security risk inmates may be discriminated against by clients or funder\", \"feedback\": \"\"}], \"question\": \"Names of locations of hospitals and prisons with\\nthe highest fatality rates\", \"version\": \"1.5\", \"last_modified\": 1500903499.5778301, \"type\": 1, \"columns\": 100}", "key.id": 5729201025974272, "key": "ag9lfmNmYWZyaWNhLW1vb2NyGwsSDlF1ZXN0aW9uRW50aXR5GICAgIDZ1ZYKDKIBEG5zX3N0b3J5X3RlbGxpbmc"},
    {"key.name": "None", "data": "{\"defaultFeedback\": \"\", \"rows\": 1, \"description\": \"Governance and Security Data Q1\", \"hint\": \"\\u003Cbr\\u003E\", \"graders\": [{\"matcher\": \"case_insensitive\", \"score\": \"1.0\", \"response\": \"Turkey with 145,615\", \"feedback\": \"\"}], \"question\": \"Which country has the\\n     highest number of inmates?\", \"version\": \"1.5\", \"last_modified\": 1500895967.48087, \"type\": 1, \"columns\": 100}", "key.id": 5730082031140864, "key": "ag9lfmNmYWZyaWNhLW1vb2NyGwsSDlF1ZXN0aW9uRW50aXR5GICAgICr75YKDKIBEG5zX3N0b3J5X3RlbGxpbmc"},
    {"key.name": "None", "data": "{\"defaultFeedback\": \"\", \"rows\": 1, \"description\": \"Infographic Test 2\", \"hint\": \"What are the risks attached to the neonatal period?\\u003Cbr\\u003E\", \"graders\": [{\"matcher\": \"case_insensitive\", \"score\": \"1.0\", \"response\": \"The neonatal period is dangerous for children, the problem is worse for developing countries, the younger the baby, the more at risk, possible solutions\", \"feedback\": \"\"}], \"question\": \"What information are they supposed to retain?\\u003Cbr\\u003E\", \"version\": \"1.5\", \"last_modified\": 1500559226.0534201, \"type\": 1, \"columns\": 100}", "key.id": 5732568548769792, "key": "ag9lfmNmYWZyaWNhLW1vb2NyGwsSDlF1ZXN0aW9uRW50aXR5GICAgIDat5cKDKIBEG5zX3N0b3J5X3RlbGxpbmc"},
    {"key.name": "None", "data": "{\"defaultFeedback\": \"\", \"description\": \"End Unit 2 Q9\", \"multiple_selections\": false, \"question\": \"On the google.com/permissions site, you\\u2019ll find usage and citation guidelines for these Google products:\\n            \", \"choices\": [{\"text\": \"\\u003Cspan class=\\\"quiz-card__choice__text ng-binding\\\"\\u003EGoogle Earth, YouTube, Adsense\\u003C/span\\u003E\", \"score\": 0.0, \"feedback\": \"\"}, {\"text\": \"\\u003Cspan class=\\\"quiz-card__choice__text ng-binding\\\"\\u003EGoogle News, Google Earth, Android\\u003C/span\\u003E\", \"score\": 0.0, \"feedback\": \"\"}, {\"text\": \"\\u003Cspan class=\\\"quiz-card__choice__text ng-binding\\\"\\u003EGoogle Earth, Google Maps, Google Scholar\\u003C/span\\u003E\\n                    \", \"score\": 0.0, \"feedback\": \"\"}, {\"text\": \"\\u003Cspan class=\\\"quiz-card__choice__text ng-binding\\\"\\u003EGoogle Earth, Google Maps, Street View\\u003C/span\\u003E\", \"score\": 1.0, \"feedback\": \"\"}], \"version\": \"1.5\", \"last_modified\": 1501055637.05527, \"type\": 0, \"all_or_nothing_grading\": true, \"permute_choices\": true, \"show_answer_when_incorrect\": true}", "key.id": 5733311175458816, "key": "ag9lfmNmYWZyaWNhLW1vb2NyGwsSDlF1ZXN0aW9uRW50aXR5GICAgMCozZcKDKIBEG5zX3N0b3J5X3RlbGxpbmc"},
    {"key.name": "None", "data": "{\"defaultFeedback\": \"\", \"rows\": 1, \"description\": \"Data Privacy Q1\", \"hint\": \"\\u003Cbr\\u003E\", \"graders\": [{\"matcher\": \"case_insensitive\", \"score\": \"1.0\", \"response\": \" Pros: citizens know where they are at risk Cons: housing prices in the neighborhood may fall\", \"feedback\": \"\"}], \"question\": \"\\u003Cspan style=\\\"font-size:11pt;font-family:Calibri;color:#000000;background-color:transparent;font-weight:400;font-style:normal;font-variant:normal;text-decoration:none;vertical-align:baseline;\\\" id=\\\"docs-internal-guid-18ca9cc4-74ca-dc43-7191-446604b128a8\\\"\\u003ENeighborhood crime data\\u003C/span\\u003E\", \"version\": \"1.5\", \"last_modified\": 1500903295.9153099, \"type\": 1, \"columns\": 100}", "key.id": 5734055144325120, "key": "ag9lfmNmYWZyaWNhLW1vb2NyGwsSDlF1ZXN0aW9uRW50aXR5GICAgID84pcKDKIBEG5zX3N0b3J5X3RlbGxpbmc"},
    {"key.name": "None", "data": "{\"defaultFeedback\": \"\", \"rows\": 1, \"description\": \"Line Graph Data Q2\", \"hint\": \"\\u003Cbr\\u003E\", \"graders\": [{\"matcher\": \"case_insensitive\", \"score\": \"1.0\", \"response\": \"Africa\", \"feedback\": \"\"}], \"question\": \"\\u003Cspan style=\\\"font-size:11pt;font-family:Calibri;color:#000000;background-color:transparent;font-weight:400;font-style:normal;font-variant:normal;text-decoration:none;vertical-align:baseline;\\\"\\u003EWhich continent will see the biggest population growth?\\u003C/span\\u003E\", \"version\": \"1.5\", \"last_modified\": 1500898493.0813301, \"type\": 1, \"columns\": 100}", "key.id": 5739407210446848, "key": "ag9lfmNmYWZyaWNhLW1vb2NyGwsSDlF1ZXN0aW9uRW50aXR5GICAgIDe_pgKDKIBEG5zX3N0b3J5X3RlbGxpbmc"},
    {"key.name": "None", "data": "{\"defaultFeedback\": \"\", \"rows\": 1, \"description\": \"Economic Data Q4\", \"hint\": \"\\u003Cbr\\u003E\", \"graders\": [{\"matcher\": \"case_insensitive\", \"score\": \"1.0\", \"response\": \"The total budget is the total amount allocated to that region.  The per capita rate is the total divided by the total number of people who live there.  In the case of Centre, they get both the highest total amount compared to other regions and still have the most when that amount is divided by the number of citizens. \", \"feedback\": \"\"}], \"question\": \"What is the difference?\", \"version\": \"1.5\", \"last_modified\": 1500897311.7846899, \"type\": 1, \"columns\": 100}", "key.id": 5741031244955648, "key": "ag9lfmNmYWZyaWNhLW1vb2NyGwsSDlF1ZXN0aW9uRW50aXR5GICAgICArpkKDKIBEG5zX3N0b3J5X3RlbGxpbmc"},
    {"key.name": "None", "data": "{\"defaultFeedback\": \"\", \"description\": \"End Unit 2 Q2\", \"multiple_selections\": false, \"question\": \"Which of the following is NOT a function available in Google My Maps?\\n            \", \"choices\": [{\"text\": \"\\u003Cspan class=\\\"quiz-card__choice__text ng-binding\\\"\\u003EAdding custom icons\\u003C/span\\u003E\", \"score\": 0.0, \"feedback\": \"\"}, {\"text\": \"\\u003Cspan class=\\\"quiz-card__choice__text ng-binding\\\"\\u003EImporting datasets\\u003C/span\\u003E\", \"score\": 0.0, \"feedback\": \"\"}, {\"text\": \"\\u003Cspan class=\\\"quiz-card__choice__text ng-binding\\\"\\u003EEmbedding maps in your website\\u003C/span\\u003E\", \"score\": 0.0, \"feedback\": \"\"}, {\"text\": \"\\u003Cspan class=\\\"quiz-card__choice__text ng-binding\\\"\\u003EEnabling 3D view\\u003C/span\\u003E\\n                    \", \"score\": 1.0, \"feedback\": \"\"}], \"version\": \"1.5\", \"last_modified\": 1501054817.88817, \"type\": 0, \"all_or_nothing_grading\": true, \"permute_choices\": true, \"show_answer_when_incorrect\": true}", "key.id": 5742636757417984, "key": "ag9lfmNmYWZyaWNhLW1vb2NyGwsSDlF1ZXN0aW9uRW50aXR5GICAgIDd3JkKDKIBEG5zX3N0b3J5X3RlbGxpbmc"},
    {"key.name": "None", "data": "{\"defaultFeedback\": \"\", \"rows\": 1, \"description\": \"Line Graph Q1\", \"hint\": \"\\u003Cbr\\u003E\", \"graders\": [{\"matcher\": \"case_insensitive\", \"score\": \"1.0\", \"response\": \"Asia\", \"feedback\": \"\"}], \"question\": \"\\u003Cspan style=\\\"font-size:11pt;font-family:Calibri;color:#000000;background-color:transparent;font-weight:400;font-style:normal;font-variant:normal;text-decoration:none;vertical-align:baseline;\\\"\\u003EWhich continent has the biggest population now?\\u003C/span\\u003E\", \"version\": \"1.5\", \"last_modified\": 1500898419.0826399, \"type\": 1, \"columns\": 100}", "key.id": 5742796208078848, "key": "ag9lfmNmYWZyaWNhLW1vb2NyGwsSDlF1ZXN0aW9uRW50aXR5GICAgICv4ZkKDKIBEG5zX3N0b3J5X3RlbGxpbmc"},
    {"key.name": "None", "data": "{\"defaultFeedback\": \"\", \"rows\": 1, \"description\": \"Assessing Data Reliability Q2\", \"hint\": \"\\u003Cbr\\u003E\", \"graders\": [{\"matcher\": \"case_insensitive\", \"score\": \"1.0\", \"response\": \"Karnataka (the rate is the disease outbreaks divided by the population and Karnataka has almost three outbreaks per million people)\", \"feedback\": \"\"}], \"question\": \"\\u003Cp dir=\\\"ltr\\\" style=\\\"line-height:1.3800000000000001;margin-top:0pt;margin-bottom:0pt;\\\"\\u003E\\u003Cspan style=\\\"font-size:11pt;font-family:Calibri;color:#000000;background-color:transparent;font-weight:400;font-style:normal;font-variant:normal;text-decoration:none;vertical-align:baseline;\\\"\\u003EWhich state had the highest rate\\u003C/span\\u003E\\u003Cspan style=\\\"font-size:11pt;font-family:Calibri;color:#000000;background-color:transparent;font-weight:400;font-style:normal;font-variant:normal;text-decoration:none;vertical-align:baseline;\\\"\\u003E of disease outbreaks?\\u003C/span\\u003E\\u003C/p\\u003E\", \"version\": \"1.5\", \"last_modified\": 1500899285.76881, \"type\": 1, \"columns\": 100}", "key.id": 5745865499082752, "key": "ag9lfmNmYWZyaWNhLW1vb2NyGwsSDlF1ZXN0aW9uRW50aXR5GICAgIDZupoKDKIBEG5zX3N0b3J5X3RlbGxpbmc"},
    {"key.name": "None", "data": "{\"defaultFeedback\": \"\", \"rows\": 1, \"description\": \"News Apps Test 4\", \"hint\": \"\\u003Cbr\\u003E\", \"graders\": [{\"matcher\": \"case_insensitive\", \"score\": \"1.0\", \"response\": \"Advocate for gender equality; develop data-driven policies that support gender equality, write stories about the gender gap.\", \"feedback\": \"\"}], \"question\": \"What should they do after seeing this?\\u003Cbr\\u003E\", \"version\": \"1.5\", \"last_modified\": 1500562016.13994, \"type\": 1, \"columns\": 100}", "key.id": 5746055551385600, "key": "ag9lfmNmYWZyaWNhLW1vb2NyGwsSDlF1ZXN0aW9uRW50aXR5GICAgICdwJoKDKIBEG5zX3N0b3J5X3RlbGxpbmc"},
    {"key.name": "None", "data": "{\"defaultFeedback\": \"\", \"rows\": 1, \"description\": \"Lab 1 Q4\", \"hint\": \"\\u003Cbr\\u003E\", \"graders\": [{\"matcher\": \"case_insensitive\", \"score\": \"1.0\", \"response\": \"88.15%\", \"feedback\": \"\"}], \"question\": \"Calculate what percentage\\n     of Sudan\\u2019s population lives the rest of the country\", \"version\": \"1.5\", \"last_modified\": 1500908049.9142301, \"type\": 1, \"columns\": 100}", "key.id": 5749563331706880, "key": "ag9lfmNmYWZyaWNhLW1vb2NyGwsSDlF1ZXN0aW9uRW50aXR5GICAgMCoppsKDKIBEG5zX3N0b3J5X3RlbGxpbmc"},
    {"key.name": "None", "data": "{\"defaultFeedback\": \"\", \"rows\": 1, \"description\": \"Correlation and Causation Data Q3\", \"hint\": \"\\u003Cbr\\u003E\", \"graders\": [{\"matcher\": \"case_insensitive\", \"score\": \"1.0\", \"response\": \"Higher union membership causes a higher percentage of people to enter the creative class.  Higher rates of people in the creative class cause higher union membership.  An external factor causes both high rates of people entering the creating class and union membership.  It is a coincidence.\", \"feedback\": \"\"}], \"question\": \"Between unionization and working class? Creative\\nclass and working membership?\", \"version\": \"1.5\", \"last_modified\": 1500900881.9362199, \"type\": 1, \"columns\": 100}", "key.id": 5755685136498688, "key": "ag9lfmNmYWZyaWNhLW1vb2NyGwsSDlF1ZXN0aW9uRW50aXR5GICAgIC-2JwKDKIBEG5zX3N0b3J5X3RlbGxpbmc"},
    {"key.name": "None", "data": "{\"defaultFeedback\": \"\", \"rows\": 1, \"description\": \"Scatter Plot Data Q3\", \"hint\": \"\\u003Cbr\\u003E\", \"graders\": [{\"matcher\": \"case_insensitive\", \"score\": \"1.0\", \"response\": \"We don\\u2019t know if one affects the other or not.  There could be a lot of factors that influence the percentage of people in the working class (like natural resources in the country, the effectiveness of the government) and many factors that could influence the price of a Big Mac (including popularity of the food chain, per capita income, price of ingredients and labor, etc.)\", \"feedback\": \"\"}], \"question\": \"\\u003Cspan style=\\\"font-size:11pt;font-family:Calibri;color:#000000;background-color:transparent;font-weight:400;font-style:normal;font-variant:normal;text-decoration:none;vertical-align:baseline;\\\"\\u003EIs the position of a country on Y axis impacted by where it is on X axis? How do you know?\\u003C/span\\u003E\", \"version\": \"1.5\", \"last_modified\": 1500898734.6676099, \"type\": 1, \"columns\": 100}", "key.id": 5757715179634688, "key": "ag9lfmNmYWZyaWNhLW1vb2NyGwsSDlF1ZXN0aW9uRW50aXR5GICAgMDIk50KDKIBEG5zX3N0b3J5X3RlbGxpbmc"},
    {"key.name": "None", "data": "{\"defaultFeedback\": \"\", \"description\": \"End Unit 2 Q1\", \"multiple_selections\": false, \"question\": \"You can create a new map by going to google.com/mymaps or by:\\n            \", \"choices\": [{\"text\": \"\\u003Cspan class=\\\"quiz-card__choice__text ng-binding\\\"\\u003EGoing to your Google Drive, and selecting: \\u201cNew\\u201d and then \\u201cMore\\u201d and then \\u201cMy Maps.\\u201d\\u003C/span\\u003E\", \"score\": 1.0, \"feedback\": \"\"}, {\"text\": \"\\u003Cspan class=\\\"quiz-card__choice__text ng-binding\\\"\\u003ELogging in to your Google account, and selecting \\u201cMy Account\\u201d and then \\u201cMy Maps.\\u201d\\u003C/span\\u003E\", \"score\": 0.0, \"feedback\": \"\"}, {\"text\": \"\\u003Cspan class=\\\"quiz-card__choice__text ng-binding\\\"\\u003ELogging in to your Google Drive and choosing \\u201cMy Maps\\u201d from the lefthand menu.\\u003C/span\\u003E\\n                    \", \"score\": 0.0, \"feedback\": \"\"}, {\"text\": \"\\u003Cspan class=\\\"quiz-card__choice__text ng-binding\\\"\\u003EAccessing your Google account, opening the menu from the top right corner and choosing \\u201cMy Maps\\u201d \\u003C/span\\u003E\\n                    \", \"score\": 0.0, \"feedback\": \"\"}], \"version\": \"1.5\", \"last_modified\": 1501054830.8496699, \"type\": 0, \"all_or_nothing_grading\": true, \"permute_choices\": true, \"show_answer_when_incorrect\": true}", "key.id": 5759180434571264, "key": "ag9lfmNmYWZyaWNhLW1vb2NyGwsSDlF1ZXN0aW9uRW50aXR5GICAgICbvp0KDKIBEG5zX3N0b3J5X3RlbGxpbmc"},
    {"key.name": "None", "data": "{\"defaultFeedback\": \"\", \"rows\": 1, \"description\": \"Ethics Q2\", \"hint\": \"\\u003Cbr\\u003E\", \"graders\": [{\"matcher\": \"case_insensitive\", \"score\": \"1.0\", \"response\": \"The news value is to help communities identify potential security risks within their communities.\", \"feedback\": \"\"}], \"question\": \"\\u003Cspan style=\\\"mso-ansi-language:X-NONE;mso-fareast-language:X-NONE;mso-bidi-language:\\n     HI\\\" lang=\\\"X-NONE\\\"\\u003EWhat does the story gain by the personal data?\\u003C/span\\u003E\", \"version\": \"1.5\", \"last_modified\": 1500906051.6210001, \"type\": 1, \"columns\": 100}", "key.id": 5759409141579776, "key": "ag9lfmNmYWZyaWNhLW1vb2NyGwsSDlF1ZXN0aW9uRW50aXR5GICAgIDvxJ0KDKIBEG5zX3N0b3J5X3RlbGxpbmc"},
    {"key.name": "None", "data": "{\"defaultFeedback\": \"\", \"rows\": 1, \"description\": \"Assessing Data Reliability Q4\", \"hint\": \"\\u003Cbr\\u003E\", \"graders\": [{\"matcher\": \"case_insensitive\", \"score\": \"1.0\", \"response\": \"In this case, disease outbreaks don\\u2019t have a definition.  We don\\u2019t know how many incidents of a disease constitute an outbreak.  Number of fatalities is easier to count.\", \"feedback\": \"\"}], \"question\": \"\\u003Cspan style=\\\"font-size:11pt;font-family:Calibri;color:#000000;background-color:transparent;font-weight:400;font-style:normal;font-variant:normal;text-decoration:none;vertical-align:baseline;\\\"\\u003EWhat is the difference between disease outbreaks and number of cases of the disease and number of fatalities from disease?\\u003C/span\\u003E\", \"version\": \"1.5\", \"last_modified\": 1500899468.06511, \"type\": 1, \"columns\": 100}", "key.id": 5760820306771968, "key": "ag9lfmNmYWZyaWNhLW1vb2NyGwsSDlF1ZXN0aW9uRW50aXR5GICAgID47Z0KDKIBEG5zX3N0b3J5X3RlbGxpbmc"},
    {"key.name": "None", "data": "{\"defaultFeedback\": \"\", \"description\": \"End Unit 2 Q8\", \"multiple_selections\": false, \"question\": \"Where can you learn to properly attribute Google News Lab assets you publish in your work?\\n            \", \"choices\": [{\"text\": \"\\u003Cspan class=\\\"quiz-card__choice__text ng-binding\\\"\\u003Egoogle.com/permissions\\u003C/span\\u003E\", \"score\": 1.0, \"feedback\": \"\"}, {\"text\": \"\\u003Cspan class=\\\"quiz-card__choice__text ng-binding\\\"\\u003Egoogle.com/guidelines\\u003C/span\\u003E\\u003Cbr\\u003E\\u003Cspan class=\\\"quiz-card__choice__text ng-binding\\\"\\u003E\\u003C/span\\u003E\", \"score\": 0.0, \"feedback\": \"\"}, {\"text\": \"\\u003Cspan class=\\\"quiz-card__choice__text ng-binding\\\"\\u003EBrandguidelines.google.com\\u003C/span\\u003E\", \"score\": 0.0, \"feedback\": \"\"}, {\"text\": \"\\u003Cspan class=\\\"quiz-card__choice__text ng-binding\\\"\\u003Egoogle.com/attributions\\u003C/span\\u003E\", \"score\": 0.0, \"feedback\": \"\"}], \"version\": \"1.5\", \"last_modified\": 1501056349.14204, \"type\": 0, \"all_or_nothing_grading\": true, \"permute_choices\": true, \"show_answer_when_incorrect\": true}", "key.id": 5762529972191232, "key": "ag9lfmNmYWZyaWNhLW1vb2NyGwsSDlF1ZXN0aW9uRW50aXR5GICAgIDZn54KDKIBEG5zX3N0b3J5X3RlbGxpbmc"},
    {"key.name": "None", "data": "{\"defaultFeedback\": \"\", \"rows\": 1, \"description\": \"Assessing Data Reliability Q3\", \"hint\": \"\\u003Cbr\\u003E\", \"graders\": [{\"matcher\": \"case_insensitive\", \"score\": \"1.0\", \"response\": \"Uttar Pradesh\", \"feedback\": \"\"}], \"question\": \"\\u003Cspan style=\\\"font-size:11pt;font-family:Calibri;color:#000000;background-color:transparent;font-weight:400;font-style:normal;font-variant:normal;text-decoration:none;vertical-align:baseline;\\\"\\u003EWhich state has both the highest population and lowest number of disease outbreaks?\\u003C/span\\u003E\", \"version\": \"1.5\", \"last_modified\": 1500899349.3872399, \"type\": 1, \"columns\": 100}", "key.id": 5762637883244544, "key": "ag9lfmNmYWZyaWNhLW1vb2NyGwsSDlF1ZXN0aW9uRW50aXR5GICAgIDrop4KDKIBEG5zX3N0b3J5X3RlbGxpbmc"},
    {"key.name": "None", "data": "{\"defaultFeedback\": \"\", \"rows\": 1, \"description\": \"Health Data Q3\", \"hint\": \"\\u003Cbr\\u003E\", \"graders\": [{\"matcher\": \"case_insensitive\", \"score\": \"1.0\", \"response\": \"Staff present; Staff absent; Percent absent; Reasons for absence (Maternity or sick leave; In training; Official mission; Approved absence; Gone to retrieve salary)\", \"feedback\": \"\"}], \"question\": \"What additional\\n     information is available on a county level?\", \"version\": \"1.5\", \"last_modified\": 1500897028.5106499, \"type\": 1, \"columns\": 100}", "key.id": 5765606242516992, "key": "ag9lfmNmYWZyaWNhLW1vb2NyGwsSDlF1ZXN0aW9uRW50aXR5GICAgICd-Z4KDKIBEG5zX3N0b3J5X3RlbGxpbmc"},
    {"key.name": "None", "data": "{\"defaultFeedback\": \"\", \"description\": \"End Unit 2 Q7\", \"multiple_selections\": false, \"question\": \"Which of these is NOT a  type of asset you would expect to receive from Google News Lab Alerts:\\n            \", \"choices\": [{\"text\": \"\\u003Cspan class=\\\"quiz-card__choice__text ng-binding\\\"\\u003ESatellite imagery related to breaking news\\u003C/span\\u003E\\n                    \", \"score\": 0.0, \"feedback\": \"\"}, {\"text\": \"\\u003Cspan class=\\\"quiz-card__choice__text ng-binding\\\"\\u003EGoogle Earth b-roll of major world events\\u003C/span\\u003E\", \"score\": 0.0, \"feedback\": \"\"}, {\"text\": \"\\u003Cspan class=\\\"quiz-card__choice__text ng-binding\\\"\\u003ECrisis maps launched by the Google Crisis Response Team\\u003C/span\\u003E\\n                    \", \"score\": 0.0, \"feedback\": \"\"}, {\"text\": \"\\u003Cspan class=\\\"quiz-card__choice__text ng-binding\\\"\\u003EVerified eyewitness video clips from YouTube \\u003C/span\\u003E\", \"score\": 1.0, \"feedback\": \"\"}], \"version\": \"1.5\", \"last_modified\": 1501055073.9496601, \"type\": 0, \"all_or_nothing_grading\": true, \"permute_choices\": true, \"show_answer_when_incorrect\": true}", "key.id": 5767281011326976, "key": "ag9lfmNmYWZyaWNhLW1vb2NyGwsSDlF1ZXN0aW9uRW50aXR5GICAgID8qZ8KDKIBEG5zX3N0b3J5X3RlbGxpbmc"},
    {"key.name": "None", "data": "{\"defaultFeedback\": \"\", \"rows\": 1, \"description\": \"Coincidence Data Q2\", \"hint\": \"\\u003Cbr\\u003E\", \"graders\": [{\"matcher\": \"case_insensitive\", \"score\": \"1.0\", \"response\": \"Probably they are unrelated.\", \"feedback\": \"\"}], \"question\": \"Do these variables seem\\n     likely to be related?\", \"version\": \"1.5\", \"last_modified\": 1500900544.1761601, \"type\": 1, \"columns\": 100}", "key.id": 5954224294723584, "key": "ag9lfmNmYWZyaWNhLW1vb2NyGwsSDlF1ZXN0aW9uRW50aXR5GICAgIDe6skKDKIBEG5zX3N0b3J5X3RlbGxpbmc"},
    {"key.name": "None", "data": "{\"defaultFeedback\": \"\", \"rows\": 1, \"description\": \"News Apps Test 2\", \"hint\": \"\\u003Cbr\\u003E\", \"graders\": [{\"matcher\": \"case_insensitive\", \"score\": \"1.0\", \"response\": \"How much different barriers affect gender equality, which countries are doing best in which categories, which gender equality issues should be prioritized?\", \"feedback\": \"\"}], \"question\": \"What information are they supposed to retain?\\u003Cbr\\u003E\", \"version\": \"1.5\", \"last_modified\": 1500561917.85184, \"type\": 1, \"columns\": 100}", "key.id": 6212341628665856, "key": "ag9lfmNmYWZyaWNhLW1vb2NyGwsSDlF1ZXN0aW9uRW50aXR5GICAgID4woQLDKIBEG5zX3N0b3J5X3RlbGxpbmc"},
    {"key.name": "None", "data": "{\"defaultFeedback\": \"\", \"rows\": 1, \"description\": \"News Apps Test 3\", \"hint\": \"\", \"graders\": [{\"matcher\": \"case_insensitive\", \"score\": \"1.0\", \"response\": \"The impact of simple policies, like maternal leave, on gender equality, boiling down gender inequality to an algorithm. \", \"feedback\": \"\"}], \"question\": \"What creates an emotional impact?\\u003Cbr\\u003E\", \"version\": \"1.5\", \"last_modified\": 1500561963.6454, \"type\": 1, \"columns\": 100}", "key.id": 6222263539990528, "key": "ag9lfmNmYWZyaWNhLW1vb2NyGwsSDlF1ZXN0aW9uRW50aXR5GICAgIDa44YLDKIBEG5zX3N0b3J5X3RlbGxpbmc"},
    {"key.name": "None", "data": "{\"defaultFeedback\": \"\", \"rows\": 1, \"description\": \"Misleading Data Q1\", \"hint\": \"\\u003Cbr\\u003E\", \"graders\": [{\"matcher\": \"case_insensitive\", \"score\": \"1.0\", \"response\": \"144,000 employers, which is about a third of non-agricultural employers\", \"feedback\": \"\"}], \"question\": \"What is the sample size for any given month?\", \"version\": \"1.5\", \"last_modified\": 1500904976.7272899, \"type\": 1, \"columns\": 100}", "key.id": 6225493086961664, "key": "ag9lfmNmYWZyaWNhLW1vb2NyGwsSDlF1ZXN0aW9uRW50aXR5GICAgIDZwYcLDKIBEG5zX3N0b3J5X3RlbGxpbmc"},
    {"key.name": "None", "data": "{\"defaultFeedback\": \"\", \"rows\": 1, \"description\": \"Aggregate Data Q2\", \"hint\": \"\\u003Cbr\\u003E\", \"graders\": [{\"matcher\": \"case_insensitive\", \"score\": \"1.0\", \"response\": \"The data didn\\u2019t have a mechanism for making sure that media reports of the same abductions weren\\u2019t counted as separate events\", \"feedback\": \"\"}], \"question\": \"Why was the data used not an accurate\\nrepresentation of the number of abductions that had actually taken place?\", \"version\": \"1.5\", \"last_modified\": 1500901423.01513, \"type\": 1, \"columns\": 100}", "key.id": 6227852634619904, "key": "ag9lfmNmYWZyaWNhLW1vb2NyGwsSDlF1ZXN0aW9uRW50aXR5GICAgICvhogLDKIBEG5zX3N0b3J5X3RlbGxpbmc"},
    {"key.name": "None", "data": "{\"defaultFeedback\": \"\", \"rows\": 1, \"description\": \"Bar Chart Q2\", \"hint\": \"\\u003Cbr\\u003E\", \"graders\": [{\"matcher\": \"case_insensitive\", \"score\": \"1.0\", \"response\": \"Six times\", \"feedback\": \"\"}], \"question\": \"\\u003Cspan style=\\\"font-size:11pt;font-family:Calibri;color:#000000;background-color:transparent;font-weight:400;font-style:normal;font-variant:normal;text-decoration:none;vertical-align:baseline;\\\"\\u003EHow many times more refugees come from Afghanistan than from Iraq?\\u003C/span\\u003E\", \"version\": \"1.5\", \"last_modified\": 1500898129.66941, \"type\": 1, \"columns\": 100}", "key.id": 6235699271434240, "key": "ag9lfmNmYWZyaWNhLW1vb2NyGwsSDlF1ZXN0aW9uRW50aXR5GICAgIDe6okLDKIBEG5zX3N0b3J5X3RlbGxpbmc"},
    {"key.name": "None", "data": "{\"defaultFeedback\": \"\", \"rows\": 1, \"description\": \"Correlation and Causation Data Q2\", \"hint\": \"\\u003Cbr\\u003E\", \"graders\": [{\"matcher\": \"case_insensitive\", \"score\": \"1.0\", \"response\": \"Higher union membership causes the working  class to shrink.  A small working class causes higher union membership.  Another factor causes both a smaller working class and higher union membership.\", \"feedback\": \"\"}], \"question\": \"\\u003Cspan style=\\\"font-family:Symbol;mso-fareast-font-family:Symbol;mso-bidi-font-family:\\nSymbol\\\"\\u003E\\u003Cspan style=\\\"mso-list:Ignore\\\"\\u003E\\u003Cspan style=\\\"font:7.0pt &quot;Times New Roman&quot;\\\"\\u003E\\u003C/span\\u003E\\u003C/span\\u003E\\u003C/span\\u003EWhat are the possible relationships between the\\nworking class and unionization?\", \"version\": \"1.5\", \"last_modified\": 1500900778.9757299, \"type\": 1, \"columns\": 100}", "key.id": 6260373053243392, "key": "ag9lfmNmYWZyaWNhLW1vb2NyGwsSDlF1ZXN0aW9uRW50aXR5GICAgIDruI8LDKIBEG5zX3N0b3J5X3RlbGxpbmc"},
    {"key.name": "None", "data": "{\"defaultFeedback\": \"\", \"rows\": 1, \"description\": \"News Apps Test 1\", \"hint\": \"\\u003Cbr\\u003E\", \"graders\": [{\"matcher\": \"case_insensitive\", \"score\": \"1.0\", \"response\": \"Educated, digitally literate audience able to explore the data independently. Women readers of the Economist, social media users.\", \"feedback\": \"\"}], \"question\": \"Who is the audience?\\u003Cbr\\u003E\", \"version\": \"1.5\", \"last_modified\": 1500561854.3489799, \"type\": 1, \"columns\": 100}", "key.id": 6263255781605376, "key": "ag9lfmNmYWZyaWNhLW1vb2NyGwsSDlF1ZXN0aW9uRW50aXR5GICAgIDejJALDKIBEG5zX3N0b3J5X3RlbGxpbmc"}
]}
