{"rows": [
    {"key.name": "None", "data": "{\"prerequisites\": [], \"last_modified\": 1501223238.02245, \"name\": \"Accelerated Mobile Pages\", \"description\": \"\"}", "key.id": 5629499534213120, "key": "ag9lfmNmYWZyaWNhLW1vb2NyGQsSDF9Ta2lsbEVudGl0eRiAgICAgICACgyiARxuc19tYW5hZ2VtZW50X3N1c3RhaW5hYmlsaXR5"},
    {"key.name": "None", "data": "{\"prerequisites\": [], \"last_modified\": 1501230394.6528599, \"name\": \"Google Play Newsstand\", \"description\": \"\"}", "key.id": 5649391675244544, "key": "ag9lfmNmYWZyaWNhLW1vb2NyGQsSDF9Ta2lsbEVudGl0eRiAgICA-MKECgyiARxuc19tYW5hZ2VtZW50X3N1c3RhaW5hYmlsaXR5"},
    {"key.name": "None", "data": "{\"prerequisites\": [], \"last_modified\": 1501228314.4435201, \"name\": \"Google News\", \"description\": \"\"}", "key.id": 5668600916475904, "key": "ag9lfmNmYWZyaWNhLW1vb2NyGQsSDF9Ta2lsbEVudGl0eRiAgICAgPKICgyiARxuc19tYW5hZ2VtZW50X3N1c3RhaW5hYmlsaXR5"},
    {"key.name": "None", "data": "{\"prerequisites\": [], \"last_modified\": 1501225022.6580501, \"name\": \"Google AdSense\", \"description\": \"\"}", "key.id": 5707702298738688, "key": "ag9lfmNmYWZyaWNhLW1vb2NyGQsSDF9Ta2lsbEVudGl0eRiAgICAgOSRCgyiARxuc19tYW5hZ2VtZW50X3N1c3RhaW5hYmlsaXR5"}
]}
