{"rows": [
    {"key.name": "None", "data": "{\"prerequisites\": [], \"last_modified\": 1501057553.82127, \"name\": \"Google Advanced Search Techniques\", \"description\": \"\"}", "key.id": 5682617542246400, "key": "ag9lfmNmYWZyaWNhLW1vb2NyGQsSDF9Ta2lsbEVudGl0eRiAgICA-ImMCgyiARFuc19uZXdzX2dhdGhlcmluZw"},
    {"key.name": "None", "data": "{\"prerequisites\": [], \"last_modified\": 1501151986.2878799, \"name\": \"Google Scholar\", \"description\": \"\"}", "key.id": 5692462144159744, "key": "ag9lfmNmYWZyaWNhLW1vb2NyGQsSDF9Ta2lsbEVudGl0eRiAgICAuqiOCgyiARFuc19uZXdzX2dhdGhlcmluZw"},
    {"key.name": "None", "data": "{\"prerequisites\": [], \"last_modified\": 1501152253.8208699, \"name\": \"Google Permissions\", \"description\": \"\"}", "key.id": 5707702298738688, "key": "ag9lfmNmYWZyaWNhLW1vb2NyGQsSDF9Ta2lsbEVudGl0eRiAgICAgOSRCgyiARFuc19uZXdzX2dhdGhlcmluZw"},
    {"key.name": "None", "data": "{\"prerequisites\": [], \"last_modified\": 1501152212.6791, \"name\": \"Google Translate\", \"description\": \"\"}", "key.id": 5725107787923456, "key": "ag9lfmNmYWZyaWNhLW1vb2NyGQsSDF9Ta2lsbEVudGl0eRiAgIDAyN6VCgyiARFuc19uZXdzX2dhdGhlcmluZw"},
    {"key.name": "None", "data": "{\"prerequisites\": [], \"last_modified\": 1501148842.6824801, \"name\": \"Google Alerts\", \"description\": \"\"}", "key.id": 5739407210446848, "key": "ag9lfmNmYWZyaWNhLW1vb2NyGQsSDF9Ta2lsbEVudGl0eRiAgICA3v6YCgyiARFuc19uZXdzX2dhdGhlcmluZw"},
    {"key.name": "None", "data": "{\"prerequisites\": [], \"last_modified\": 1501060842.082, \"name\": \"Google Trends\", \"description\": \"\"}", "key.id": 5760820306771968, "key": "ag9lfmNmYWZyaWNhLW1vb2NyGQsSDF9Ta2lsbEVudGl0eRiAgICA-O2dCgyiARFuc19uZXdzX2dhdGhlcmluZw"},
    {"key.name": "None", "data": "{\"prerequisites\": [], \"last_modified\": 1501152195.1142001, \"name\": \"Google News Archives\", \"description\": \"\"}", "key.id": 5769015641243648, "key": "ag9lfmNmYWZyaWNhLW1vb2NyGQsSDF9Ta2lsbEVudGl0eRiAgICAutyfCgyiARFuc19uZXdzX2dhdGhlcmluZw"}
]}
