{"rows": [
    {"key.name": "None", "data": "{\"defaultFeedback\": \"\", \"description\": \"End Unit 1 Q17\", \"multiple_selections\": false, \"question\": \"If you are setting up multiple Google Alerts and you want to receive them all in one email, you can go to \\u201csettings\\u201d and choose:\\n            \", \"choices\": [{\"text\": \"\\u003Cspan class=\\\"quiz-card__choice__text ng-binding\\\"\\u003ESummary\\u003C/span\\u003E\", \"score\": 0.0, \"feedback\": \"\"}, {\"text\": \"\\u003Cspan class=\\\"quiz-card__choice__text ng-binding\\\"\\u003EDaily\\u003C/span\\u003E\\n                    \", \"score\": 0.0, \"feedback\": \"\"}, {\"text\": \"\\u003Cspan class=\\\"quiz-card__choice__text ng-binding\\\"\\u003EThe Daily Brief\\u003C/span\\u003E\", \"score\": 0.0, \"feedback\": \"\"}, {\"text\": \"\\u003Cspan class=\\\"quiz-card__choice__text ng-binding\\\"\\u003EDigest\\u003C/span\\u003E\", \"score\": 1.0, \"feedback\": \"\"}], \"version\": \"1.5\", \"last_modified\": 1501157224.96468, \"type\": 0, \"all_or_nothing_grading\": true, \"permute_choices\": true, \"show_answer_when_incorrect\": true}", "key.id": 5105650963054592, "key": "ag9lfmNmYWZyaWNhLW1vb2NyGwsSDlF1ZXN0aW9uRW50aXR5GICAgICA8ogJDKIBEW5zX25ld3NfZ2F0aGVyaW5n"},
    {"key.name": "None", "data": "{\"defaultFeedback\": \"\", \"description\": \"End Unit 1 Q18\", \"multiple_selections\": false, \"question\": \"By setting up an alert with your own byline, name and/or website, you can track when people:\\n            \", \"choices\": [{\"text\": \"\\u003Cspan class=\\\"quiz-card__choice__text ng-binding\\\"\\u003ERead your work\\u003C/span\\u003E\", \"score\": 0.0, \"feedback\": \"\"}, {\"text\": \"\\u003Cspan class=\\\"quiz-card__choice__text ng-binding\\\"\\u003EShare or post your work\\u003C/span\\u003E\\n                    \", \"score\": 1.0, \"feedback\": \"\"}, {\"text\": \"\\u003Cspan class=\\\"quiz-card__choice__text ng-binding\\\"\\u003EComment on your work\\u003C/span\\u003E\", \"score\": 0.0, \"feedback\": \"\"}, {\"text\": \"\\u003Cspan class=\\\"quiz-card__choice__text ng-binding\\\"\\u003EStart following you on social media\\u003C/span\\u003E\", \"score\": 0.0, \"feedback\": \"\"}], \"version\": \"1.5\", \"last_modified\": 1501157358.5441301, \"type\": 0, \"all_or_nothing_grading\": true, \"permute_choices\": true, \"show_answer_when_incorrect\": true}", "key.id": 5129512190738432, "key": "ag9lfmNmYWZyaWNhLW1vb2NyGwsSDlF1ZXN0aW9uRW50aXR5GICAgIC6qI4JDKIBEW5zX25ld3NfZ2F0aGVyaW5n"},
    {"key.name": "None", "data": "{\"defaultFeedback\": \"\", \"description\": \"End Unit 1 Q22\", \"multiple_selections\": false, \"question\": \"When searching for older news articles via regular Google Web Search, it\\u2019s important to remember:\\n            \", \"choices\": [{\"text\": \"\\u003Cspan class=\\\"quiz-card__choice__text ng-binding\\\"\\u003EYour search will not link to content behind a paywall\\u003C/span\\u003E\", \"score\": 1.0, \"feedback\": \"\"}, {\"text\": \"\\u003Cspan class=\\\"quiz-card__choice__text ng-binding\\\"\\u003EYou cannot use custom date ranges\\u003C/span\\u003E\", \"score\": 0.0, \"feedback\": \"\"}, {\"text\": \"\\u003Cspan class=\\\"quiz-card__choice__text ng-binding\\\"\\u003EResults will only include stories published from 1970 forward\\u003C/span\\u003E\", \"score\": 0.0, \"feedback\": \"\"}, {\"text\": \"\\u003Cspan class=\\\"quiz-card__choice__text ng-binding\\\"\\u003EArticles before 2003 can only be sorted by date, not relevance\\u003C/span\\u003E\", \"score\": 0.0, \"feedback\": \"\"}], \"version\": \"1.5\", \"last_modified\": 1501160309.42226, \"type\": 0, \"all_or_nothing_grading\": true, \"permute_choices\": true, \"show_answer_when_incorrect\": true}", "key.id": 5162157834502144, "key": "ag9lfmNmYWZyaWNhLW1vb2NyGwsSDlF1ZXN0aW9uRW50aXR5GICAgMDI3pUJDKIBEW5zX25ld3NfZ2F0aGVyaW5n"},
    {"key.name": "None", "data": "{\"defaultFeedback\": \"\", \"description\": \"End Unit 1 Q9\", \"multiple_selections\": false, \"question\": \"What are the maximum number of terms you can compare at one time?\\n            \", \"choices\": [{\"text\": \"\\u003Cspan class=\\\"quiz-card__choice__text ng-binding\\\"\\u003EThree groups of terms with up to 10 terms in each group\\u003C/span\\u003E\", \"score\": 0.0, \"feedback\": \"\"}, {\"text\": \"\\u003Cspan class=\\\"quiz-card__choice__text ng-binding\\\"\\u003ESix groups of terms with up to 20 terms in each group\\u003C/span\\u003E\\n                    \", \"score\": 0.0, \"feedback\": \"\"}, {\"text\": \"\\u003Cspan class=\\\"quiz-card__choice__text ng-binding\\\"\\u003EFive groups of terms with up to 25 terms in each group\\u003C/span\\u003E\", \"score\": 1.0, \"feedback\": \"\"}, {\"text\": \"\\u003Cspan class=\\\"quiz-card__choice__text ng-binding\\\"\\u003ETen groups of terms with up to 10 terms in each group\\u003C/span\\u003E\", \"score\": 0.0, \"feedback\": \"\"}], \"version\": \"1.5\", \"last_modified\": 1501155558.2635701, \"type\": 0, \"all_or_nothing_grading\": true, \"permute_choices\": true, \"show_answer_when_incorrect\": true}", "key.id": 5167132077719552, "key": "ag9lfmNmYWZyaWNhLW1vb2NyGwsSDlF1ZXN0aW9uRW50aXR5GICAgICr75YJDKIBEW5zX25ld3NfZ2F0aGVyaW5n"},
    {"key.name": "None", "data": "{\"defaultFeedback\": \"\", \"description\": \"End Unit 1 Q12\", \"multiple_selections\": false, \"question\": \"When you compare multiple search terms or topics, which filters can you apply?\", \"choices\": [{\"text\": \"\\u003Cspan class=\\\"quiz-card__choice__text ng-binding\\\"\\u003ERegion and time of day (local time)\\u003C/span\\u003E\\n                    \", \"score\": 0.0, \"feedback\": \"\"}, {\"text\": \"\\u003Cspan class=\\\"quiz-card__choice__text ng-binding\\\"\\u003ECategory and total number of searches\\u003C/span\\u003E\", \"score\": 0.0, \"feedback\": \"\"}, {\"text\": \"\\u003Cspan class=\\\"quiz-card__choice__text ng-binding\\\"\\u003ETime period and country\\u003C/span\\u003E\", \"score\": 1.0, \"feedback\": \"\"}, {\"text\": \"\\u003Cspan class=\\\"quiz-card__choice__text ng-binding\\\"\\u003EYouTube, Image Search, Google+\\u003C/span\\u003E\", \"score\": 0.0, \"feedback\": \"\"}], \"version\": \"1.5\", \"last_modified\": 1501155919.5152299, \"type\": 0, \"all_or_nothing_grading\": true, \"permute_choices\": true, \"show_answer_when_incorrect\": true}", "key.id": 5176457257025536, "key": "ag9lfmNmYWZyaWNhLW1vb2NyGwsSDlF1ZXN0aW9uRW50aXR5GICAgIDe_pgJDKIBEW5zX25ld3NfZ2F0aGVyaW5n"},
    {"key.name": "None", "data": "{\"defaultFeedback\": \"\", \"description\": \"End Unit 1 Q15\", \"multiple_selections\": false, \"question\": \"To set up and personalize your Google Alerts, visit:\\n            \", \"choices\": [{\"text\": \"\\u003Cspan class=\\\"quiz-card__choice__text ng-binding\\\"\\u003EAlerts.google.com\\u003C/span\\u003E\", \"score\": 0.0, \"feedback\": \"\"}, {\"text\": \"\\u003Cspan class=\\\"quiz-card__choice__text ng-binding\\\"\\u003EGoogle.alerts.com\\u003C/span\\u003E\", \"score\": 0.0, \"feedback\": \"\"}, {\"text\": \"\\u003Cspan class=\\\"quiz-card__choice__text ng-binding\\\"\\u003EGoogle.com/alerts\\u003C/span\\u003E\", \"score\": 1.0, \"feedback\": \"\"}, {\"text\": \"\\u003Cspan class=\\\"quiz-card__choice__text ng-binding\\\"\\u003EGoogle.alerts.com/signup\\u003C/span\\u003E\\n                    \", \"score\": 0.0, \"feedback\": \"\"}], \"version\": \"1.5\", \"last_modified\": 1501157052.34887, \"type\": 0, \"all_or_nothing_grading\": true, \"permute_choices\": true, \"show_answer_when_incorrect\": true}", "key.id": 5187840530972672, "key": "ag9lfmNmYWZyaWNhLW1vb2NyGwsSDlF1ZXN0aW9uRW50aXR5GICAgICEypsJDKIBEW5zX25ld3NfZ2F0aGVyaW5n"},
    {"key.name": "None", "data": "{\"defaultFeedback\": \"\", \"description\": \"End Unit 1 Q5\", \"multiple_selections\": false, \"question\": \"What factors does Google use to determine which topics are \\u201ctrending?\\u201d\\n            \", \"choices\": [{\"text\": \"\\u003Cspan class=\\\"quiz-card__choice__text ng-binding\\\"\\u003ERelative spike in search volume and the absolute volume of searches\\u003C/span\\u003E\", \"score\": 1.0, \"feedback\": \"\"}, {\"text\": \"\\u003Cspan class=\\\"quiz-card__choice__text ng-binding\\\"\\u003EAbsolute volume of searches and keyword frequency\\u003C/span\\u003E\", \"score\": 0.0, \"feedback\": \"\"}, {\"text\": \"\\u003Cspan class=\\\"quiz-card__choice__text ng-binding\\\"\\u003EOverall spike in search volume\\u003C/span\\u003E\", \"score\": 0.0, \"feedback\": \"\"}, {\"text\": \"\\u003Cspan class=\\\"quiz-card__choice__text ng-binding\\\"\\u003EA proprietary algorithm that measures search volume, keywords, historical search data and where searches originate\\u003C/span\\u003E\", \"score\": 0.0, \"feedback\": \"\"}], \"version\": \"1.5\", \"last_modified\": 1501154289.26565, \"type\": 0, \"all_or_nothing_grading\": true, \"permute_choices\": true, \"show_answer_when_incorrect\": true}", "key.id": 5206065687822336, "key": "ag9lfmNmYWZyaWNhLW1vb2NyGwsSDlF1ZXN0aW9uRW50aXR5GICAgIC63J8JDKIBEW5zX25ld3NfZ2F0aGVyaW5n"},
    {"key.name": "None", "data": "{\"defaultFeedback\": \"\", \"description\": \"End Unit 1 Q1\", \"multiple_selections\": false, \"question\": \"You are searching for a data set in an Excel spreadsheet. Which modifier would you use in your search?\\n            \", \"choices\": [{\"text\": \"\\u003Cspan class=\\\"quiz-card__choice__text ng-binding\\\"\\u003EFile:xls\\u003C/span\\u003E\", \"score\": 0.0, \"feedback\": \"\"}, {\"text\": \"\\u003Cspan class=\\\"quiz-card__choice__text ng-binding\\\"\\u003EFiletype:Excel\\u003C/span\\u003E\\n                    \", \"score\": 0.0, \"feedback\": \"\"}, {\"text\": \"\\u003Cspan class=\\\"quiz-card__choice__text ng-binding\\\"\\u003EFiletype:xls\\u003C/span\\u003E\\n                    \", \"score\": 1.0, \"feedback\": \"\"}, {\"text\": \"\\u003Cspan class=\\\"quiz-card__choice__text ng-binding\\\"\\u003E+Excel\\u003C/span\\u003E\", \"score\": 0.0, \"feedback\": \"\"}], \"version\": \"1.5\", \"last_modified\": 1501153628.2034099, \"type\": 0, \"all_or_nothing_grading\": true, \"permute_choices\": true, \"show_answer_when_incorrect\": true}", "key.id": 5642554087309312, "key": "ag9lfmNmYWZyaWNhLW1vb2NyGwsSDlF1ZXN0aW9uRW50aXR5GICAgID4-4IKDKIBEW5zX25ld3NfZ2F0aGVyaW5n"},
    {"key.name": "None", "data": "{\"defaultFeedback\": \"\", \"description\": \"End Unit 1 Q16\", \"multiple_selections\": false, \"question\": \"Which of these options are sources you can request Google Alerts from:\\n\", \"choices\": [{\"text\": \"\\u003Cspan class=\\\"quiz-card__choice__text ng-binding\\\"\\u003ENews, Web, Blogs, Videos, Books, Discussions\\u003C/span\\u003E\", \"score\": 1.0, \"feedback\": \"\"}, {\"text\": \"\\u003Cspan class=\\\"quiz-card__choice__text ng-binding\\\"\\u003ENews, Social Media, Discussions\\u003C/span\\u003E\", \"score\": 0.0, \"feedback\": \"\"}, {\"text\": \"\\u003Cspan class=\\\"quiz-card__choice__text ng-binding\\\"\\u003ETwitter, Reddit, Facebook, Instagram, YouTube\\u003C/span\\u003E\", \"score\": 0.0, \"feedback\": \"\"}, {\"text\": \"\\u003Cspan class=\\\"quiz-card__choice__text ng-binding\\\"\\u003EPolitics, International, Entertainment, Sports, Science\\u003C/span\\u003E\", \"score\": 0.0, \"feedback\": \"\"}], \"version\": \"1.5\", \"last_modified\": 1501157140.4661, \"type\": 0, \"all_or_nothing_grading\": true, \"permute_choices\": true, \"show_answer_when_incorrect\": true}", "key.id": 5652786310021120, "key": "ag9lfmNmYWZyaWNhLW1vb2NyGwsSDlF1ZXN0aW9uRW50aXR5GICAgIDepYUKDKIBEW5zX25ld3NfZ2F0aGVyaW5n"},
    {"key.name": "None", "data": "{\"defaultFeedback\": \"\", \"description\": \"End Unit Q11\", \"multiple_selections\": false, \"question\": \"When reading the \\u201cInterest Over Time\\u201d graph, which of the following does NOT apply?\", \"choices\": [{\"text\": \"\\u003Cspan class=\\\"quiz-card__choice__text ng-binding\\\"\\u003EA downward slanting line means the total number of searches for a term is decreasing\\u003C/span\\u003E\", \"score\": 1.0, \"feedback\": \"\"}, {\"text\": \"\\u003Cspan class=\\\"quiz-card__choice__text ng-binding\\\"\\u003EA value of 100 is the peak popularity for the term. A value of 50 means that the term is half as popular. \\u003C/span\\u003E\", \"score\": 0.0, \"feedback\": \"\"}, {\"text\": \"\\u003Cspan class=\\\"quiz-card__choice__text ng-binding\\\"\\u003EValues reflects how many searches have been done for the particular term relative to the total number of searches done on Google\\u003C/span\\u003E\", \"score\": 0.0, \"feedback\": \"\"}, {\"text\": \"\\u003Cspan class=\\\"quiz-card__choice__text ng-binding\\\"\\u003ESearch popularity is shown (nearly) in real-time\\u003C/span\\u003E\", \"score\": 0.0, \"feedback\": \"\"}], \"version\": \"1.5\", \"last_modified\": 1501155822.5586901, \"type\": 0, \"all_or_nothing_grading\": true, \"permute_choices\": true, \"show_answer_when_incorrect\": true}", "key.id": 5659118702428160, "key": "ag9lfmNmYWZyaWNhLW1vb2NyGwsSDlF1ZXN0aW9uRW50aXR5GICAgICE3oYKDKIBEW5zX25ld3NfZ2F0aGVyaW5n"},
    {"key.name": "None", "data": "{\"defaultFeedback\": \"\", \"description\": \"End Unit 1 Q3\", \"multiple_selections\": false, \"question\": \"On the Advanced Search settings menu, which of the following is NOT listed as an option for narrowing your search results?\", \"choices\": [{\"text\": \"\\u003Cspan class=\\\"quiz-card__choice__text ng-binding\\\"\\u003ELanguage\\u003C/span\\u003E\", \"score\": 0.0, \"feedback\": \"\"}, {\"text\": \"\\u003Cspan class=\\\"quiz-card__choice__text ng-binding\\\"\\u003ERegion\\u003C/span\\u003E\", \"score\": 0.0, \"feedback\": \"\"}, {\"text\": \"\\u003Cspan class=\\\"quiz-card__choice__text ng-binding\\\"\\u003EUsage Rights\\u003C/span\\u003E\\n                    \", \"score\": 0.0, \"feedback\": \"\"}, {\"text\": \"\\u003Cspan class=\\\"quiz-card__choice__text ng-binding\\\"\\u003EPage Rank\\u003C/span\\u003E\", \"score\": 1.0, \"feedback\": \"\"}], \"version\": \"1.5\", \"last_modified\": 1501153971.6588199, \"type\": 0, \"all_or_nothing_grading\": true, \"permute_choices\": true, \"show_answer_when_incorrect\": true}", "key.id": 5668600916475904, "key": "ag9lfmNmYWZyaWNhLW1vb2NyGwsSDlF1ZXN0aW9uRW50aXR5GICAgICA8ogKDKIBEW5zX25ld3NfZ2F0aGVyaW5n"},
    {"key.name": "None", "data": "{\"defaultFeedback\": \"\", \"description\": \"End Unit 1 Q6\", \"multiple_selections\": false, \"question\": \"When you click on a topic in \\u201cStories trending now,\\u201d which type of information is NOT available?\\n            \", \"choices\": [{\"text\": \"\\u003Cspan class=\\\"quiz-card__choice__text ng-binding\\\"\\u003ETrending queries\\u003C/span\\u003E\", \"score\": 0.0, \"feedback\": \"\"}, {\"text\": \"\\u003Cspan class=\\\"quiz-card__choice__text ng-binding\\\"\\u003EMost relevant articles\\u003C/span\\u003E\", \"score\": 0.0, \"feedback\": \"\"}, {\"text\": \"\\u003Cspan class=\\\"quiz-card__choice__text ng-binding\\\"\\u003EInterest over time\\u003C/span\\u003E\", \"score\": 0.0, \"feedback\": \"\"}, {\"text\": \"\\u003Cspan class=\\\"quiz-card__choice__text ng-binding\\\"\\u003EInterest by city\\u003C/span\\u003E\\n                    \", \"score\": 1.0, \"feedback\": \"\"}], \"version\": \"1.5\", \"last_modified\": 1501154394.5106101, \"type\": 0, \"all_or_nothing_grading\": true, \"permute_choices\": true, \"show_answer_when_incorrect\": true}", "key.id": 5675267779461120, "key": "ag9lfmNmYWZyaWNhLW1vb2NyGwsSDlF1ZXN0aW9uRW50aXR5GICAgICEtIoKDKIBEW5zX25ld3NfZ2F0aGVyaW5n"},
    {"key.name": "None", "data": "{\"defaultFeedback\": \"\", \"description\": \"End Unit 1 Q13\", \"multiple_selections\": false, \"question\": \"If you look at the Related queries section, what does \\u201cBreakout\\u201d mean?\\n\", \"choices\": [{\"text\": \"\\u003Cspan class=\\\"quiz-card__choice__text ng-binding\\\"\\u003EWe do not have enough baseline data to determine the query\\u2019s rate of rise\\u003C/span\\u003E\", \"score\": 0.0, \"feedback\": \"\"}, {\"text\": \"\\u003Cspan class=\\\"quiz-card__choice__text ng-binding\\\"\\u003EThe query rose more than 5,000% in popularity over the specified time period\\u003C/span\\u003E\", \"score\": 1.0, \"feedback\": \"\"}, {\"text\": \"\\u003Cspan class=\\\"quiz-card__choice__text ng-binding\\\"\\u003EThe query earned a \\u201c100\\u201d score for relative popularity in the last 24 hours\\u003C/span\\u003E\\n                    \", \"score\": 0.0, \"feedback\": \"\"}, {\"text\": \"\\u003Cspan class=\\\"quiz-card__choice__text ng-binding\\\"\\u003EThe query is in our top 100 fastest rising searches for the specified time period\\u003C/span\\u003E\", \"score\": 0.0, \"feedback\": \"\"}], \"version\": \"1.5\", \"last_modified\": 1501156126.0517001, \"type\": 0, \"all_or_nothing_grading\": true, \"permute_choices\": true, \"show_answer_when_incorrect\": true}", "key.id": 5676073085829120, "key": "ag9lfmNmYWZyaWNhLW1vb2NyGwsSDlF1ZXN0aW9uRW50aXR5GICAgIC8y4oKDKIBEW5zX25ld3NfZ2F0aGVyaW5n"},
    {"key.name": "None", "data": "{\"defaultFeedback\": \"\", \"description\": \"End Unit 1 13\", \"multiple_selections\": false, \"question\": \"What kind of data is included in Trends?\", \"choices\": [{\"text\": \"\\u003Cspan class=\\\"quiz-card__choice__text ng-binding\\\"\\u003ERepeat searches from the same user over a short period of time\\u003C/span\\u003E\\n                    \", \"score\": 0.0, \"feedback\": \"\"}, {\"text\": \"\\u003Cspan class=\\\"quiz-card__choice__text ng-binding\\\"\\u003EQueries with apostrophes and other special characters\\u003C/span\\u003E\", \"score\": 0.0, \"feedback\": \"\"}, {\"text\": \"\\u003Cspan class=\\\"quiz-card__choice__text ng-binding\\\"\\u003ELow-volume search terms\\u003C/span\\u003E\", \"score\": 0.0, \"feedback\": \"\"}, {\"text\": \"\\u003Cspan class=\\\"quiz-card__choice__text ng-binding\\\"\\u003EA random sample of searches from the past seven days\\u003C/span\\u003E\", \"score\": 1.0, \"feedback\": \"\"}], \"version\": \"1.5\", \"last_modified\": 1501156802.6338699, \"type\": 0, \"all_or_nothing_grading\": true, \"permute_choices\": true, \"show_answer_when_incorrect\": true}", "key.id": 5697423099822080, "key": "ag9lfmNmYWZyaWNhLW1vb2NyGwsSDlF1ZXN0aW9uRW50aXR5GICAgIDruI8KDKIBEW5zX25ld3NfZ2F0aGVyaW5n"},
    {"key.name": "None", "data": "{\"defaultFeedback\": \"\", \"description\": \"End Unit 1 Q14\", \"multiple_selections\": false, \"question\": \"The purpose of Google Alerts is to:\\n            \", \"choices\": [{\"text\": \"\\u003Cspan class=\\\"quiz-card__choice__text ng-binding\\\"\\u003ELet you know when it\\u2019s time to update your Chrome browser\\u003C/span\\u003E\\n                    \", \"score\": 1.0, \"feedback\": \"\"}, {\"text\": \"\\u003Cspan class=\\\"quiz-card__choice__text ng-binding\\\"\\u003EKeep your account secure by prompting you to reset your password regularly\\u003C/span\\u003E\", \"score\": 0.0, \"feedback\": \"\"}, {\"text\": \"\\u003Cspan class=\\\"quiz-card__choice__text ng-binding\\\"\\u003EDeliver Google Earth data visualizations to your inbox\\u003C/span\\u003E\", \"score\": 0.0, \"feedback\": \"\"}, {\"text\": \"\\u003Cspan class=\\\"quiz-card__choice__text ng-binding\\\"\\u003EHelp you track new developments on topics you care about\\u003C/span\\u003E\\n                    \", \"score\": 0.0, \"feedback\": \"\"}], \"version\": \"1.5\", \"last_modified\": 1501156929.81423, \"type\": 0, \"all_or_nothing_grading\": true, \"permute_choices\": true, \"show_answer_when_incorrect\": true}", "key.id": 5705241014042624, "key": "ag9lfmNmYWZyaWNhLW1vb2NyGwsSDlF1ZXN0aW9uRW50aXR5GICAgICvnJEKDKIBEW5zX25ld3NfZ2F0aGVyaW5n"},
    {"key.name": "None", "data": "{\"defaultFeedback\": \"\", \"description\": \"End Unit 1 Q2\", \"multiple_selections\": false, \"question\": \"Let\\u2019s say you\\u2019re researching a topic and one of your keywords has \\nmultiple meanings like the word \\u201ccourt.\\u201d You want to focus on the \\njudicial system and eliminate results about basketball or tennis courts.\\n Which of these is the best targeted query?\\n            \", \"choices\": [{\"text\": \"\\u003Cspan class=\\\"quiz-card__choice__text ng-binding\\\"\\u003ECourt (judicial) -basketball,tennis \\u003C/span\\u003E\\n                    \", \"score\": 0.0, \"feedback\": \"\"}, {\"text\": \"\\u003Cspan class=\\\"quiz-card__choice__text ng-binding\\\"\\u003ECourt + judicial -basketball -tennis\\u003C/span\\u003E\\n                    \", \"score\": 1.0, \"feedback\": \"\"}, {\"text\": \"\\u003Cspan class=\\\"quiz-card__choice__text ng-binding\\\"\\u003ECourt site:judicial (basketball,tennis)\\u003C/span\\u003E\\n                    \", \"score\": 0.0, \"feedback\": \"\"}, {\"text\": \"\\u003Cspan class=\\\"quiz-card__choice__text ng-binding\\\"\\u003ECourt + judicial (basketball-tennis)\\u003C/span\\u003E\\n                    \", \"score\": 0.0, \"feedback\": \"\"}], \"version\": \"1.5\", \"last_modified\": 1501153805.0708201, \"type\": 0, \"all_or_nothing_grading\": true, \"permute_choices\": true, \"show_answer_when_incorrect\": true}", "key.id": 5714163003293696, "key": "ag9lfmNmYWZyaWNhLW1vb2NyGwsSDlF1ZXN0aW9uRW50aXR5GICAgICEoJMKDKIBEW5zX25ld3NfZ2F0aGVyaW5n"},
    {"key.name": "None", "data": "{\"defaultFeedback\": \"\", \"description\": \"End Unit 1 Q7\", \"multiple_selections\": false, \"question\": \"When you perform a query in Google Trends, what types of information will surface in your immediate results?\\n\", \"choices\": [{\"text\": \"\\u003Cspan class=\\\"quiz-card__choice__text ng-binding\\\"\\u003EInterest over time, most relevant articles \\u003C/span\\u003E\", \"score\": 0.0, \"feedback\": \"\"}, {\"text\": \"\\u003Cspan class=\\\"quiz-card__choice__text ng-binding\\\"\\u003EInterest over time and by region, related topics and queries\\u003C/span\\u003E\\n                    \", \"score\": 1.0, \"feedback\": \"\"}, {\"text\": \"\\u003Cspan class=\\\"quiz-card__choice__text ng-binding\\\"\\u003ESearch interest over the last 7-year period\\u003C/span\\u003E\", \"score\": 0.0, \"feedback\": \"\"}, {\"text\": \"\\u003Cspan class=\\\"quiz-card__choice__text ng-binding\\\"\\u003ESearch interest relative to interest in related queries\\u003C/span\\u003E\", \"score\": 0.0, \"feedback\": \"\"}], \"version\": \"1.5\", \"last_modified\": 1501154698.7489901, \"type\": 0, \"all_or_nothing_grading\": true, \"permute_choices\": true, \"show_answer_when_incorrect\": true}", "key.id": 5715999101812736, "key": "ag9lfmNmYWZyaWNhLW1vb2NyGwsSDlF1ZXN0aW9uRW50aXR5GICAgIC81ZMKDKIBEW5zX25ld3NfZ2F0aGVyaW5n"},
    {"key.name": "None", "data": "{\"defaultFeedback\": \"\", \"description\": \"End Unit 1 Q4\", \"multiple_selections\": false, \"question\": \"You want to search within the NASA website for information on the Mars \\nCuriosity. Which of the following would yield the most precise search \\nresults? \\n            \", \"choices\": [{\"text\": \"\\u003Cspan class=\\\"quiz-card__choice__text ng-binding\\\"\\u003E\\u201cMars curiosity\\u201d site:nasa.gov\\u003C/span\\u003E\", \"score\": 1.0, \"feedback\": \"\"}, {\"text\": \"\\u003Cspan class=\\\"quiz-card__choice__text ng-binding\\\"\\u003EMars curiosity +nasa\\u003C/span\\u003E\", \"score\": 0.0, \"feedback\": \"\"}, {\"text\": \"\\u003Cspan class=\\\"quiz-card__choice__text ng-binding\\\"\\u003E\\u201cMars curiosity\\u201d related:nasa\\u003C/span\\u003E\\n                    \", \"score\": 0.0, \"feedback\": \"\"}, {\"text\": \"\\u003Cspan class=\\\"quiz-card__choice__text ng-binding\\\"\\u003EMars +nasa +curiosity\\u003C/span\\u003E\", \"score\": 0.0, \"feedback\": \"\"}], \"version\": \"1.5\", \"last_modified\": 1501154080.6172299, \"type\": 0, \"all_or_nothing_grading\": true, \"permute_choices\": true, \"show_answer_when_incorrect\": true}", "key.id": 5730082031140864, "key": "ag9lfmNmYWZyaWNhLW1vb2NyGwsSDlF1ZXN0aW9uRW50aXR5GICAgICr75YKDKIBEW5zX25ld3NfZ2F0aGVyaW5n"},
    {"key.name": "None", "data": "{\"defaultFeedback\": \"\", \"description\": \"End Unit 1 Q19\", \"multiple_selections\": false, \"question\": \"Which click path would be correct to create a Google News query with a custom date range?\\n            \", \"choices\": [{\"text\": \"\\u003Cspan class=\\\"quiz-card__choice__text ng-binding\\\"\\u003ETools &gt; Recent &gt; Custom Range\\u003C/span\\u003E\", \"score\": 1.0, \"feedback\": \"\"}, {\"text\": \"\\u003Cspan class=\\\"quiz-card__choice__text ng-binding\\\"\\u003EFilter &gt; By Date &gt; Custom Range\\u003C/span\\u003E\", \"score\": 0.0, \"feedback\": \"\"}, {\"text\": \"\\u003Cspan class=\\\"quiz-card__choice__text ng-binding\\\"\\u003ESettings &gt; Filter by &gt; Date\\u003C/span\\u003E\", \"score\": 0.0, \"feedback\": \"\"}, {\"text\": \"\\u003Cspan class=\\\"quiz-card__choice__text ng-binding\\\"\\u003EArchives &gt; Filter by &gt; Date\\u003C/span\\u003E\", \"score\": 0.0, \"feedback\": \"\"}], \"version\": \"1.5\", \"last_modified\": 1501157798.7584801, \"type\": 0, \"all_or_nothing_grading\": true, \"permute_choices\": true, \"show_answer_when_incorrect\": true}", "key.id": 5730827476402176, "key": "ag9lfmNmYWZyaWNhLW1vb2NyGwsSDlF1ZXN0aW9uRW50aXR5GICAgICEhZcKDKIBEW5zX25ld3NfZ2F0aGVyaW5n"},
    {"key.name": "None", "data": "{\"defaultFeedback\": \"\", \"description\": \"End Unit 1 Q8\", \"multiple_selections\": false, \"question\": \"When you enter a query as a \\u201csearch term\\u201d versus a \\u201ctopic\\u201d which of the following is true?\\n            \", \"choices\": [{\"text\": \"\\u003Cspan class=\\\"quiz-card__choice__text ng-binding\\\"\\u003ENo misspellings, spelling variations, synonyms, plural or singular versions of your terms are included\\u003C/span\\u003E\", \"score\": 1.0, \"feedback\": \"\"}, {\"text\": \"\\u003Cspan class=\\\"quiz-card__choice__text ng-binding\\\"\\u003EYour results will include plural and singular versions of your terms  \\u003C/span\\u003E\\n                    \", \"score\": 0.0, \"feedback\": \"\"}, {\"text\": \"\\u003Cspan class=\\\"quiz-card__choice__text ng-binding\\\"\\u003EYou must put the term in quotation marks if you want to search only that exact word or phrase\\u003C/span\\u003E\", \"score\": 0.0, \"feedback\": \"\"}, {\"text\": \"\\u003Cspan class=\\\"quiz-card__choice__text ng-binding\\\"\\u003EYour results will include common misspellings and localized spelling variations\\u003C/span\\u003E\", \"score\": 0.0, \"feedback\": \"\"}], \"version\": \"1.5\", \"last_modified\": 1501155449.7441199, \"type\": 0, \"all_or_nothing_grading\": true, \"permute_choices\": true, \"show_answer_when_incorrect\": true}", "key.id": 5741031244955648, "key": "ag9lfmNmYWZyaWNhLW1vb2NyGwsSDlF1ZXN0aW9uRW50aXR5GICAgICArpkKDKIBEW5zX25ld3NfZ2F0aGVyaW5n"},
    {"key.name": "None", "data": "{\"defaultFeedback\": \"\", \"description\": \"End Unit 1 Q21\", \"multiple_selections\": false, \"question\": \"Where would you start to search Google\\u2019s archive of scanned newspaper published before  2003?\\n            \", \"choices\": [{\"text\": \"\\u003Cspan class=\\\"quiz-card__choice__text ng-binding\\\"\\u003Egoogle.com/newspapers\\u003C/span\\u003E\", \"score\": 0.0, \"feedback\": \"\"}, {\"text\": \"\\u003Cspan class=\\\"quiz-card__choice__text ng-binding\\\"\\u003Earchive:google.com/newspapers\\u003C/span\\u003E\", \"score\": 0.0, \"feedback\": \"\"}, {\"text\": \"\\u003Cspan class=\\\"quiz-card__choice__text ng-binding\\\"\\u003ENewspapers.google.com\\u003C/span\\u003E\", \"score\": 0.0, \"feedback\": \"\"}, {\"text\": \"\\u003Cspan class=\\\"quiz-card__choice__text ng-binding\\\"\\u003Esite:google.com/newspapers\\u003C/span\\u003E\", \"score\": 1.0, \"feedback\": \"\"}], \"version\": \"1.5\", \"last_modified\": 1501160046.5138099, \"type\": 0, \"all_or_nothing_grading\": true, \"permute_choices\": true, \"show_answer_when_incorrect\": true}", "key.id": 5749328048029696, "key": "ag9lfmNmYWZyaWNhLW1vb2NyGwsSDlF1ZXN0aW9uRW50aXR5GICAgIC8n5sKDKIBEW5zX25ld3NfZ2F0aGVyaW5n"},
    {"key.name": "None", "data": "{\"defaultFeedback\": \"\", \"description\": \"End Unit 1 Q10\", \"multiple_selections\": false, \"question\": \"How is Trends data adjusted?\\n\", \"choices\": [{\"text\": \"\\u003Cspan class=\\\"quiz-card__choice__text ng-binding\\\"\\u003EIt shows relative number of searches as a proportion of related terms \\u003C/span\\u003E\", \"score\": 0.0, \"feedback\": \"\"}, {\"text\": \"\\u003Cspan class=\\\"quiz-card__choice__text ng-binding\\\"\\u003EIt compares relative popularity based on time and region\\u003C/span\\u003E\", \"score\": 1.0, \"feedback\": \"\"}, {\"text\": \"\\u003Cspan class=\\\"quiz-card__choice__text ng-binding\\\"\\u003EIt\\u2019s based on total number of searches in a specified time period\\u003C/span\\u003E\\n                    \", \"score\": 0.0, \"feedback\": \"\"}, {\"text\": \"\\u003Cspan class=\\\"quiz-card__choice__text ng-binding\\\"\\u003EBy the average number of searches per minute\\u003C/span\\u003E\", \"score\": 0.0, \"feedback\": \"\"}], \"version\": \"1.5\", \"last_modified\": 1501155718.42153, \"type\": 0, \"all_or_nothing_grading\": true, \"permute_choices\": true, \"show_answer_when_incorrect\": true}", "key.id": 5750790484393984, "key": "ag9lfmNmYWZyaWNhLW1vb2NyGwsSDlF1ZXN0aW9uRW50aXR5GICAgICEypsKDKIBEW5zX25ld3NfZ2F0aGVyaW5n"},
    {"key.name": "None", "data": "{\"defaultFeedback\": \"\", \"description\": \"End Unit 1 Q20\", \"multiple_selections\": false, \"question\": \"How far back can you search articles on news.google.com?\\n            \", \"choices\": [{\"text\": \"2001\", \"score\": 0.0, \"feedback\": \"\"}, {\"text\": \"1999\", \"score\": 0.0, \"feedback\": \"\"}, {\"text\": \"2003\", \"score\": 1.0, \"feedback\": \"\"}, {\"text\": \"2005\", \"score\": 0.0, \"feedback\": \"\"}], \"version\": \"1.5\", \"last_modified\": 1501157892.8229301, \"type\": 0, \"all_or_nothing_grading\": true, \"permute_choices\": true, \"show_answer_when_incorrect\": true}", "key.id": 6255412097581056, "key": "ag9lfmNmYWZyaWNhLW1vb2NyGwsSDlF1ZXN0aW9uRW50aXR5GICAgIC6qI4LDKIBEW5zX25ld3NfZ2F0aGVyaW5n"},
    {"key.name": "None", "data": "{\"defaultFeedback\": \"\", \"description\": \"End Unit 1 Q24\", \"multiple_selections\": false, \"question\": \"Which of the following would NOT be found on Google Scholar\", \"choices\": [{\"text\": \"\\u003Cspan class=\\\"quiz-card__choice__text ng-binding\\\"\\u003EU.S. Federal Court cases\\u003C/span\\u003E\", \"score\": 0.0, \"feedback\": \"\"}, {\"text\": \"\\u003Cspan class=\\\"quiz-card__choice__text ng-binding\\\"\\u003EMedical research abstracts\\u003C/span\\u003E\", \"score\": 0.0, \"feedback\": \"\"}, {\"text\": \"\\u003Cspan class=\\\"quiz-card__choice__text ng-binding\\\"\\u003EScholarly articles by university professors\\u003C/span\\u003E\", \"score\": 0.0, \"feedback\": \"\"}, {\"text\": \"\\u003Cspan class=\\\"quiz-card__choice__text ng-binding\\\"\\u003EHistorical newspaper editorials\\u003C/span\\u003E\", \"score\": 1.0, \"feedback\": \"\"}], \"version\": \"1.5\", \"last_modified\": 1501158764.93874, \"type\": 0, \"all_or_nothing_grading\": true, \"permute_choices\": true, \"show_answer_when_incorrect\": true}", "key.id": 6293031984562176, "key": "ag9lfmNmYWZyaWNhLW1vb2NyGwsSDlF1ZXN0aW9uRW50aXR5GICAgICr75YLDKIBEW5zX25ld3NfZ2F0aGVyaW5n"},
    {"key.name": "None", "data": "{\"defaultFeedback\": \"\", \"description\": \"End Unit 1 Q23\", \"multiple_selections\": false, \"question\": \"Which statement best describes Google Scholar?\\n            \", \"choices\": [{\"text\": \"\\u003Cspan class=\\\"quiz-card__choice__text ng-binding\\\"\\u003EA compendium of news articles available to scholars worldwide\\u003C/span\\u003E\", \"score\": 1.0, \"feedback\": \"\"}, {\"text\": \"\\u003Cspan class=\\\"quiz-card__choice__text ng-binding\\\"\\u003EA way for universities to organize and share ideas and information\\u003C/span\\u003E\\n                    \", \"score\": 0.0, \"feedback\": \"\"}, {\"text\": \"\\u003Cspan class=\\\"quiz-card__choice__text ng-binding\\\"\\u003EA place to search materials by academic publishers, professional societies and universities\\u003C/span\\u003E\", \"score\": 0.0, \"feedback\": \"\"}, {\"text\": \"\\u003Cspan class=\\\"quiz-card__choice__text ng-binding\\\"\\u003EA collection of scholarly articles and books, curated by Google editors\\u003C/span\\u003E\", \"score\": 0.0, \"feedback\": \"\"}], \"version\": \"1.5\", \"last_modified\": 1501158279.7149301, \"type\": 0, \"all_or_nothing_grading\": true, \"permute_choices\": true, \"show_answer_when_incorrect\": true}", "key.id": 6313740437815296, "key": "ag9lfmNmYWZyaWNhLW1vb2NyGwsSDlF1ZXN0aW9uRW50aXR5GICAgICEypsLDKIBEW5zX25ld3NfZ2F0aGVyaW5n"}
]}
