{"rows": [
    {"key.name": "None", "data": "{\"defaultFeedback\": \"\", \"description\": \"End Unit 3 Q3\", \"multiple_selections\": false, \"question\": \"Which of the following should you include at the beginning of your title to make it more searchable?\\n            \", \"choices\": [{\"text\": \"\\u003Cspan class=\\\"quiz-card__choice__text ng-binding\\\"\\u003EBranding\\u003C/span\\u003E\", \"score\": 0.0, \"feedback\": \"\"}, {\"text\": \"\\u003Cspan class=\\\"quiz-card__choice__text ng-binding\\\"\\u003EEpisode numbers\\u003C/span\\u003E\", \"score\": 0.0, \"feedback\": \"\"}, {\"text\": \"\\u003Cspan class=\\\"quiz-card__choice__text ng-binding\\\"\\u003EDate recorded\\u003C/span\\u003E\\n                    \", \"score\": 0.0, \"feedback\": \"\"}, {\"text\": \"\\u003Cspan class=\\\"quiz-card__choice__text ng-binding\\\"\\u003EKeywords\\u003C/span\\u003E\\n                    \", \"score\": 1.0, \"feedback\": \"\"}], \"version\": \"1.5\", \"last_modified\": 1501164564.12288, \"type\": 0, \"all_or_nothing_grading\": true, \"permute_choices\": true, \"show_answer_when_incorrect\": true}", "key.id": 5639445604728832, "key": "ag9lfmNmYWZyaWNhLW1vb2NyGwsSDlF1ZXN0aW9uRW50aXR5GICAgIC8oYIKDKIBFm5zX2F1ZGllbmNlX2VuZ2FnZW1lbnQ"},
    {"key.name": "None", "data": "{\"defaultFeedback\": \"\", \"description\": \"End Unit 3 Q1\", \"multiple_selections\": false, \"question\": \"Which factor is likely to have the biggest impact on a channel\\u2019s sustainability?\\n            \", \"choices\": [{\"text\": \"\\u003Cspan class=\\\"quiz-card__choice__text ng-binding\\\"\\u003EChannel and video metadata\\u003C/span\\u003E\\n                    \", \"score\": 0.0, \"feedback\": \"\"}, {\"text\": \"\\u003Cspan class=\\\"quiz-card__choice__text ng-binding\\\"\\u003EA regular upload schedule\\u003C/span\\u003E\", \"score\": 1.0, \"feedback\": \"\"}, {\"text\": \"\\u003Cspan class=\\\"quiz-card__choice__text ng-binding\\\"\\u003EPreliminary goals\\u003C/span\\u003E\", \"score\": 0.0, \"feedback\": \"\"}, {\"text\": \"\\u003Cspan class=\\\"quiz-card__choice__text ng-binding\\\"\\u003EAudience research\\u003C/span\\u003E\", \"score\": 0.0, \"feedback\": \"\"}], \"version\": \"1.5\", \"last_modified\": 1501164361.2224801, \"type\": 0, \"all_or_nothing_grading\": true, \"permute_choices\": true, \"show_answer_when_incorrect\": true}", "key.id": 5649391675244544, "key": "ag9lfmNmYWZyaWNhLW1vb2NyGwsSDlF1ZXN0aW9uRW50aXR5GICAgID4woQKDKIBFm5zX2F1ZGllbmNlX2VuZ2FnZW1lbnQ"},
    {"key.name": "None", "data": "{\"defaultFeedback\": \"\", \"description\": \"End Unit 3 Q4-1\", \"multiple_selections\": false, \"question\": \"What do you call the combination of title, description, tags, and thumbnail?\\n            \", \"choices\": [{\"text\": \"\\u003Cspan class=\\\"quiz-card__choice__text ng-binding\\\"\\u003ESearch data\\u003C/span\\u003E\", \"score\": 0.0, \"feedback\": \"\"}, {\"text\": \"\\u003Cspan class=\\\"quiz-card__choice__text ng-binding\\\"\\u003EMetadata\\u003C/span\\u003E\", \"score\": 1.0, \"feedback\": \"\"}, {\"text\": \"\\u003Cspan class=\\\"quiz-card__choice__text ng-binding\\\"\\u003EVideo data\\u003C/span\\u003E\", \"score\": 0.0, \"feedback\": \"\"}, {\"text\": \"\\u003Cspan class=\\\"quiz-card__choice__text ng-binding\\\"\\u003EChannel data\\u003C/span\\u003E\\n                    \", \"score\": 0.0, \"feedback\": \"\"}], \"version\": \"1.5\", \"last_modified\": 1501165265.46225, \"type\": 0, \"all_or_nothing_grading\": true, \"permute_choices\": true, \"show_answer_when_incorrect\": true}", "key.id": 5659313586569216, "key": "ag9lfmNmYWZyaWNhLW1vb2NyGwsSDlF1ZXN0aW9uRW50aXR5GICAgIDa44YKDKIBFm5zX2F1ZGllbmNlX2VuZ2FnZW1lbnQ"},
    {"key.name": "None", "data": "{\"defaultFeedback\": \"\", \"description\": \"End Unit 3 Q4\", \"multiple_selections\": false, \"question\": \"What do you call the combination of title, description, tags, and thumbnail?\", \"choices\": [{\"text\": \"\\u003Cspan class=\\\"quiz-card__choice__text ng-binding\\\"\\u003ESearch data\\u003C/span\\u003E\", \"score\": 0.0, \"feedback\": \"\"}, {\"text\": \"\\u003Cspan class=\\\"quiz-card__choice__text ng-binding\\\"\\u003EMetadata\\u003C/span\\u003E\\n                    \", \"score\": 1.0, \"feedback\": \"\"}, {\"text\": \"\\u003Cspan class=\\\"quiz-card__choice__text ng-binding\\\"\\u003EVideo data\\u003C/span\\u003E\", \"score\": 0.0, \"feedback\": \"\"}, {\"text\": \"\\u003Cspan class=\\\"quiz-card__choice__text ng-binding\\\"\\u003EChannel data\\u003C/span\\u003E\\n                    \", \"score\": 0.0, \"feedback\": \"\"}], \"version\": \"1.5\", \"last_modified\": 1501165143.9981999, \"type\": 0, \"all_or_nothing_grading\": true, \"permute_choices\": true, \"show_answer_when_incorrect\": true}", "key.id": 5668600916475904, "key": "ag9lfmNmYWZyaWNhLW1vb2NyGwsSDlF1ZXN0aW9uRW50aXR5GICAgICA8ogKDKIBFm5zX2F1ZGllbmNlX2VuZ2FnZW1lbnQ"},
    {"key.name": "None", "data": "{\"defaultFeedback\": \"\", \"description\": \"End Unit 3 Q2\", \"multiple_selections\": false, \"question\": \"In addition to making great content, how can you reliably increase watch time and views?\", \"choices\": [{\"text\": \"\\u003Cspan class=\\\"quiz-card__choice__text ng-binding\\\"\\u003EIncrease the number of unique views on your video\\u003C/span\\u003E\\n                    \", \"score\": 0.0, \"feedback\": \"\"}, {\"text\": \"\\u003Cspan class=\\\"quiz-card__choice__text ng-binding\\\"\\u003EIncrease the number of subscribers on your channel\\u003C/span\\u003E\\n                    \", \"score\": 1.0, \"feedback\": \"\"}, {\"text\": \"\\u003Cspan class=\\\"quiz-card__choice__text ng-binding\\\"\\u003EImprove the metadata in your videos\\u003C/span\\u003E\", \"score\": 0.0, \"feedback\": \"\"}, {\"text\": \"\\u003Cspan class=\\\"quiz-card__choice__text ng-binding\\\"\\u003EPost your video on other platforms\\u003C/span\\u003E\\n                    \", \"score\": 0.0, \"feedback\": \"\"}], \"version\": \"1.5\", \"last_modified\": 1501164464.14219, \"type\": 0, \"all_or_nothing_grading\": true, \"permute_choices\": true, \"show_answer_when_incorrect\": true}", "key.id": 5707702298738688, "key": "ag9lfmNmYWZyaWNhLW1vb2NyGwsSDlF1ZXN0aW9uRW50aXR5GICAgICA5JEKDKIBFm5zX2F1ZGllbmNlX2VuZ2FnZW1lbnQ"}
]}
