{"units": [{"weight": 1, "show_contents_on_one_page": true, "labels": "", "unit_header": "", "href": null, "post_assessment": null, "workflow_yaml": "grader: auto\n", "availability": "public", "description": "", "title": "Video Stories", "unit_id": 1, "type": "U", "custom_unit_type": null, "manual_progress": false, "pre_assessment": null, "properties": {}, "unit_footer": "Rewiring Journalists for the Digital Age\u003Cbr\u003E", "html_check_answers": false, "html_content": null, "release_date": "", "html_review_form": null, "shown_when_unavailable": false}, {"weight": 1.0, "show_contents_on_one_page": false, "labels": "", "unit_header": null, "href": null, "post_assessment": null, "workflow_yaml": "{grader: auto, matcher: peer, review_due_date: null, review_min_count: 0, review_window_mins: 0,\n  show_feedback: false, single_submission: true, submission_due_date: null}\n", "availability": "public", "description": "", "title": "End Unit Quiz", "unit_id": 6, "type": "A", "custom_unit_type": null, "manual_progress": false, "pre_assessment": null, "properties": {}, "unit_footer": null, "html_check_answers": false, "html_content": "\u003Cquestion quid=\"5649391675244544\" qu_type=\"null\" weight=\"\" instanceid=\"87252d7NNdBo\"\u003E\u003C/question\u003E\u003Cbr\u003E\u003Cbr\u003E\u003Cimg class=\"quiz-card__media__content ng-scope\" src=\"https://newslab.withgoogle.com/assets/img/quiz/4756593199546368/1.jpg\"\u003E\u003Cbr\u003E\u003Cbr\u003E\u003Cquestion quid=\"5707702298738688\" qu_type=\"null\" weight=\"\" instanceid=\"OWdHJ1XYhl1n\"\u003E\u003C/question\u003E\u003Cbr\u003E\u003Cbr\u003E\u003Cimg class=\"quiz-card__media__content ng-scope\" src=\"https://newslab.withgoogle.com/assets/img/quiz/4756593199546368/2.jpg\"\u003E\u003Cbr\u003E\u003Cbr\u003E\u003Cquestion quid=\"5639445604728832\" qu_type=\"null\" weight=\"\" instanceid=\"oaz4BWfuXUk8\"\u003E\u003C/question\u003E\u003Cbr\u003E\u003Cbr\u003E\u003Cimg class=\"quiz-card__media__content ng-scope\" src=\"https://newslab.withgoogle.com/assets/img/quiz/4756593199546368/3.jpg\"\u003E\u003Cbr\u003E\u003Cbr\u003E\u003Cquestion quid=\"5659313586569216\" qu_type=\"null\" weight=\"\" instanceid=\"RYnNYLKZL5sT\"\u003E\u003C/question\u003E\u003Cbr\u003E\u003Cbr\u003E\u003Cimg class=\"quiz-card__media__content ng-scope\" src=\"https://newslab.withgoogle.com/assets/img/quiz/4756593199546368/4.jpg\"\u003E\u003Cbr\u003E\u003Cbr\u003E\u003Cbr\u003E\u003Cbr\u003E", "release_date": "", "html_review_form": null, "shown_when_unavailable": false}], "lessons": [{"scored": false, "title": "YouTube as a Storytelling Tool", "has_activity": false, "objectives": "\u003Cdiv class=\"lesson-card__text__title ng-binding ng-scope\"\u003E\u003Ch1\u003EUsing YouTube to source content.\u003C/h1\u003E\u003C/div\u003E\n            \u003Cdiv class=\"lesson-card__text__body ng-binding ng-scope\"\u003E\u003Cdiv\u003E\u003Cp\u003EYouTube\n can be a powerful source for discovering content that\u2019s relevant to \nstories you\u2019re reporting. Let\u2019s say you\u2019re writing about endangered \nspecies breeding programs and you\u2019re looking for footage of a baby \nelephant. After searching on YouTube, you\u2019ll see a results page with \nrelevant videos, playlists and channels.\u003C/p\u003E\u003Cp\u003E\u003Cimg class=\"lesson-card__media__content ng-scope\" src=\"https://storage.googleapis.com/gweb-newslab.appspot.com/upload/NL_YT_Storytelling_1_F.jpg\"\u003E\u003C/p\u003E\u003Cp\u003E\u003Cbr\u003E\u003C/p\u003E\u003Cdiv class=\"lesson-card__text__title ng-binding ng-scope\"\u003E\u003Ch2\u003EFilter and sort to find your ideal footage.\u003C/h2\u003E\u003C/div\u003E\n            \u003Cdiv class=\"lesson-card__text__body ng-binding ng-scope\"\u003E\u003Cdiv\u003E\u003Cp\u003EYou can use advanced filtering and sorting techniques to quickly find what you\u2019re looking for.\u003C/p\u003E\n\n\u003Cp\u003EYou can further refine your search by filtering for upload date, \nvideo length, HD content and more. Finally, you can sort by relevance, \nview count, rating and recency.\u003C/p\u003E\u003Cp\u003E\u003Cbr\u003E\u003C/p\u003E\u003Cp\u003E\u003Cgcb-youtube videoid=\"https://youtu.be/Dh5V3sPiyzg\" instanceid=\"SF97CJRfMA9I\"\u003E\u003C/gcb-youtube\u003E\u003C/p\u003E\u003Cp\u003E\u003Cbr\u003E\u003C/p\u003E\u003Cdiv class=\"lesson-card__text__title ng-binding ng-scope\"\u003E\u003Ch2\u003ECrediting the content owner.\u003C/h2\u003E\u003C/div\u003E\n            \u003Cdiv class=\"lesson-card__text__body ng-binding ng-scope\"\u003E\u003Cdiv\u003E\u003Cp\u003ENow\n that you\u2019ve found the footage you want, find out if it\u2019s available for \nuse. Though YouTube has a license to distribute the video, it's the \nYouTube user who owns the content. We encourage you to reach out to \nusers directly and to provide attribution by displaying the username or \nthe real name of the individual, if you've obtained it.\u003C/p\u003E\n\n\u003Cp\u003ETo contact a YouTube user, click on their username to go to their \nchannel, where you can see what personal information he or she has \nshared (name, website, location, etc.). From there, you can also find \nout if they\u2019ve shared their contact email. Once you have permission to \nuse their footage, be sure to credit the source onscreen, in your \nvideo\u2019s description and by linking to their channel.\u003C/p\u003E\n\n\u003Cp\u003EIf you\u2019re broadcasting your YouTube video on television, please include on-screen and verbal attribution.\u003C/p\u003E\u003Cp\u003E\u003Cbr\u003E\u003C/p\u003E\u003Cp\u003E\u003Cgcb-youtube videoid=\"https://youtu.be/4yZIy-Lb3Ow\" instanceid=\"0VdksAPL3iVp\"\u003E\u003C/gcb-youtube\u003E\u003C/p\u003E\u003Cp\u003E\u003Cbr\u003E\u003C/p\u003E\u003Cdiv class=\"lesson-card__text__title ng-binding ng-scope\"\u003E\u003Ch1\u003EYouTube Creator Academy.\u003C/h1\u003E\u003C/div\u003E\n            \u003Cdiv class=\"lesson-card__text__body ng-binding ng-scope\"\u003E\u003Cdiv\u003E\u003Cp\u003EWhether\n you\u2019re new to YouTube or already have a news channel you want to take \nto the next level, there\u2019s always something to learn in the YouTube \nCreator Academy.\u003C/p\u003E\n\n\u003Cp\u003EThe Creator Academy features free online lessons and courses that \nhelp strengthen your YouTube skills, build your audience and optimize \nyour channel for success.\u003C/p\u003E\u003Cp\u003E\u003Cbr\u003E\u003C/p\u003E\u003Cp\u003E\u003Cimg class=\"lesson-card__media__content ng-scope\" src=\"https://storage.googleapis.com/gweb-newslab.appspot.com/upload/NL_YTCreator_01_F.png\"\u003E\u003C/p\u003E\u003Cp\u003E\u003Cbr\u003E\u003C/p\u003E\u003Cdiv class=\"lesson-card__text__title ng-binding ng-scope\"\u003E\u003Ch2\u003ESearching and browsing by topic.\u003C/h2\u003E\u003C/div\u003E\n            \n            \n            \n            \n                \u003Cul class=\"lesson-card__toggle__list\"\u003E\u003Cli class=\"lesson-card__toggle__list__item ng-scope video\"\u003E\n                        \u003Cdiv class=\"lesson-card__toggle__list__item__link ng-binding active\" role=\"button\" tabindex=\"0\"\u003E\u003Cdiv\u003ECreator\n Academy lessons consist of a single video, while courses cover topics \nin-depth using a series of videos. Many videos feature top YouTube \nCreators sharing tips and strategies that you can try yourself.\u003C/div\u003E\u003C/div\u003E\n                    \u003C/li\u003E\u003Cli class=\"lesson-card__toggle__list__item ng-scope video\"\u003E\n                        \u003Cdiv class=\"lesson-card__toggle__list__item__link ng-binding\" role=\"button\" tabindex=\"0\"\u003E\u003Cdiv\u003ETo\n find a lesson or course that interests you, click on one of the \ncategories listed on the homepage, or enter a topic in the search bar \nand browse your results.\u003C/div\u003E\u003C/div\u003E\u003C/li\u003E\u003C/ul\u003E\u003Cp\u003E\u003Cgcb-youtube videoid=\"https://youtu.be/HXMYhy9Amq0\" instanceid=\"JYa5UQiW4dw3\"\u003E\u003C/gcb-youtube\u003E\u003C/p\u003E\u003Cp\u003E\u003Cgcb-youtube videoid=\"https://youtu.be/XdPd43nJaOg\" instanceid=\"vgv7uteD5Bit\"\u003E\u003C/gcb-youtube\u003E\u003C/p\u003E\u003Cp\u003E\u003Cbr\u003E\u003C/p\u003E\u003Cdiv class=\"lesson-card__text__title ng-binding ng-scope\"\u003E\u003Ch2\u003EBeginner courses.\u003C/h2\u003E\u003C/div\u003E\n            \u003Cdiv class=\"lesson-card__text__body ng-binding ng-scope\"\u003E\u003Cdiv\u003E\u003Cdiv\u003EIf you\u2019re new to YouTube, we suggest you start with the following courses:\u003C/div\u003E\u003C/div\u003E\u003C/div\u003E\n            \n            \n            \n                \u003Cul class=\"lesson-card__toggle__list\"\u003E\u003Cli class=\"lesson-card__toggle__list__item ng-scope video\"\u003E\n                        \u003Cdiv class=\"lesson-card__toggle__list__item__link ng-binding active\" role=\"button\" tabindex=\"0\"\u003E\u003Cdiv\u003E\u003Cdiv\u003E\u003Ca href=\"https://creatoracademy.youtube.com/page/course/bootcamp-foundations?ytref=all&amp;hl=en\" target=\"_blank\"\u003EHow YouTube Works\u003C/a\u003E&nbsp;- The fundamentals of getting started and why subscribers matter.\u003C/div\u003E\u003C/div\u003E\u003C/div\u003E\n                    \u003C/li\u003E\u003Cli class=\"lesson-card__toggle__list__item ng-scope video\"\u003E\n                        \u003Cdiv class=\"lesson-card__toggle__list__item__link ng-binding\" role=\"button\" tabindex=\"0\"\u003E\u003Cdiv\u003E\u003Cdiv\u003E\u003Ca href=\"https://creatoracademy.youtube.com/page/course/great-content?ytref=all&amp;hl=en\" target=\"_blank\"\u003ECreate Great Content\u003C/a\u003E&nbsp;- Develop your creative strategy and production skills to build loyal fans.\u003C/div\u003E\u003C/div\u003E\u003C/div\u003E\u003C/li\u003E\u003C/ul\u003E\u003Cp\u003E\u003Cgcb-youtube videoid=\"https://youtu.be/jeqF1AXX_mI\" instanceid=\"JMpzkIvRWSbb\"\u003E\u003C/gcb-youtube\u003E\u003C/p\u003E\u003Cp\u003E\u003Cgcb-youtube videoid=\"https://youtu.be/0A6wjxlSRvY\" instanceid=\"ep7yiIUfOJZ4\"\u003E\u003C/gcb-youtube\u003E\u003C/p\u003E\u003Cp\u003E\u003Ch2\u003E\u003Cbr\u003E\u003C/h2\u003E\u003C/p\u003E\u003Cdiv class=\"lesson-card__text__title ng-binding ng-scope\"\u003E\u003Ch2\u003EAdvanced courses.\u003C/h2\u003E\u003C/div\u003E\n            \u003Cdiv class=\"lesson-card__text__body ng-binding ng-scope\"\u003E\u003Cdiv\u003E\u003Cdiv\u003EOnce you know the fundamentals, these courses can help you expand your audience:\u003C/div\u003E\u003C/div\u003E\u003C/div\u003E\n            \n            \n            \n                \u003Cul class=\"lesson-card__toggle__list\"\u003E\u003Cli class=\"lesson-card__toggle__list__item ng-scope video\"\u003E\n                        \u003Cdiv class=\"lesson-card__toggle__list__item__link ng-binding active\" role=\"button\" tabindex=\"0\"\u003E\u003Cdiv\u003E\u003Cdiv\u003E\u003Ca href=\"https://creatoracademy.youtube.com/page/course/get-discovered?ytref=all&amp;hl=en\" target=\"_blank\"\u003EGet Discovered\u003C/a\u003E&nbsp;- Package your videos to give them the best chance to get watched.\u003C/div\u003E\u003C/div\u003E\u003C/div\u003E\n                    \u003C/li\u003E\u003Cli class=\"lesson-card__toggle__list__item ng-scope video\"\u003E\n                        \u003Cdiv class=\"lesson-card__toggle__list__item__link ng-binding\" role=\"button\" tabindex=\"0\"\u003E\u003Cdiv\u003E\u003Cdiv\u003E\u003Ca href=\"https://creatoracademy.youtube.com/page/course/fans?ytref=all&amp;hl=en\" target=\"_blank\"\u003EDrive Fan Engagement\u003C/a\u003E&nbsp;- Build and engage your audience for long term success.\u003C/div\u003E\u003C/div\u003E\u003C/div\u003E\u003C/li\u003E\u003C/ul\u003E\u003Cp\u003E\u003Cgcb-youtube videoid=\"https://youtu.be/D0LqU8qS_34\" instanceid=\"P9UySx8wH60Y\"\u003E\u003C/gcb-youtube\u003E\u003C/p\u003E\u003Cp\u003E\u003Cgcb-youtube videoid=\"https://youtu.be/h1Gf5TRBJkk\" instanceid=\"u3To3k6pVqei\"\u003E\u003C/gcb-youtube\u003E\u003C/p\u003E\u003Cp\u003E\u003Ch2\u003E\u003Cbr\u003E\u003C/h2\u003E\u003C/p\u003E\u003Cdiv class=\"lesson-card__text__title ng-binding ng-scope\"\u003E\u003Ch2\u003EBecoming an expert.\u003C/h2\u003E\u003C/div\u003E\n            \u003Cdiv class=\"lesson-card__text__body ng-binding ng-scope\"\u003E\u003Cdiv\u003E\u003Cdiv\u003EThese courses help you monetize your content and gauge its popularity:\u003C/div\u003E\u003C/div\u003E\u003C/div\u003E\n            \n            \n            \n                \u003Cul class=\"lesson-card__toggle__list\"\u003E\u003Cli class=\"lesson-card__toggle__list__item ng-scope video\"\u003E\n                        \u003Cdiv class=\"lesson-card__toggle__list__item__link ng-binding active\" role=\"button\" tabindex=\"0\"\u003E\u003Cdiv\u003E\u003Cdiv\u003E\u003Ca href=\"https://creatoracademy.youtube.com/page/course/earn-money?ytref=all&amp;hl=en\" target=\"_blank\"\u003EEarn Money With YouTube\u003C/a\u003E&nbsp;- Make money as your stories gain a following.\u003C/div\u003E\u003C/div\u003E\u003C/div\u003E\n                    \u003C/li\u003E\u003Cli class=\"lesson-card__toggle__list__item ng-scope video\"\u003E\n                        \u003Cdiv class=\"lesson-card__toggle__list__item__link ng-binding\" role=\"button\" tabindex=\"0\"\u003E\u003Cdiv\u003E\u003Cdiv\u003E\u003Ca href=\"https://creatoracademy.youtube.com/page/course/analytics-series?ytref=all&amp;hl=en\" target=\"_blank\"\u003EMeasure Your Success\u003C/a\u003E&nbsp;- Use YouTube Analytics to gauge story response.\u003C/div\u003E\u003C/div\u003E\u003C/div\u003E\u003C/li\u003E\u003C/ul\u003E\u003Cp\u003E\u003Cgcb-youtube videoid=\"https://youtu.be/0NIJXDru1jk\" instanceid=\"1dlATqfPlRvr\"\u003E\u003C/gcb-youtube\u003E\u003C/p\u003E\u003Cp\u003E\u003Cgcb-youtube videoid=\"https://youtu.be/RFVbV007vHU\" instanceid=\"aH8eYE6CuGV4\"\u003E\u003C/gcb-youtube\u003E\u003C/p\u003E\u003Cp\u003E\u003Cbr\u003E\u003C/p\u003E\u003Cdiv class=\"lesson-card__text__title ng-binding ng-scope\"\u003E\u003Ch2\u003EReview and enhance your skills.\u003C/h2\u003E\u003C/div\u003E\n            \n\n\u003Cp\u003EAt the end of many lessons is a quick quiz to help review what you\u2019ve learned.\u003C/p\u003E\n\n\u003Cp\u003ESpend some time in the Creator Academy, and soon you\u2019ll become a master of YouTube.\u003C/p\u003E\n\n\u003Cp\u003EVisit \u003Ca href=\"https://creatoracademy.withgoogle.com/page/education\" target=\"_blank\"\u003Eyoutube.com/creatoracademy\u003C/a\u003E\u003C/p\u003E\u003Cp\u003E\u003Ca href=\"https://creatoracademy.withgoogle.com/page/education\" target=\"_blank\"\u003E\u003Cgcb-youtube videoid=\"https://youtu.be/eHXh62eaeP0\" instanceid=\"5kFqSWQKGQjD\"\u003E\u003C/gcb-youtube\u003E\u003Cbr\u003E\u003C/a\u003E\u003C/p\u003E\u003Cp\u003E\u003Cgcb-youtube videoid=\"https://youtu.be/eHXh62eaeP0\" instanceid=\"n2Y1kyQA37gJ\"\u003E\u003C/gcb-youtube\u003E\u003C/p\u003E\u003Cp\u003E\u003Cbr\u003E\u003C/p\u003E\u003Cp\u003E\u003Cbr\u003E\u003Ca href=\"https://creatoracademy.withgoogle.com/page/education\" target=\"_blank\"\u003E\u003C/a\u003E\u003C/p\u003E\n\u003C/div\u003E\u003C/div\u003E\n\u003C/div\u003E\u003C/div\u003E\n\u003C/div\u003E\u003C/div\u003E\n\u003C/div\u003E\u003C/div\u003E", "manual_progress": false, "unit_id": "1", "activity_title": "", "availability": "public", "video": "", "lesson_id": 2, "auto_index": true, "duration": "", "shown_when_unavailable": false, "notes": "", "properties": {"modules.skill_map.skill_list": [5629499534213120]}, "activity_listed": true}, {"scored": false, "title": "Keep your Audience Hooked", "has_activity": false, "objectives": "\u003Cdiv class=\"lesson-card__text__title ng-binding ng-scope\"\u003E\u003Ch1\u003EOptimize titles, thumbnails, descriptions and tags.\u003C/h1\u003E\u003C/div\u003E\n            \u003Cdiv class=\"lesson-card__text__body ng-binding ng-scope\"\u003E\u003Cdiv\u003E\u003Cp\u003EDid\n you know YouTube is the world\u2019s second-largest search engine? Help \npeople discover your content by making your thumbnails, titles, and \ndescriptions just as engaging as the videos themselves. Think of these \npieces, collectively, as your mini marketing posters. The choices you \nmake when creating each element allow you to quickly catch your \naudience\u2019s attention -- so be sure to optimize them.\u003C/p\u003E\u003Cbr\u003E\u003Cp\u003E\u003Cimg class=\"lesson-card__media__content ng-scope\" src=\"https://storage.googleapis.com/gweb-newslab.appspot.com/upload/NL_YT_OPTIMIZE_1_F_ffegmm1.jpg\"\u003E\u003C/p\u003E\u003Cp\u003E\u003Cbr\u003E\u003C/p\u003E\u003Cdiv class=\"lesson-card__text__title ng-binding ng-scope\"\u003E\u003Ch2\u003EGive a snapshot of your story.\u003C/h2\u003E\u003C/div\u003E\n            \u003Cdiv\u003ESmall\n thumbnail images are usually the first thing people see when they find \none of your videos. Thumbnails show up in different sizes and formats \nacross the platform and outside of it -- so make sure your image pops no\n matter what size it is.\u003Cem\u003E&nbsp;\u003Cbr\u003E\u003C/em\u003E\u003Cbr\u003E\u003C/div\u003E\u003Cdiv\u003EYou\u2019ll want to \nupload a custom image for every video that accurately represents its \ncontent and pairs well with its title. When producing your video, it\u2019s a\n good idea to capture images specifically for use as thumbnails:\u003Cbr\u003E\u003Cbr\u003E\u003C/div\u003E\u003Cdiv\u003EKeep images in-focus and hi-resolution (640px x 360px min., 16:9 aspect ratio)\u003Cbr\u003E\u003Cbr\u003E\u003C/div\u003E\u003Cdiv\u003EBright and high-contrast images pop\u003Cbr\u003E\u003Cbr\u003E\u003C/div\u003E\u003Cdiv\u003EClose-ups of faces capture the eye\u003Cbr\u003E\u003Cbr\u003E\u003C/div\u003ECreate a clear focal point by making the foreground stand out from background\u003C/div\u003E\u003Cdiv\u003E\u003Cbr\u003E\u003C/div\u003E\u003Cdiv\u003E\u003Cimg class=\"lesson-card__media__content ng-scope\" src=\"https://storage.googleapis.com/gweb-newslab.appspot.com/upload/NL_YT_Optimize_2_F_1.jpg\"\u003E\u003C/div\u003E\u003Cdiv\u003E\u003Cbr\u003E\u003C/div\u003E\u003Cdiv\u003E\u003Cdiv class=\"lesson-card__text__title ng-binding ng-scope\"\u003E\u003Ch2\u003ETitles matter.\u003C/h2\u003E\u003C/div\u003E\n            \u003Cdiv class=\"lesson-card__text__body ng-binding ng-scope\"\u003E\u003Cdiv\u003E\u003Cp\u003EWhen crafting a title, be sure it works with your thumbnail to tell a cohesive and compelling story.\u003C/p\u003E\n\n\u003Cp\u003ETitles also help both audiences and YouTube\u2019s discovery systems make \nsense of your content \u2013 so be sure to include relevant keywords that \nhelp describe your video. Frontload those descriptive keywords in the \nbeginning of your title and keep the whole thing concise because titles \ncan get cut off \u2013 especially for mobile viewers.\u003C/p\u003E\n\n\u003Cp\u003E&nbsp;\u003C/p\u003E\u003Cp\u003E\u003Cimg class=\"lesson-card__media__content ng-scope\" src=\"https://storage.googleapis.com/gweb-newslab.appspot.com/upload/NL_YT_OPTIMIZE_3_F_BmeoFbn.jpg\"\u003E\u003C/p\u003E\u003Cp\u003E\u003Cbr\u003E\u003C/p\u003E\u003Cdiv class=\"lesson-card__text__title ng-binding ng-scope\"\u003E\u003Ch2\u003EDescriptions with appeal.\u003C/h2\u003E\u003C/div\u003E\n            \u003Cdiv class=\"lesson-card__text__body ng-binding ng-scope\"\u003E\u003Cdiv\u003E\u003Cp\u003EAfter\n your title, write a concise description that summarizes your video in \none or two sentences. This lets viewers know what to expect and helps \nindex your content for YouTube\u2019s discovery systems.\u003C/p\u003E\n\n\u003Cp\u003ERemember that thumbnails, titles and descriptions all appear in \nsearch results, so they should work together as a package. You can also \ninclude experience-enhancing links, like timestamps to specific moments \nin a video or links to complementary content.\u003C/p\u003E\u003Cp\u003E\u003Cbr\u003E\u003C/p\u003E\u003Cp\u003E\u003Cgcb-youtube videoid=\"https://youtu.be/LMosi-xPDJs\" instanceid=\"Qx6EGL2or6oJ\"\u003E\u003C/gcb-youtube\u003E\u003C/p\u003E\u003Cdiv class=\"lesson-card__text__title ng-binding ng-scope\"\u003E\u003Ch2\u003ETag it.\u003C/h2\u003E\u003C/div\u003E\n            \u003Cdiv class=\"lesson-card__text__body ng-binding ng-scope\"\u003E\u003Cdiv\u003E\u003Cp\u003ETags\n are keywords that help YouTube\u2019s discovery systems surface your videos \nto new audiences. Create unique tags for each video\u2019s most important \ntopics, names, places, etc. and generate a set of general tags to apply \nacross all of your videos to describe your channel (ex: News, \nJournalism, Afghanistan, Obama, etc).\u003C/p\u003E\n\n\u003Cp\u003EOnly use enough tags to thoroughly and accurately describe your videos.\u003C/p\u003E\n\n\u003Cp\u003EUpdate tags when new and relevant viewership trends emerge.\u003C/p\u003E\n\n\u003Cp\u003EInclude keywords from your title.\u003C/p\u003E\n\n\u003Cp\u003EUse quotation marks (\u201c) to convey multi-word tags (ex: \u201cGrand Canyon\u201d)\u003C/p\u003E\u003Cp\u003E\u003Cbr\u003E\u003C/p\u003E\u003Cp\u003E\u003Cgcb-youtube videoid=\"https://youtu.be/jxsvKx-X5_g\" instanceid=\"7pAU7zBDNvtm\"\u003E\u003C/gcb-youtube\u003E\u003C/p\u003E\u003Cp\u003E\u003Cbr\u003E\u003C/p\u003E\u003Cdiv class=\"lesson-card__text__title ng-binding ng-scope\"\u003E\u003Ch1\u003EMake the most of every view.\u003C/h1\u003E\u003C/div\u003E\n            \u003Cp\u003EThere\n are many ways to enhance fan engagement and turn &nbsp;a single view into \nmultiple views of your video. When used thoughtfully, annotations and \nplaylists can boost your channel\u2019s momentum, help you attract new \nsubscribers and get people to watch more of &nbsp;your stories.\u003C/p\u003E\u003Cp\u003E\u003Cbr\u003E\u003C/p\u003E\u003Cp\u003E\u003Cimg class=\"lesson-card__media__content ng-scope\" src=\"https://storage.googleapis.com/gweb-newslab.appspot.com/upload/NL_Annotation_1_F.jpg\"\u003E\u003C/p\u003E\u003Cp\u003E\u003Cbr\u003E\u003C/p\u003E\u003Cdiv class=\"lesson-card__text__title ng-binding ng-scope\"\u003E\u003Ch2\u003EIncorporating annotations. \u003C/h2\u003E\u003C/div\u003E\n            \u003Cdiv class=\"lesson-card__text__body ng-binding ng-scope\"\u003E\u003Cdiv\u003E\u003Cp\u003EAnnotations\n are clickable text overlays on YouTube videos. They\u2019re used to boost \nengagement, give more information, and aid in navigation. Be inventive! \nCreate annotations that make the most of YouTube\u2019s unique strengths as a\n media format. Some common uses include:\u003C/p\u003E\n\n\u003Cp\u003EAsking viewers to like, favorite or share a video.\u003C/p\u003E\n\n\u003Cp\u003EAsking a specific question to encourage dialogue.\u003C/p\u003E\n\n\u003Cp\u003EMaking it easy to subscribe right from your videos.\u003C/p\u003E\n\n\u003Cp\u003ECreating a table of contents for long-form videos.\u003C/p\u003E\n\n\u003Cp\u003ELinking to related videos, playlists, or channels.\u003C/p\u003E\n\n\u003Cp\u003EMake areas of your video clickable and interactive.\u003C/p\u003E\n\n\u003Cp\u003ELink to your website or social media accounts.\u003C/p\u003E\n\n\u003Cp\u003EAdd text clarification to a specific part of the video.\u003C/p\u003E\u003Cp\u003E\u003Cbr\u003E\u003C/p\u003E\u003Cp\u003E\u003Cgcb-youtube videoid=\"https://youtu.be/3oG5mY11qi0\" instanceid=\"gV9WpXqN9ceS\"\u003E\u003C/gcb-youtube\u003E\u003C/p\u003E\u003Cp\u003E\u003Cbr\u003E\u003C/p\u003E\u003Cdiv class=\"lesson-card__text__title ng-binding ng-scope\"\u003E\u003Ch2\u003EWhy playlists matter.\u003C/h2\u003E\u003C/div\u003E\n            \u003Cdiv class=\"lesson-card__text__body ng-binding ng-scope\"\u003E\u003Cdiv\u003E\u003Cp\u003EA\n playlist is an ordered list of videos that you create, often with a \nspecific theme. Items can come from your own channel, other channels, or\n both. You can theme them around news topics, current events or if your \nchannel features multiple journalists or hosts, you can use that as your\n organizing principle.\u003C/p\u003E\n\n\u003Cp\u003EPlaylists should be an essential part of your channel strategy. Not \nonly do they increase watch time, they make your videos more \ndiscoverable by creating another asset that appears in search results \nand in Suggested Videos. Playlists can help you:\u003C/p\u003E\n\n\u003Cp\u003EGroup videos you want people to enjoy in a single session or in a particular order.\u003C/p\u003E\n\n\u003Cp\u003ECollect videos around a theme or a tent-pole event.\u003C/p\u003E\n\n\u003Cp\u003ECombine your most-viewed videos with new uploads.\u003C/p\u003E\n\n\u003Cp\u003ECreate \u201cBest of\u201d playlists to attract new subscribers.\u003C/p\u003E\u003Cp\u003E\u003Cbr\u003E\u003C/p\u003E\u003Cp\u003E\u003Cimg class=\"lesson-card__media__content ng-scope\" src=\"https://storage.googleapis.com/gweb-newslab.appspot.com/upload/NL_Annotation_3_F.jpg\"\u003E\u003C/p\u003E\u003Cp\u003E\u003Cbr\u003E\u003C/p\u003E\u003Cdiv class=\"lesson-card__text__title ng-binding ng-scope\"\u003E\u003Ch2\u003EStrategies for successful playlists. \u003C/h2\u003E\u003C/div\u003E\n            \u003Cdiv class=\"lesson-card__text__body ng-binding ng-scope\"\u003E\u003Cdiv\u003E\u003Cp\u003ENow\n that you understand what playlists can do, you\u2019re ready to make your \nown. If a playlist needs context, you can upload a short, snappy intro \nvideo. Be sure to put your metadata to work for you with a compelling \nthumbnail image, strong title and cohesive description. All of these \nelements help people understand what your playlist is about and locate \nit.\u003C/p\u003E\n\n\u003Cp\u003E&nbsp;\u003C/p\u003E\u003Cp\u003E\u003Cgcb-youtube videoid=\"https://youtu.be/wr85n4A57b4\" instanceid=\"X23a47Uc2VyA\"\u003E\u003C/gcb-youtube\u003E\u003C/p\u003E\u003Cp\u003E\u003Cbr\u003E\u003C/p\u003E\u003Cdiv class=\"lesson-card__text__title ng-binding ng-scope\"\u003E\u003Ch2\u003EDrive viewership.\u003C/h2\u003E\u003C/div\u003E\n            \u003Cdiv class=\"lesson-card__text__body ng-binding ng-scope\"\u003E\u003Cdiv\u003E\u003Cp\u003EOnce\n your playlist is ready, you\u2019ll want to drive traffic. Use in-video \nmessaging, annotations, end-cards and description links to send viewers \nto a playlist. Display your playlists on your channel page and share \nthem with the channel post feature. Continue to add videos to it, \nbecause every addition can show up in your feed. You can also embed them\n on other websites and in social media--a great way to share your work \noutside of YouTube.\u003C/p\u003E\n\n\u003Cp\u003EAnd finally, invite comments. Not only does it open a dialogue with \nyour audience, it also creates links back to the playlist which become \norganic promotion.\u003C/p\u003E\u003Cp\u003E\u003Cgcb-youtube videoid=\"https://youtu.be/m_JRCjCRneA\" instanceid=\"iiDMv2IrTwsZ\"\u003E\u003C/gcb-youtube\u003E\u003C/p\u003E\u003Cdiv class=\"lesson-card__text__title ng-binding ng-scope\"\u003E\u003Ch2\u003E\u003Ch1\u003EMake news on YouTube.\u003C/h1\u003E\u003C/h2\u003E\u003C/div\u003E\n            \u003Cp\u003EWorldwide,\n YouTube is a major platform for viewing news and in particular, news \nrelated events. You can reach a global audience anytime, anywhere, on \nany device by building a presence on YouTube. News works a little \ndifferently on YouTube than say, traditional broadcast media, so we\u2019ve \ncompiled advice to help you make the most of your stories in this unique\n format.\u003C/p\u003E\u003Cp\u003E\u003Cbr\u003E\u003C/p\u003E\u003Cp\u003E\u003Cimg class=\"lesson-card__media__content ng-scope\" src=\"https://storage.googleapis.com/gweb-newslab.appspot.com/upload/NL_YT_Audience_1_F.jpg\"\u003E\u003C/p\u003E\u003Cp\u003E\u003Cbr\u003E\u003C/p\u003E\u003Cdiv class=\"lesson-card__text__title ng-binding ng-scope\"\u003E\u003Ch2\u003EMake it conversational.\u003C/h2\u003E \u003C/div\u003E\n            \u003Cdiv class=\"lesson-card__text__body ng-binding ng-scope\"\u003E\u003Cdiv\u003E\u003Cp\u003EThe\n first thing to know is: keep it real. On YouTube, it\u2019s the genuine \npersonalities who top the charts across all content verticals. An \nauthentic, relatable host with a consistent point of view can inspire \nloyalty and repeat viewership..\u003C/p\u003E\n\u003C/div\u003E\u003C/div\u003E\u003Cp\u003E\u003Cbr\u003E\u003C/p\u003E\u003Cp\u003E\u003Cgcb-youtube videoid=\"https://youtu.be/kCgtJo9u4_0\" instanceid=\"M1k2Z7rwQl2U\"\u003E\u003C/gcb-youtube\u003E\u003C/p\u003E\u003Cp\u003E\u003Cbr\u003E\u003C/p\u003E\u003Cdiv class=\"lesson-card__text__title ng-binding ng-scope\"\u003E\u003Ch2\u003ECollaborate and cross-promote.\u003C/h2\u003E\u003C/div\u003E\n            \u003Cdiv class=\"lesson-card__text__body ng-binding ng-scope\"\u003E\u003Cdiv\u003E\u003Cp\u003EOnce\n you get some momentum on your channel, you\u2019ll want to keep it going. \nTry to expand your follower base or reach an entirely new audience \nthrough collaboration and cross promotion. To find a collaborator, look \nfor an existing channel that matches yours in quality, content and/or \nperspective. Decide on a mutually beneficial concept you can create \ntogether to help you both reach and convert new viewers.\u003C/p\u003E\u003Cp\u003E\u003Cbr\u003E\u003C/p\u003E\u003Cp\u003E\u003Cgcb-youtube videoid=\"https://youtu.be/DAwF70e3VcI\" instanceid=\"4imlqmF9lJeU\"\u003E\u003C/gcb-youtube\u003E\u003C/p\u003E\u003Cp\u003E\u003Cbr\u003E\u003C/p\u003E\u003Cdiv class=\"lesson-card__text__title ng-binding ng-scope\"\u003E\u003Ch2\u003ESocialize your stories.\u003C/h2\u003E\u003C/div\u003E\n            \u003Cdiv class=\"lesson-card__text__body ng-binding ng-scope\"\u003E\u003Cdiv\u003E\u003Cp\u003EWhen\n you create a story, push it out beyond YouTube. Coordinate your efforts\n with posts across all social platforms to amplify your reach and engage\n with your community on the platforms where they spend time. By inviting\n viewers into the conversation and helping them connect with other \nfollowers, you can cultivate an engaged fan base and foster a sense of \ncommunity.\u003C/p\u003E\u003Cp\u003E\u003Cbr\u003E\u003C/p\u003E\u003Cp\u003E\u003Cgcb-youtube videoid=\"https://youtu.be/DAwF70e3VcI\" instanceid=\"O6tmhPZQE0vY\"\u003E\u003C/gcb-youtube\u003E\u003C/p\u003E\u003Cp\u003E\u003Cbr\u003E\u003C/p\u003E\u003Cdiv class=\"lesson-card__text__title ng-binding ng-scope\"\u003E\u003Ch2\u003EAdd detail to titles.\u003C/h2\u003E\u003C/div\u003E\n            \u003Cp\u003EWhatever\n your story, be sure to optimize videos to make them more discoverable \nthrough search interest. Add specific locations, dates, trending terms \nand relevant keywords in your metadata, titles, descriptions and tags. \nThis will keep your stories at the forefront of breaking news.\u003C/p\u003E\u003Cp\u003E\u003Cbr\u003E\u003C/p\u003E\u003Cp\u003E\u003Cgcb-youtube videoid=\"https://youtu.be/5F8bVJ5GcwE\" instanceid=\"hs3k7Fac1qF3\"\u003E\u003C/gcb-youtube\u003E\u003C/p\u003E\u003Cp\u003E\u003Cbr\u003E\u003C/p\u003E\u003Cdiv class=\"lesson-card__text__title ng-binding ng-scope\"\u003E\u003Ch2\u003ECover breaking news live.\u003C/h2\u003E\u003C/div\u003E\n            \u003Cp\u003EEfficiently\n publishing breaking news and exclusive stories may already be one of \nyour strengths. Since news is one of the most-watched categories for \nlive events on YouTube, you can try hosting or simulcasting a live \nstream, especially if you\u2019re the only source for a particular event. \nLive events can drive significant watch time and subscribers to your \nchannel.\u003C/p\u003E\u003Cp\u003E\u003Cbr\u003E\u003C/p\u003E\u003Cp\u003E\u003Cgcb-youtube videoid=\"https://youtu.be/gC2dohQE5k8\" instanceid=\"VUNlaWn6R7pu\"\u003E\u003C/gcb-youtube\u003E\u003C/p\u003E\u003Cp\u003E\u003Cbr\u003E\u003C/p\u003E\u003Cdiv class=\"lesson-card__text__title ng-binding ng-scope\"\u003E\u003Ch2\u003EAnalyze, Iterate and Repeat (AIR).\u003C/h2\u003E\u003C/div\u003E\n            \u003Cdiv\u003EBy\n using early indicators from YouTube Analytics, you can build momentum \nand replicate successes. Unlike print, TV, radio or digital publishing, \nYouTube\u2019s self-publishing video format encourages experimentation, so \nyou can constantly test and iterate storytelling formats. Analytics \nshows you what\u2019s working and what\u2019s not so you can continue to hone your\n content.\u003Cbr\u003E\u003Cbr\u003E\u003C/div\u003EFind more top strategies along with examples from news organizations on YouTube Creator Academy for journalists,&nbsp;\u003Ca href=\"https://creatoracademy.withgoogle.com/page/education\" target=\"_blank\"\u003Ehere.\u003C/a\u003E\u003Ca href=\"https://creatoracademy.withgoogle.com/page/education\" target=\"_blank\"\u003E\u003Cbr\u003E\u003C/a\u003E\u003C/div\u003E\u003Cdiv\u003E\u003Ca href=\"https://creatoracademy.withgoogle.com/page/education\" target=\"_blank\"\u003E\u003Cbr\u003E\u003C/a\u003E\u003C/div\u003E\u003Cdiv\u003E\u003Ca href=\"https://creatoracademy.withgoogle.com/page/education\" target=\"_blank\"\u003E\u003Cgcb-youtube videoid=\"https://youtu.be/B1IArwgjTBo\" instanceid=\"iia9y8fy9Hrc\"\u003E\u003C/gcb-youtube\u003E\u003Cbr\u003E\u003C/a\u003E\u003C/div\u003E\u003Cdiv\u003E\u003Cbr\u003E\u003C/div\u003E\u003Cdiv\u003E\u003Cbr\u003E\u003Ca href=\"https://creatoracademy.withgoogle.com/page/education\" target=\"_blank\"\u003E\u003C/a\u003E\n\u003C/div\u003E\u003C/div\u003E\n\u003C/div\u003E\u003C/div\u003E\n\u003C/div\u003E\u003C/div\u003E\n\u003C/div\u003E\u003C/div\u003E\n\u003C/div\u003E\u003C/div\u003E\n\u003C/div\u003E\u003C/div\u003E\n\u003C/div\u003E\u003C/div\u003E\n\u003C/div\u003E\u003C/div\u003E\n\u003C/div\u003E\u003C/div\u003E\u003Cp\u003E\u003C/p\u003E\n\u003C/div\u003E\u003C/div\u003E", "manual_progress": false, "unit_id": "1", "activity_title": "", "availability": "public", "video": "", "lesson_id": 3, "auto_index": true, "duration": "", "shown_when_unavailable": false, "notes": "", "properties": {"modules.skill_map.skill_list": [5629499534213120]}, "activity_listed": true}, {"scored": false, "title": "Find the right Audienece", "has_activity": false, "objectives": "\u003Cdiv class=\"lesson-card__text__title ng-binding ng-scope\"\u003E\u003Ch1\u003ETake your audience to the scene.\u003C/h1\u003E\u003C/div\u003E\n            \u003Cdiv class=\"lesson-card__text__body ng-binding ng-scope\"\u003E\u003Cdiv\u003E\u003Cp\u003EYou\n can connect viewers to breaking news and give your content a sense of \nurgency by communicating location and incorporating YouTube publishing \ninto your workflow. With a few tips, you can create timely stories that \nget discovered faster.\u003C/p\u003E\u003Cp\u003E\u003Cbr\u003E\u003C/p\u003E\u003Cp\u003E\u003Cimg class=\"lesson-card__media__content ng-scope\" src=\"https://storage.googleapis.com/gweb-newslab.appspot.com/upload/NL_YT_Metadata_1_F.jpg\"\u003E\u003C/p\u003E\u003Cp\u003E\u003Cbr\u003E\u003C/p\u003E\u003Cdiv class=\"lesson-card__text__title ng-binding ng-scope\"\u003E\u003Ch2\u003EUse metadata to reveal location\u003C/h2\u003E\u003C/div\u003E\n            \u003Cdiv class=\"lesson-card__text__body ng-binding ng-scope\"\u003E\u003Cdiv\u003E\u003Cp\u003EAs\n a journalist, you\u2019re probably accustomed to publishing breaking news \nand exclusive stories. To translate that success to YouTube, take a \nmoment to optimize your videos for discovery and search interest.\u003C/p\u003E\n\n\u003Cp\u003ETo enhance people\u2019s ability to discover your videos, specify where \nthey were shot through location metadata. When you\u2019re uploading a video,\n simply click on Advanced Settings and type in your location. A Google \nmap will pop up to pinpoint where your video was taken.\u003C/p\u003E\u003Cp\u003E\u003Cbr\u003E\u003C/p\u003E\u003Cp\u003E\u003Cgcb-youtube videoid=\"https://youtu.be/H1DyULRnkVY\" instanceid=\"UDAre5LWABbG\"\u003E\u003C/gcb-youtube\u003E\u003C/p\u003E\u003Cp\u003E\u003Cbr\u003E\u003C/p\u003E\u003Cdiv class=\"lesson-card__text__title ng-binding ng-scope\"\u003E\u003Ch2\u003EStay on top of your beat.\u003C/h2\u003E\u003C/div\u003E\n            \u003Cdiv class=\"lesson-card__text__body ng-binding ng-scope\"\u003E\u003Cdiv\u003E\u003Cp\u003EOnce you\u2019ve established an identity for your channel, you can work on becoming the \u201cgo-to\u201d source for news.\u003C/p\u003E\n\n\u003Cp\u003EIncorporate YouTube in your publishing workflow and aim to be the \nfirst video source for exclusive, trending or high-profile topics. Also,\n you might want to consider enabling embeds.\u003C/p\u003E\u003Cp\u003E\u003Cbr\u003E\u003C/p\u003E\u003Cp\u003E\u003Cgcb-youtube videoid=\"https://youtu.be/CHiAYQzHAOk\" instanceid=\"DZ6M7uKSfKJk\"\u003E\u003C/gcb-youtube\u003E\u003C/p\u003E\u003Cp\u003E\u003Cbr\u003E\u003C/p\u003E\u003Cdiv class=\"lesson-card__text__title ng-binding ng-scope\"\u003E\u003Ch2\u003EStand out from the rest.\u003C/h2\u003E\u003C/div\u003E\n            \u003Cp\u003EOffering\n the most visually-compelling, high-resolution thumbnails that look \ngreat across all devices can make a difference when viewers choose what \nto watch.\u003C/p\u003E\u003Cp\u003E\u003Cbr\u003E\u003C/p\u003E\u003Cp\u003E\u003Cimg class=\"lesson-card__media__content ng-scope\" src=\"https://storage.googleapis.com/gweb-newslab.appspot.com/upload/NL_YT_METADATA_4_F_1.jpg\"\u003E\u003C/p\u003E\u003Cp\u003E\u003Ch2\u003E\u003Cbr\u003E\u003C/h2\u003E\u003C/p\u003E\u003Cdiv class=\"lesson-card__text__title ng-binding ng-scope\"\u003E\u003Ch2\u003EIt\u2019s all in the details.\u003C/h2\u003E \u003C/div\u003E\n            \u003Cdiv class=\"lesson-card__text__body ng-binding ng-scope\"\u003E\u003Cdiv\u003E\u003Cp\u003EIncluding\n specific locations, dates, trending terms and other relevant keywords \nin your metadata (titles, descriptions and tags) can help viewers easily\n find your videos.\u003C/p\u003E\u003Cp\u003E\u003Cgcb-youtube videoid=\"https://youtu.be/jxsvKx-X5_g\" instanceid=\"gXbKvMc1QDxo\"\u003E\u003C/gcb-youtube\u003E\u003C/p\u003E\u003Cp\u003E\u003Cbr\u003E\u003C/p\u003E\u003Cdiv class=\"lesson-card__text__title ng-binding ng-scope\"\u003E\u003Ch1\u003ESee what\u2019s working.\u003C/h1\u003E \u003C/div\u003E\n            \u003Cdiv class=\"lesson-card__text__body ng-binding ng-scope\"\u003E\u003Cdiv\u003E\u003Cp\u003EHow\n do you know if your channel is doing well? YouTube Analytics gives you \nmeasurable data that reveals who your viewers are, how much they\u2019re \nwatching, and how engaging they find your videos.\u003C/p\u003E\n\n\u003Cp\u003EWhen you understand your audience, you can make stronger editorial \nchoices. Over time, this can help you reach more people, keep your \naudience happy, and grow your viewership.\u003C/p\u003E\u003Cp\u003E\u003Cbr\u003E\u003C/p\u003E\u003Cp\u003E\u003Cimg class=\"lesson-card__media__content ng-scope\" src=\"https://storage.googleapis.com/gweb-newslab.appspot.com/upload/NL_YT_Analytics_1_F.jpg\"\u003E\u003C/p\u003E\u003Cp\u003E\u003Cbr\u003E\u003C/p\u003E\u003Cdiv class=\"lesson-card__text__title ng-binding ng-scope\"\u003E\u003Ch2\u003EFind out who\u2019s watching.\u003C/h2\u003E\u003C/div\u003E\n            \u003Cp\u003EIn\n the Views reports of analytics, you\u2019ll find all kinds of helpful data \non how many views you have, how many minutes people watched and other \nstatistics that illuminate the \u201cwho, what, when and where\u201d of your \naudience.\u003C/p\u003E\n\n\u003Cp\u003EOur Views data is updated once a day, so the numbers displayed in these reports may differ from the public values.\u003C/p\u003E\u003Cp\u003E\u003Cbr\u003E\u003C/p\u003E\u003Cp\u003E\u003Cgcb-youtube videoid=\"https://youtu.be/mjw1oV5YnPQ\" instanceid=\"2WwRxnkF8Xmn\"\u003E\u003C/gcb-youtube\u003E\u003C/p\u003E\u003Cp\u003E\u003Cbr\u003E\u003C/p\u003E\u003Cdiv class=\"lesson-card__text__title ng-binding ng-scope\"\u003E\u003Ch2\u003ESee how engaging your videos are.\u003C/h2\u003E\u003C/div\u003E\n            \u003Cdiv class=\"lesson-card__text__body ng-binding ng-scope\"\u003E\u003Cdiv\u003E\u003Cp\u003EIn\n the Engagement section of YouTube Analytics, you can see when your \nviewers are subscribing, liking, commenting, and how effective your \nannotations are. This will help you figure out what\u2019s working and what\u2019s\n not. The more engaged your audience is, the more likely they are to \nwatch multiple videos and share with friends, which helps increase your \ntotal watch time.\u003C/p\u003E\u003Cp\u003E\u003Cbr\u003E\u003C/p\u003E\u003Cp\u003E\u003Cgcb-youtube videoid=\"https://youtu.be/tqzO8WQxK34\" instanceid=\"Sw6i6QmTTJDX\"\u003E\u003C/gcb-youtube\u003E\u003C/p\u003E\u003Cp\u003E\u003Ch2\u003E\u003Cbr\u003E\u003C/h2\u003E\u003C/p\u003E\u003Cdiv class=\"lesson-card__text__title ng-binding ng-scope\"\u003E\u003Ch2\u003EWhat you can learn from analytics.\u003C/h2\u003E\u003C/div\u003E\n            \u003Cdiv class=\"lesson-card__text__body ng-binding ng-scope\"\u003E\u003Cdiv\u003E\u003Cp\u003EWhat\n do your viewers watch from start to finish? What types of content do \nthey abandon midway? By looking for trends in your Views and Engagement \nreports, you can shed light onto what your audience likes and refine \nyour editorial strategy.\u003C/p\u003E\n\n\u003Cp\u003ELet\u2019s say you notice sharp declines in your audience retention report\n in the first 10-15 seconds. Many viewers decide whether they\u2019ll keep \nwatching a video within the first few seconds. How strong are your story\n hooks? Can you improve them? Or, consider recrafting your titles and \nthumbnails to more accurately depict the video\u2019s actual content -- \nbecause people frequently drop off when a video isn\u2019t what they \nexpected.\u003C/p\u003E\n\n\u003Cp\u003EVideos that keep viewers watching to the end are more likely to \nbubble up in search results and suggested video placements on YouTube. \nSo, take the time to understand how audiences are watching and engaging \nwith specific videos; that knowledge can empower you to confidently \ncreate more of what your audience likes watching most.\u003C/p\u003E\u003Cp\u003E\u003Cbr\u003E\u003C/p\u003E\u003Cp\u003E\u003Cgcb-youtube videoid=\"https://youtu.be/suyuiMIPKjA\" instanceid=\"pwJyKC7PL0fs\"\u003E\u003C/gcb-youtube\u003E\u003C/p\u003E\u003Cp\u003E\u003Cbr\u003E\u003C/p\u003E\u003Cp\u003E\u003Cbr\u003E\u003C/p\u003E\n\u003C/div\u003E\u003C/div\u003E\n            \n            \n            \n            \n            \n        \n        \u003Cdiv class=\"lesson-card__text__buttons ng-scope\"\u003E\n            \u003C/div\u003E\n            \n            \n            \n            \u003Cdiv class=\"lesson-card__text__buttons ng-scope\"\u003E\n        \u003C/div\u003E\n\u003C/div\u003E\u003C/div\u003E\n\u003C/div\u003E\u003C/div\u003E\n\u003C/div\u003E\u003C/div\u003E\n\u003C/div\u003E\u003C/div\u003E\n\u003C/div\u003E\u003C/div\u003E\u003C/div\u003E\u003C/div\u003E", "manual_progress": false, "unit_id": "1", "activity_title": "", "availability": "public", "video": "", "lesson_id": 4, "auto_index": true, "duration": "", "shown_when_unavailable": false, "notes": "", "properties": {"modules.skill_map.skill_list": [5629499534213120]}, "activity_listed": true}, {"scored": false, "title": "Share your Story as it happens", "has_activity": false, "objectives": "\u003Cdiv class=\"lesson-card__text__title ng-binding ng-scope\"\u003E\u003Ch1\u003EShare your story as it happens.\u003C/h1\u003E\u003C/div\u003E\n            \u003Cp\u003EIf\n you\u2019re covering breaking news or an exclusive story, broadcasting live \non YouTube is a powerful way to get your story out to a large audience \nin a short time. Once you\u2019ve set up a &nbsp;verified YouTube channel, you can\n host or simulcast live streams on YouTube Live, a free live streaming \nfeature. Getting started is easy.\u003C/p\u003E\u003Cp\u003E\u003Cimg class=\"lesson-card__media__content ng-scope\" src=\"https://storage.googleapis.com/gweb-newslab.appspot.com/upload/NL_YT_Live_1_F.jpg\"\u003E\u003C/p\u003E\u003Cp\u003E\u003Ch2\u003E\u003Cbr\u003E\u003C/h2\u003E\u003C/p\u003E\u003Cdiv class=\"lesson-card__text__title ng-binding ng-scope\"\u003E\u003Ch2\u003ESetting up and verifying your channel.\u003C/h2\u003E\u003C/div\u003E\n            \u003Cp\u003ETo\n broadcast live, you need a verified YouTube channel. If this is your \nfirst time creating a channel just sign in to YouTube and go to Settings\n and click Create a new channel. Check the details, click OK to create \nyour new channel and follow the instructions.\u003C/p\u003E\n\n\u003Cp\u003ETo verify your channel, go to \u003Ca href=\"http://www.youtube.com/verify\" target=\"_blank\"\u003E\u003Cu\u003Eyoutube.com/verify\u003C/u\u003E\u003C/a\u003E.\n You'll be asked to provide a phone number for account verification, so \nyou can receive a verification code via voice call or SMS. Once you\u2019ve \ncompleted the verification process, you\u2019re ready to set up live events.\u003C/p\u003E\u003Cp\u003E\u003Cbr\u003E\u003C/p\u003E\u003Cp\u003E\u003Cgcb-youtube videoid=\"https://youtu.be/tQDwxeFvwts\" instanceid=\"7y4D3l6DIHAI\"\u003E\u003C/gcb-youtube\u003E\u003C/p\u003E\u003Cp\u003E\u003Cbr\u003E\u003C/p\u003E\u003Cdiv class=\"lesson-card__text__title ng-binding ng-scope\"\u003E\u003Ch2\u003ECreate your live event.\u003C/h2\u003E\u003C/div\u003E\n            \u003Cp\u003EStart by enabling live events from your \u003Ca href=\"http://www.youtube.com/features\" target=\"_blank\"\u003E\u003Cu\u003EAccount Features\u003C/u\u003E\u003C/a\u003E page. Once enabled, you can create a live event by going to the Video Manager on your YouTube channel and clicking on \u003Ca href=\"http://www.youtube.com/my_live_events\" target=\"_blank\"\u003E\u003Cu\u003ELive Events.\u003C/u\u003E\u003C/a\u003E\n Near the top right of the window, click the \u201cCreate live event\u201d button \nso that you can enter basic information about your event.\u003C/p\u003E\n\n\u003Cp\u003EPromote your video to your audience by writing a title and \ndescription that clearly spells out what your broadcast is about. Don\u2019t \nforget to add relevant tags to help people search for your event.\u003C/p\u003E\n\n\u003Cp\u003EOnce you\u2019ve done that, set the approximate start and end times of \nyour event so people know when to watch. Don\u2019t worry if your event runs \nlong, these times are just to give an idea of how long your event will \nbe.\u003C/p\u003E\u003Cp\u003E\u003Cbr\u003E\u003C/p\u003E\u003Cp\u003E\u003Cgcb-youtube videoid=\"https://youtu.be/-0LiQ0xM3s4\" instanceid=\"bu6uUfQvdWsU\"\u003E\u003C/gcb-youtube\u003E\u003C/p\u003E\u003Cp\u003E\u003Cbr\u003E\u003C/p\u003E\u003Cdiv class=\"lesson-card__text__title ng-binding ng-scope\"\u003E\u003Ch2\u003EMake it public. Or not.\u003C/h2\u003E\u003C/div\u003E\n            If\n you\u2019re ready to broadcast your event on your channel and have it appear\n in search results, go to the the private settings dropdown menu and set\n it to \u201cpublic.\u201d If you\u2019re not ready to have your event seen by others \nor are setting up a test event, make sure to select the \u201cunlisted\u201d or \n\u201cprivate\u201d setting in the dropdown menu. Unlisted videos don\u2019t show up on\n YouTube but anyone who has the link can see them. Private videos can \nonly be seen by you and the users you select.\u003Cbr\u003E\u003Cbr\u003E\u003Cimg class=\"lesson-card__media__content ng-scope\" src=\"https://storage.googleapis.com/gweb-newslab.appspot.com/upload/NL_YT_Live_4_F_LR1.jpg\"\u003E\u003Cbr\u003E\u003Ch2\u003E\u003Cbr\u003E\u003C/h2\u003E\u003Cdiv class=\"lesson-card__text__title ng-binding ng-scope\"\u003E\u003Ch2\u003EChoose how you broadcast.\u003C/h2\u003E\u003C/div\u003E\n            \u003Cdiv class=\"lesson-card__text__body ng-binding ng-scope\"\u003E\u003Cdiv\u003E\u003Cp\u003EThere are two ways of streaming your video. If you want to use the webcam on your computer to live stream an event using \u003Ca href=\"https://support.google.com/plus/answer/2553119?hl=en&amp;ref_topic=2553242\" target=\"_blank\"\u003E\u003Cu\u003EHangouts on Air\u003C/u\u003E\u003C/a\u003E,\n select \u201cQuick\u201d. If you want more encoding options, select \u201cCustom\u201d to \nlive stream a YouTube event using custom encoders and controls.\u003C/p\u003E\n\n\u003Cp\u003ETo start broadcasting click Go live now.\u003C/p\u003E\u003Cp\u003E\u003Cbr\u003E\u003C/p\u003E\u003Cp\u003E\u003Cgcb-youtube videoid=\"https://youtu.be/wxOQkCPyY9Y\" instanceid=\"GMVB2XVbZ7ZZ\"\u003E\u003C/gcb-youtube\u003E\u003C/p\u003E\u003Cp\u003E\u003Ch2\u003E\u003Cbr\u003E\u003C/h2\u003E\u003C/p\u003E\u003Cdiv class=\"lesson-card__text__title ng-binding ng-scope\"\u003E\u003Ch2\u003EDial it in with Advanced Settings.\u003C/h2\u003E\u003C/div\u003E\n            \u003Cdiv class=\"lesson-card__text__body ng-binding ng-scope\"\u003E\u003Cdiv\u003E\u003Cp\u003EIf\n you\u2019re looking for even greater control, the Advanced Settings tab \nallows you to further refine your event broadcast so it\u2019s exactly what \nyou want it to be:\u003C/p\u003E\n\n\u003Cp\u003EEnable live chat and responses to your event.\u003C/p\u003E\n\n\u003Cp\u003EEnable embedding if you want people to be able to embed your live event on other sites.\u003C/p\u003E\n\n\u003Cp\u003ESet syndication preferences.\u003C/p\u003E\n\n\u003Cp\u003EApply age restrictions.\u003C/p\u003E\n\n\u003Cp\u003EYou can enable or disable DVR recording functionality.\u003C/p\u003E\n\n\u003Cp\u003EAdd a 30 or 60 second broadcast delay if you\u2019re planning on using YouTube\u2019s live ad insertion tool.\u003C/p\u003E\n\n\u003Cp\u003EPromote your event across all your channels videos by clicking the Featured Content option.\u003C/p\u003E\u003Cp\u003E\u003Cbr\u003E\u003C/p\u003E\u003Cp\u003E\u003Cimg class=\"lesson-card__media__content ng-scope\" src=\"https://storage.googleapis.com/gweb-newslab.appspot.com/upload/NL_YT_Live_6_F.jpg\"\u003E\u003C/p\u003E\u003Cp\u003E\u003Cbr\u003E\u003C/p\u003E\u003Cdiv class=\"lesson-card__text__title ng-binding ng-scope\"\u003E\u003Ch2\u003EEstablish rights, usage and monetization.\u003C/h2\u003E\u003C/div\u003E\n            \u003Cdiv class=\"lesson-card__text__body ng-binding ng-scope\"\u003E\u003Cdiv\u003E\u003Cp\u003EIt\u2019s\n essential that you establish your rights to your video. Make sure you \nhave all the necessary rights to all the content in your video and then \nset the usage policy. &nbsp;\u003C/p\u003E\n\n\u003Cp\u003ETo monetize your video, click the Monetization tab. Enable ads on player load and when \u003Ca href=\"https://support.google.com/youtube/bin/answer.py?hl=en&amp;answer=2993092&amp;topic=2853713&amp;ctx=topic\" target=\"_blank\"\u003E\u003Cu\u003Emid-roll ad cues\u003C/u\u003E\u003C/a\u003E are inserted. &nbsp;Please note, &nbsp;\u003Ca href=\"http://support.google.com/youtube/bin/answer.py?&amp;answer=188038\" target=\"_blank\"\u003E\u003Cu\u003Estandard in-stream\u003C/u\u003E\u003C/a\u003E ads are available for pre-roll and mid-roll. &nbsp;Skippable \u003Ca href=\"https://support.google.com/youtube/answer/1205675\" target=\"_blank\"\u003E\u003Cu\u003ETrueView\u003C/u\u003E\u003C/a\u003E ads run on pre-roll only. &nbsp;&nbsp;\u003C/p\u003E\n\n\u003Cp\u003EOnce you\u2019ve entered your basic information and configured your \nsettings and options, click the blue \u201cGo live now\u201d button to save your \nsettings.\u003C/p\u003E\u003Cp\u003E\u003Cbr\u003E\u003C/p\u003E\u003Cp\u003E\u003Cgcb-youtube videoid=\"https://youtu.be/KncAFdu_Aok\" instanceid=\"xc4QcTYcPgnZ\"\u003E\u003C/gcb-youtube\u003E\u003C/p\u003E\u003Cp\u003E\u003Cbr\u003E\u003C/p\u003E\u003Cdiv class=\"lesson-card__text__title ng-binding ng-scope\"\u003E\u003Ch2\u003EMore help if you need it.\u003C/h2\u003E\u003C/div\u003E\n            \u003Cp\u003EIf you\u2019re looking for more tips to set up your live event, take a look at the \u003Ca href=\"https://support.google.com/youtube/answer/2474026?ref_topic=2853712\" target=\"_blank\"\u003E\u003Cu\u003EHelp Center\u003C/u\u003E\u003C/a\u003E on this topic or the \u003Ca href=\"https://productforums.google.com/forum/#%21categories/youtube/youtube-live\" target=\"_blank\"\u003E\u003Cu\u003EYouTube Live forum\u003C/u\u003E\u003C/a\u003E. You can also learn how to configure ingestion settings by watching this \u003Ca href=\"https://www.youtube.com/watch?v=XrZ8HJF_gig&amp;feature=iv&amp;src_vid=L1Ppbri2sV4&amp;annotation_id=annotation_595581035\" target=\"_blank\"\u003E\u003Cu\u003Evideo\u003C/u\u003E\u003C/a\u003E.\u003C/p\u003E\u003Cp\u003E\u003Cbr\u003E\u003C/p\u003E\u003Cp\u003E\u003Cgcb-youtube videoid=\"https://youtu.be/zcBPkNPK_9U\" instanceid=\"54Mr0cbs6v0B\"\u003E\u003C/gcb-youtube\u003E\u003C/p\u003E\n\u003C/div\u003E\u003C/div\u003E\n\u003C/div\u003E\u003C/div\u003E\n            \n            \n            \n            \n            \n        \n        \u003Cdiv class=\"lesson-card__text__buttons ng-scope\"\u003E\n            \u003C/div\u003E\n            \n            \n            \u003Cdiv class=\"lesson-card__text__buttons ng-scope\"\u003E\n            \n        \u003C/div\u003E\n\u003C/div\u003E\u003C/div\u003E", "manual_progress": false, "unit_id": "1", "activity_title": "", "availability": "public", "video": "", "lesson_id": 5, "auto_index": true, "duration": "", "shown_when_unavailable": false, "notes": "", "properties": {"modules.skill_map.skill_list": [5629499534213120]}, "activity_listed": true}], "next_id": 7, "version": "1.3"}